disposition,pl_orbper,pl_rade,pl_masse,pl_orbeccen,pl_insol,pl_eqt,pl_orbincl,st_teff,st_rad,st_mass,st_logg,st_met,planet_density,surface_gravity,escape_velocity,discoverymethod,discoverymethod_encoded,disposition_encoded,ra,dec
CONFIRMED,3.6640789581989446,-0.2272006054058325,0.0,-0.1075083535203745,78.0,805.0,89.52554,0.7054836778504047,-0.0283315670015317,0.2973283361347629,-0.4725395005910856,-0.06,0.2192143731662597,2.1628787422948736,2.257113272576909,Transit,1,1,53.6511231,20.5990205
CANDIDATE,-0.8199793445614374,-1.092372130066132,0.0,-0.1075083535203745,78.0,1054.0,88.7,-0.6086084919515712,-0.1383698066659435,-0.4230487554428985,0.2648745493478661,-0.03,2.0391002070242146,9.566326530612244,3.2732683535398857,Transit,1,0,183.8462454,-6.2683289
CANDIDATE,-0.819918095043594,-0.9575055815213436,0.0,-0.1075083535203745,78.0,805.0,87.44384,-0.4834499453321139,-0.1677142849336228,0.0390058998294608,0.0918439804515465,-0.06,1.2667989525920134,6.965056097336659,3.0236148258204607,Transit,1,0,183.8462454,-6.2683289
CANDIDATE,-0.9460168719098014,1.0575076988455363,0.0,-0.1075083535203745,78.0,805.0,88.7,-1.4522554714452345,-0.2478860584013975,0.0390058998294608,0.0495152193733475,,0.0389448977420493,0.6835231059289931,1.6923243819795548,Transit,1,0,175.9385954,-5.8733592
CANDIDATE,-0.3785911834846335,4.3138403387280295,0.0,-0.1075083535203745,78.0,772.0,88.7,-0.484320781760081,-0.0889970268495893,-0.3429592818623562,-0.1041381833405067,0.213,0.0041470172484707,0.1535595094285538,1.165103456070926,Transit,1,0,181.3718091,-5.8482738
CANDIDATE,-0.9481638838189164,-1.274446643263863,0.0,-0.1075083535203745,78.0,805.0,88.7,0.2011242466529375,-0.3962943911443258,0.0390058998294608,0.0495152193733475,,4.503988604233144,16.224986479177936,3.735436838188142,Transit,1,0,173.902664,-5.364612
CANDIDATE,0.1357374117688354,-0.8612775556228583,0.0,-0.1075083535203745,78.0,805.0,88.7,0.2011242466529375,-0.2376510009708507,0.0390058998294608,0.0495152193733475,,0.9396987086486914,5.707491082045184,2.876779808912305,Transit,1,0,173.0432884,-5.2471672
CANDIDATE,-0.7732953719093227,1.1625506872288422,0.0,-0.1075083535203745,78.0,2336.0,88.7,1.5509207100015547,1.2290611595415877,1.2711516472224191,-4.405069532582635,,0.0350447888958543,0.637091465098006,1.6628219864210798,Transit,1,0,181.5936878,-4.9467043
CANDIDATE,0.9792149958846352,-0.406195559307398,0.0,-0.1075083535203745,78.0,805.0,88.94517,1.3223261476602566,0.1243771957051312,0.0390058998294608,-0.7547312411123996,0.14,0.3094048726374525,2.721474404515273,2.3905419819601064,Transit,1,0,181.1211419,-4.8991358
CONFIRMED,-0.3080255912079906,-1.143493051079341,0.0,-2.213638382654695,78.0,805.0,89.0025,-1.780028626971646,-0.4116469772901459,-1.7876501706806,2.4387386224538217,-0.048,2.4960460399294484,10.946817623281694,3.385456845327663,Transit,1,1,170.1408561,-4.8070039
CANDIDATE,0.615690113596139,0.6093242817434292,0.0,-0.1075083535203745,78.0,805.0,88.7,-1.083359484598166,-0.202396914265634,0.0390058998294608,0.0495152193733475,,0.0640335496959661,0.9521920253917874,1.8385542391076868,Transit,1,0,177.0948891,-4.1644059
CANDIDATE,0.6158630467143621,0.3922354390845965,0.0,-0.1075083535203745,78.0,805.0,88.7,0.2011242466529375,-0.2041027571707251,0.0390058998294608,0.0495152193733475,,0.0842282167627179,1.1431184270690442,1.9245008972987525,Transit,1,0,177.0948891,-4.1644059
CANDIDATE,-1.0167968454681642,0.4692669638990211,0.0,-0.1075083535203745,78.0,805.0,88.7,-1.874369240001388,-0.3274920606389835,0.0390058998294608,0.0495152193733475,,0.0762005692363519,1.0692804633548674,1.8926408936295356,Transit,1,0,174.1207146,-3.4828286
CONFIRMED,2.1245251946781387,-0.5671571881496007,0.0,-0.1075083535203745,78.0,805.0,88.7,0.2011242466529375,-0.0812820680041638,-1.4087653533572653,0.0495152193733475,,0.4380945163583568,3.431610855329005,2.5332019855244945,Transit,1,1,179.7058532,-3.3894613
CONFIRMED,2.124980581427903,-0.3360626137063268,0.0,-0.1075083535203745,78.0,805.0,88.7,0.2011242466529375,-0.3593344615340179,0.0390058998294608,0.0495152193733475,,0.2690447948585758,2.4793388429752063,2.335496832484569,Transit,1,1,179.7058532,-3.3894613
CANDIDATE,-0.1821714936424318,-0.4341027361974128,0.0,-0.1075083535203745,78.0,805.0,88.7,0.2011242466529375,-0.3593344615340179,0.0390058998294608,0.0495152193733475,,0.3277109671095933,2.827787727401263,2.413553960127389,Transit,1,0,179.7058532,-3.3894613
CANDIDATE,-0.1818537930764585,0.2381723894557472,0.0,-0.1075083535203745,78.0,805.0,88.7,-1.6300512421551328,-0.2763167734862496,0.0390058998294608,0.0495152193733475,,0.1040092124333934,1.3157317661506074,1.993366482555286,Transit,1,0,179.7058532,-3.3894613
CANDIDATE,-0.9587434970974592,-0.7842460308084337,0.0,-0.1075083535203745,78.0,805.0,88.7,-1.5054732531543196,-0.2535722014183679,0.0390058998294608,0.0495152193733475,,0.7546035459902487,4.930966469428007,2.773500981126145,Transit,1,0,173.2627978,-3.3887192
CANDIDATE,-0.9789292433995732,-0.7772431649162133,0.0,-0.1075083535203745,78.0,805.0,88.7,0.2011242466529375,-0.2444743725912152,0.0390058998294608,0.0495152193733475,,0.7402760168444233,4.868351657268043,2.7646540655045486,Transit,1,0,173.0528796,-3.370321
CANDIDATE,-0.9789443793166686,-0.8122574943773153,0.0,-0.1075083535203745,78.0,805.0,88.7,-1.705039934563389,-0.2876890595201905,0.0390058998294608,0.0495152193733475,,0.8157589981155338,5.193905817174516,2.809757434745082,Transit,1,0,173.0528796,-3.370321
CANDIDATE,-0.7684884346101643,1.5337025795165249,0.0,-0.1075083535203745,78.0,805.0,88.7,-1.5550625497468764,-0.2592583444353383,0.0390058998294608,0.0495152193733475,,0.0248030879413898,0.5059683179504909,1.5697342795578146,Transit,1,0,177.9464521,-3.2460183
CANDIDATE,-0.7684773800968137,4.005714239470332,0.0,-0.1075083535203745,78.0,805.0,88.7,0.2011242466529375,-0.0659294818583436,0.0390058998294608,0.0495152193733475,,0.0048334227129462,0.1700680272108843,1.1952286093343936,Transit,1,0,177.9464521,-3.2460183
CANDIDATE,-0.7685115341030461,0.7703901972644989,0.0,-0.1075083535203745,78.0,805.0,88.7,-1.453464966484077,-0.3240803748288013,0.0390058998294608,1.7191496841244682,,0.0530416758622363,0.8398421096833796,1.781741612749496,Transit,1,0,177.9464521,-3.2460183
CANDIDATE,0.1138549399757736,-0.6511915788562458,0.0,-0.1075083535203745,78.0,805.0,88.7,0.2011242466529375,-0.0727528534787081,0.0390058998294608,0.0495152193733475,,0.5345378846701558,3.918367346938776,2.6186146828319083,Transit,1,0,178.6905819,-3.0828192
CANDIDATE,-0.8902935633522101,1.981885996618631,0.0,-0.1075083535203745,78.0,805.0,88.7,0.2011242466529375,-0.3269234463372864,0.0390058998294608,0.0495152193733475,,0.0171252862780414,0.395255615100082,1.4757569038298457,Transit,1,0,170.382257,-3.0610326
CANDIDATE,-1.0578766500383765,-1.5132443701885792,0.0,-0.1075083535203745,78.0,805.0,88.7,0.2011242466529375,-0.465096721649668,0.0390058998294608,0.0495152193733475,,20.49229330119759,44.54987915845278,4.80847036834345,Transit,1,0,169.5971097,-2.9913978
CANDIDATE,-1.0578769130242245,-1.141392191311675,0.0,-0.1075083535203745,78.0,805.0,88.7,-1.9977377339633584,-0.3616089187408061,0.0390058998294608,0.0495152193733475,,2.4747124290284988,10.884353741496598,3.3806170189140663,Transit,1,0,169.5971097,-2.9913978
CANDIDATE,-1.0578774811191949,-1.3374724362938466,0.0,-0.1075083535203745,78.0,805.0,83.3,-2.2021423955278,-0.4241564919274808,0.0390058998294608,2.941980559716836,0.155,6.275097256176697,20.23950075898128,3.947710169758614,Transit,1,0,169.5971097,-2.9913978
CANDIDATE,-0.9024004413274448,3.4104706386315966,0.0,-0.1075083535203745,78.0,805.0,88.7,-0.3733858967974148,-0.1569077701298705,0.0390058998294608,0.0495152193733475,,0.0066565895957371,0.2105170825840972,1.2607156592626008,Transit,1,0,170.1325248,-2.9026339
CANDIDATE,-0.9024173828530028,-0.0559479780175102,0.0,-0.1075083535203745,78.0,805.0,88.7,0.0523563568752673,0.0852366302478153,0.0082022561446368,-1.0755832500851366,,0.1629943659338937,1.7751479289940826,2.1483446221182985,Transit,1,0,170.1325248,-2.9026339
CANDIDATE,-0.9024173828530028,-0.0559479780175102,0.0,-0.1075083535203745,78.0,805.0,88.7,2.6769605911642453,0.8879323815244803,2.441690107245729,-3.016262881606979,,0.1629943659338937,1.7751479289940826,2.1483446221182985,Transit,1,0,170.133417,-2.8982132
CANDIDATE,0.399258339188846,-0.1749966981852572,0.0,-0.1075083535203745,78.0,713.0,88.7,0.2749034440223512,-0.071489961114639,0.1622204745687567,0.1514334696582975,,0.1996520693634794,2.0322105370116343,2.2222222222222223,Transit,1,0,183.3092954,-2.844186
CANDIDATE,3.5517598587790875,-0.0559479780175102,0.0,-0.1075083535203745,78.0,805.0,88.7,-1.64577467766009,-0.2462416258408896,-0.9301167752318912,0.911469890795708,,0.1629943659338937,1.7751479289940826,2.1483446221182985,Transit,1,0,178.420349,-2.5717754
CANDIDATE,1.332054228089906,4.5030153307656535,0.0,-0.1075083535203745,78.0,805.0,83.49032,0.0414709015256817,0.4297441144456063,0.0390058998294608,-2.6830414680080583,-0.26,0.0037889386287867,0.1445876509931263,1.1476992875400998,Transit,1,0,182.2046312,-2.4646145
FALSE POSITIVE,-0.7952172346562392,0.8614274538633645,0.0,-0.1075083535203745,78.0,805.0,88.7,1.406990800379256,0.2524945270920005,0.0390058998294608,-1.460210592415691,,0.0479250268162219,0.7849242221073907,1.7518714874213512,Transit,1,2,171.2359519,-2.0851597
FALSE POSITIVE,-0.7952092767727871,3.485604386789229,0.0,-0.1075083535203745,219.344,805.0,88.7,1.5243118191470122,0.4287649606180839,0.0390058998294608,0.0495152193733475,,0.0063806856785242,0.2046590979839309,1.251852253423452,Transit,1,2,171.2359519,-2.0851597
FALSE POSITIVE,-0.7952760011778295,-0.0559479780175102,0.0,-0.1075083535203745,78.0,805.0,88.7,1.5243118191470122,0.4303400222337847,0.0390058998294608,0.0495152193733475,-0.67,0.1629943659338937,1.7751479289940826,2.1483446221182985,Transit,1,2,171.2359519,-2.0851597
FALSE POSITIVE,-0.7952088327707061,3.718596737889295,0.0,-0.1075083535203745,78.0,805.0,88.7,2.418128652851876,0.4060203885502022,0.0390058998294608,0.0495152193733475,,0.0056163258745458,0.187969630373386,1.2255110553085002,Transit,1,2,171.2359519,-2.0851597
CANDIDATE,0.4416467624771189,0.1351555122495736,0.0,-0.1075083535203745,78.0,805.0,89.24743,0.1164595939339382,-0.108441930124723,0.0390058998294608,1.0324831155226002,0.16,0.1208187019462883,1.453925873576866,2.043764625082495,Transit,1,0,184.0351247,-1.6737612
CANDIDATE,0.4416685071944201,0.014080680904694,0.0,-0.1075083535203745,78.0,608.0,88.7,-0.0072596535892965,-0.1968642971101217,-0.0226013875401871,1.1915922252198687,0.192,0.1455463585659765,1.6460905349794237,2.1081851067789192,Transit,1,0,184.0351247,-1.6737612
CANDIDATE,0.2721826666670436,-0.0559479780175102,0.0,-0.1075083535203745,78.0,805.0,88.7,-0.0964115329024028,-0.1853384852147226,0.0390058998294608,0.0495152193733475,,0.1629943659338937,1.7751479289940826,2.1483446221182985,Transit,1,0,185.1812113,-1.5883337
CANDIDATE,-0.2346400164834307,0.0350892785813551,0.0,-0.1075083535203745,78.0,805.0,88.7,0.2011242466529375,-0.1603194559400528,0.0390058998294608,0.0495152193733475,,0.1408006616424954,1.6101115002213904,2.096569673443837,Transit,1,0,168.7367646,-1.4622181
CANDIDATE,-0.7817075036443487,0.1611408646413227,0.0,-0.1075083535203745,78.0,1313.0,88.7,-1.0344112203761957,-0.0812820680041638,0.0390058998294608,0.0495152193733475,0.0784,0.1162555432171181,1.4170829347787577,2.030692330267238,Transit,1,0,184.5853275,-1.0989451
CANDIDATE,2.045427931644657,0.4762698297912414,0.0,-0.1075083535203745,78.0,480.0,88.7,-0.2088582866636226,-0.1456133842552622,-0.1766196059643067,0.5461256507341112,-0.2022,0.0755222298897857,1.0629251700680271,1.889822365046136,Transit,1,0,183.188479,-1.0748315
CONFIRMED,-0.999961849670887,-0.8262632261617562,0.0,-0.1075083535203745,78.0,805.0,88.5,0.6208190251314054,-0.0374987667734915,0.0390058998294608,-0.3784755870839782,-0.053,0.8488263631567753,5.333333333333333,2.8284271247461903,Transit,1,1,184.6021322,-0.5512886
CANDIDATE,-0.5765056803329374,-0.9523148122217236,0.0,-0.1075083535203745,78.0,805.0,88.7,0.2011242466529375,0.0267546493182743,0.0390058998294608,0.0495152193733475,,1.2455777539748882,6.887052341597795,3.015113445777636,Transit,1,0,173.6002346,-0.3345702
CANDIDATE,-0.5763688252299644,-1.05735780060503,0.0,-0.1075083535203745,78.0,805.0,88.7,0.5168024517909205,-0.0602433388413732,0.0390058998294608,0.0495152193733475,,1.7886898867917012,8.76616261231646,3.2025630761017427,Transit,1,0,173.6002346,-0.3345702
CANDIDATE,-0.5764125537426105,-1.0894134332324008,0.0,-0.1075083535203745,78.0,805.0,87.00105,0.3994814330231644,-0.0978560376700292,0.0390058998294608,0.2799718074657572,-0.13,2.016196905328279,9.49455870501401,3.2671118851752228,Transit,1,0,173.6002346,-0.3345702
CANDIDATE,0.1934815901058569,-0.3500683454907677,0.0,-0.1075083535203745,78.0,805.0,88.7,0.2011242466529375,0.0534795214980354,0.0390058998294608,0.0495152193733475,,0.2765178401076458,2.52503997979968,2.346185661017325,Transit,1,0,170.6512345,-0.2798534
CANDIDATE,-0.1704788696087892,-0.2072098812894713,0.0,-0.1075083535203745,78.0,805.0,88.7,0.3426351661975506,-0.0909485111330135,0.1129346446730383,0.2705654161150477,-0.047,0.2114335411487014,2.1113913787667222,2.2435590134827894,Transit,1,0,185.6973984,-0.1218824
CONFIRMED,-0.839343527628301,-1.392094790253166,0.0,-0.1075083535203745,78.0,805.0,88.7,0.2011242466529375,-0.0812820680041638,-0.2690305370187786,0.0495152193733475,,8.645186236442736,25.059307026629693,4.164257492330145,Transit,1,1,168.9366786,0.4880606
CANDIDATE,0.4933542202125737,-0.504131395119617,0.0,-0.1075083535203745,78.0,805.0,88.7,-0.7072065275180406,-0.1739661991807818,0.0390058998294608,0.0495152193733475,,0.3804735080161801,3.123698458975427,2.4743582965269675,Transit,1,0,168.9366786,0.4880606
CANDIDATE,0.4935347810588553,-0.973323409898385,0.0,-0.1075083535203745,78.0,805.0,88.7,0.2011242466529375,-0.2569838872285501,0.0390058998294608,0.0495152193733475,,1.3345151419950052,7.211105101856859,3.049971406652093,Transit,1,0,168.9366786,0.4880606
CANDIDATE,-0.1940502570100405,-0.9173004827606216,0.0,-0.1075083535203745,78.0,805.0,88.7,0.2011242466529375,-0.2569838872285501,0.0390058998294608,0.0495152193733475,,1.1141173443141084,6.393521231818423,2.9595817420019404,Transit,1,0,168.9366786,0.4880606
CANDIDATE,-0.1941266936759884,-0.7772431649162133,0.0,-0.1075083535203745,78.0,805.0,88.7,-0.7072065275180406,-0.1739661991807818,0.0390058998294608,0.0495152193733475,,0.7402760168444233,4.868351657268043,2.7646540655045486,Transit,1,0,168.9366786,0.4880606
CANDIDATE,-0.6399683777801274,-1.1343893254194546,0.0,-0.1075083535203745,162.0,805.0,88.7,0.2011242466529375,-0.2569838872285501,0.0390058998294608,0.0495152193733475,,2.4053320657775514,10.679957280170878,3.3646329245522657,Transit,1,0,168.9366786,0.4880606
CANDIDATE,-0.8164195635691902,1.9608773989419703,0.0,-0.1075083535203745,78.0,805.0,88.7,-1.6856880139419037,-0.2876890595201905,0.0390058998294608,0.0495152193733475,,0.0174080835049079,0.3995950769886514,1.4797908710009702,Transit,1,0,173.5625041,0.7138555
CANDIDATE,-0.8164387125820178,0.3642239755157149,0.0,-0.1075083535203745,78.0,805.0,88.7,-1.9493579324096444,-0.4446266067885744,0.0390058998294608,2.735039950001206,,0.0874264213761632,1.1718749999999998,1.9364916731037085,Transit,1,0,173.5625041,0.7138555
CANDIDATE,-0.8164167401713416,0.1891523282102044,0.0,-0.1075083535203745,78.0,805.0,88.7,0.2011242466529375,-0.4446266067885744,0.0390058998294608,0.0495152193733475,,0.11159033691484,1.3789141051422005,2.016877936358443,Transit,1,0,173.5625041,0.7138555
CANDIDATE,1.218499102015301,-0.3920855408440902,0.0,-0.1075083535203745,78.0,805.0,88.7,0.2011242466529375,-0.1384846667548863,0.0390058998294608,0.0495152193733475,,0.3006665082221939,2.66998932004272,2.3791547571544323,Transit,1,0,171.2596557,0.7613692
CANDIDATE,3.0972654461814857,-0.0559479780175102,0.0,-0.1075083535203745,78.0,805.0,82.6,-0.0611910373712992,2.46367064824431,0.0390058998294608,0.0495152193733475,-0.612,0.1629943659338937,1.7751479289940826,2.1483446221182985,Transit,1,0,174.3144865,0.782986
CANDIDATE,3.1032352249308373,0.5322927569290048,0.0,-0.1075083535203745,78.0,805.0,88.7,-0.2270369970974303,-0.1455354840959297,0.0390058998294608,0.0495152193733475,,0.0703748219411428,1.014061654948621,1.867718419094071,Transit,1,0,174.3144865,0.782986
CANDIDATE,1.1454663381751211,2.613544500096913,0.0,-0.1075083535203745,78.0,805.0,88.7,-0.7664717844213401,-0.0863995967194372,1.0031599471644508,0.8067297231055472,-0.122,0.010867060770024,0.2918731993855875,1.3680244714406196,Transit,1,0,163.715838,0.848677
CANDIDATE,-0.3535118967082243,-0.840268957946197,0.0,-0.1075083535203745,78.0,805.0,88.7,0.2011242466529375,-0.1736250305997636,0.0390058998294608,0.0495152193733475,,0.8837053628530506,5.47845142439737,2.847473987257497,Transit,1,0,172.804304,0.9586366
CANDIDATE,-0.3535141964113106,-0.5811629199340416,0.0,-0.1075083535203745,78.0,805.0,88.7,0.1092026237008811,-0.1171047690110775,0.0390058998294608,0.0495152193733475,,0.4524571457807618,3.5062089116143165,2.5468581598680533,Transit,1,0,172.804304,0.9586366
CANDIDATE,-0.7720610415702184,-0.0559479780175102,0.0,-0.1075083535203745,78.0,805.0,88.7,3.48611277215011,1.0541042250524242,3.273388486735976,-3.14879893573849,,0.1629943659338937,1.7751479289940826,2.1483446221182985,Transit,1,0,171.6509741,1.055162
CANDIDATE,0.7048048605042546,-0.4565119070525181,0.0,-0.1075083535203745,78.0,805.0,88.7,-1.027722712811395,-0.2166122718080601,-0.3830040186526274,1.1218438333543508,-0.315,0.3434699799682516,2.9177316387147973,2.4325212770525995,Transit,1,0,163.0590829,1.1547858
CANDIDATE,-0.7996520185188214,-0.8682804215150788,0.0,-0.1075083535203745,78.0,805.0,88.7,0.2011242466529375,0.1501439527865327,0.0390058998294608,0.0495152193733475,,0.9594120315628336,5.787037037037037,2.886751345948129,Transit,1,0,172.8169888,1.1908377
CANDIDATE,-0.8581148085316401,-0.8192603602695357,0.0,-0.1075083535203745,78.0,805.0,88.7,-0.0685931470090173,-0.1341631980619888,0.0390058998294608,0.0495152193733475,,0.8320736994671479,5.2629270646024295,2.8190459144096374,Transit,1,0,169.1468835,1.2284084
CANDIDATE,-0.8580849693148619,-0.6651973106406867,0.0,-0.1075083535203745,78.0,805.0,88.7,0.2011242466529375,-0.1023207971669544,0.0390058998294608,0.0495152193733475,,0.5532919191323351,4.00948912426075,2.633707687836883,Transit,1,0,169.1468835,1.2284084
FALSE POSITIVE,-0.3111279134407618,-0.0559479780175102,0.0,-0.1075083535203745,78.0,805.0,88.7,-0.8475079520238108,-0.2763167734862496,0.0390058998294608,0.0495152193733475,-0.98,0.1629943659338937,1.7751479289940826,2.1483446221182985,Transit,1,2,176.0758509,1.3759629
CANDIDATE,0.3668624673506571,-0.5391457245807192,0.0,-0.1075083535203745,78.0,805.0,88.7,-0.4266036785065,-0.1569077701298705,0.0390058998294608,0.0495152193733475,,0.411142653997773,3.289383514706285,2.506535958866141,Transit,1,0,177.9249905,1.3796544
CANDIDATE,0.4248283051881265,-0.4130941385207516,0.0,-0.1075083535203745,78.0,805.0,88.7,0.2011242466529375,-0.0465965956006441,0.0390058998294608,0.0495152193733475,,0.3138006063374555,2.7471898537121406,2.3961691914926155,Transit,1,0,177.2334424,1.4654037
CANDIDATE,-0.098597425934033,4.096751496069197,0.0,-0.1075083535203745,78.0,805.0,88.7,-1.6929449841749609,-0.2876890595201905,0.0390058998294608,0.0495152193733475,,0.0046157846997902,0.1649237433841527,1.1860858025736685,Transit,1,0,176.9920988,1.5102769
CANDIDATE,-0.0985943634581409,2.8922585626072856,0.0,-0.1075083535203745,78.0,805.0,88.7,-1.4026661748526776,-0.3229431462254072,0.0390058998294608,1.7097432927737588,,0.0090709192535093,0.2587539702562311,1.327446623199944,Transit,1,0,176.9920988,1.5102769
CANDIDATE,1.4451327919308825,1.862837276450884,0.0,-0.1075083535203745,78.0,805.0,88.7,-1.9493579324096444,-0.3445504896898948,0.0390058998294608,0.0495152193733475,,0.0188134682862999,0.4208222867483062,1.4990633779917228,Transit,1,0,177.7087476,1.6919004
CANDIDATE,3.972074777147962,0.9734733081388912,0.0,-0.1075083535203745,78.0,805.0,88.7,0.2011242466529375,-0.3911768624290523,0.0390058998294608,0.0495152193733475,,0.0424922187998461,0.7244233288459332,1.7170914210964274,Transit,1,0,177.7087476,1.6919004
CANDIDATE,-0.7072938933321954,-1.05735780060503,0.0,-0.1075083535203745,78.0,805.0,88.7,0.2011242466529375,-0.2495919013064886,0.0390058998294608,0.0495152193733475,,1.7886898867917012,8.76616261231646,3.2025630761017427,Transit,1,0,170.9344032,1.8638671
CANDIDATE,-0.7073770241833648,-0.7772431649162133,0.0,-0.1075083535203745,78.0,805.0,88.7,-0.5427152022354134,-0.162593913146841,0.0390058998294608,0.0495152193733475,,0.7402760168444233,4.868351657268043,2.7646540655045486,Transit,1,0,170.9344032,1.8638671
CONFIRMED,-0.9821671570370868,-0.9663205440061644,0.0,-0.1075083535203745,78.0,805.0,89.2,0.8469945973950178,-0.0431849097904618,0.0390058998294608,0.5621635479870712,-0.01,1.30395492747115,7.10059171597633,3.038218101251,Transit,1,1,183.7203635,1.9681688
CONFIRMED,-0.982188104827576,-1.0363492029283687,0.0,-0.1075083535203745,78.0,1874.0,88.7,0.7153652523177508,-0.0085943959753257,0.4640961826800314,-0.1253966277931139,0.018,1.6578639905405768,8.333333333333334,3.1622776601683795,Transit,1,1,183.7203635,1.9681688
CONFIRMED,-0.9821706862843974,-0.8922637735969622,0.0,-0.1075083535203745,78.0,805.0,84.7005,0.7079026679280904,-0.0417707660221414,0.0390058998294608,-0.0022199330555567,-0.01,1.0312558451419005,6.072447521766668,2.921704262094097,Transit,1,1,183.7203635,1.9681688
CANDIDATE,-0.7522879371406023,-0.1609909664008164,0.0,-0.1075083535203745,78.0,805.0,88.7,-1.9021876258947732,-0.333178203655954,0.0390058998294608,0.0495152193733475,,0.1948024361042841,1.9991670137442727,2.2131333406899523,Transit,1,0,170.6789065,1.993208
CANDIDATE,-0.7523269683389245,-0.0559479780175102,0.0,-0.1075083535203745,78.0,805.0,88.7,-1.8804167151956024,-0.2739638475058272,-1.0656189234370632,1.1093803648146592,,0.1629943659338937,1.7751479289940826,2.1483446221182985,Transit,1,0,170.6789065,1.993208
CANDIDATE,-0.7522749472335652,-0.8612775556228583,0.0,-0.1075083535203745,78.0,805.0,88.7,0.2011242466529375,-0.4343915493580276,0.0390058998294608,0.0495152193733475,,0.9396987086486914,5.707491082045184,2.876779808912305,Transit,1,0,170.6789065,1.993208
CANDIDATE,-1.031448846972293,-1.1694036548805566,0.0,-0.1075083535203745,78.0,805.0,88.7,0.1067836336231954,-0.1171047690110775,0.0390058998294608,0.0495152193733475,,2.7805359556616143,11.76355259288305,3.4469099377285564,Transit,1,0,170.3118083,2.1443791
CANDIDATE,-1.0314447849224857,-1.022343471143928,0.0,-0.1075083535203745,78.0,805.0,86.9,0.5083359865190207,-0.1057324829771367,0.0390058998294608,1.5498346398116765,0.03,1.5776590197274862,8.06234883095942,3.1362502409359,Transit,1,0,170.3118083,2.1443791
CONFIRMED,-0.6488894042080152,-1.022343471143928,0.0,-0.1075083535203745,78.0,805.0,88.7,0.2011242466529375,-0.0812820680041638,0.6335162229465631,0.0495152193733475,,1.5776590197274862,8.06234883095942,3.1362502409359,Transit,1,1,185.1880932,2.2823788
CANDIDATE,-0.253047887375789,-0.6301829811795845,0.0,-0.1075083535203745,78.0,518.0,88.7,-1.6663360933204183,-0.2933752025371609,0.0390058998294608,0.0495152193733475,-0.08,0.5079636437300995,3.787400580734756,2.5964539344474926,Transit,1,0,179.4915118,2.321497
CANDIDATE,-0.2530991183851374,-0.6231801152873641,0.0,-0.1075083535203745,78.0,805.0,88.28,-1.6856880139419037,-0.2641268200864684,-1.0160558607481815,1.0387853977275756,,0.499497758659796,3.7452014606285697,2.5891911120126183,Transit,1,0,179.4915118,2.321497
CANDIDATE,-0.2531446570601139,-0.0559479780175102,0.0,-0.1075083535203745,78.0,805.0,88.7,0.2011242466529375,-0.3451191039915918,0.0390058998294608,0.0495152193733475,,0.1629943659338937,1.7751479289940826,2.1483446221182985,Transit,1,0,179.4915118,2.321497
CANDIDATE,-0.2530820413820212,-0.5461485904729395,0.0,-0.1075083535203745,78.0,805.0,88.7,-1.6590791230873612,-0.28200291650322,0.0390058998294608,0.0495152193733475,,0.4176686070351533,3.32409972299169,2.513123449750173,Transit,1,0,179.4915118,2.321497
CANDIDATE,-0.5602438194988447,-0.3290597478141066,0.0,-0.1075083535203745,78.0,805.0,88.7,0.2011242466529375,-0.2621014159438235,0.0390058998294608,0.0495152193733475,,0.265409103902127,2.456952150856862,2.3302069121418523,Transit,1,0,167.4476762,2.3473081
CANDIDATE,-0.8938055059663944,-0.8192603602695357,0.0,-0.1075083535203745,78.0,805.0,88.7,0.2011242466529375,-0.2621014159438235,0.0390058998294608,0.0495152193733475,,0.8320736994671479,5.2629270646024295,2.8190459144096374,Transit,1,0,167.4476762,2.3473081
CANDIDATE,-0.4807758955588587,-0.0559479780175102,0.0,-0.1075083535203745,78.0,805.0,88.7,1.259928298606354,0.9459594710126636,0.9323115666893552,-3.8900225741744814,0.047,0.1629943659338937,1.7751479289940826,2.1483446221182985,Transit,1,0,169.4469645,2.4560803
CANDIDATE,-0.2104779924677349,-0.2464259302859057,0.0,-0.1075083535203745,78.0,805.0,88.7,-0.0069089000280321,-0.1449668697942326,0.4209710815212779,0.9713415717429822,-0.144,0.227061607845934,2.2141920855918094,2.270383045932499,Transit,1,0,166.0603718,2.6557881
CANDIDATE,-1.0524726096329264,-1.3374724362938466,0.0,-0.1075083535203745,78.0,805.0,82.1,-0.9430580600923958,-0.1796523421977523,0.0390058998294608,-1.0839549383872695,-0.81,6.275097256176697,20.23950075898128,3.947710169758614,Transit,1,0,172.0443891,2.8267296
CANDIDATE,-1.0524724320320942,-1.357080460792064,0.0,-0.1075083535203745,78.0,805.0,88.7,-1.3760572839981349,-0.2365137723674566,0.0390058998294608,0.0495152193733475,,7.012629929380617,21.795831184022205,4.021505531333318,Transit,1,0,172.0443891,2.8267296
CANDIDATE,-0.4506606905023738,-1.5678667241478983,0.0,-0.1075083535203745,78.0,805.0,88.7,0.2011242466529375,-0.3786673477917173,0.0390058998294608,0.0495152193733475,,33.402338152312105,61.702685609391146,5.216405309573011,Transit,1,0,172.0443891,2.8267296
CANDIDATE,1.0184590875124713,-0.1119709051552736,0.0,-0.1075083535203745,78.0,805.0,88.7,0.2011242466529375,-0.1642997560519321,0.0390058998294608,0.0495152193733475,,0.1790156560350476,1.889644746787604,2.182178902359924,Transit,1,0,171.517647,2.8867875
CANDIDATE,2.973297788226827,-0.5531514563651599,0.0,-0.1075083535203745,78.0,420.0,89.77,0.3873864826347359,-0.0613805674447672,0.266952863097158,0.1482823285558076,,0.4243334068978909,3.3593684387335183,2.519763153394848,Transit,1,0,166.8010058,3.0399357
CANDIDATE,-0.6114725519136096,-1.0363492029283687,0.0,-0.1075083535203745,78.0,805.0,88.7,0.2011242466529375,-0.3945885482392346,0.0390058998294608,0.0495152193733475,,1.6578639905405768,8.333333333333334,3.1622776601683795,Transit,1,0,177.1019945,3.0853526
CANDIDATE,-0.8587649869636165,2.2760063640918884,0.0,-0.1075083535203745,78.0,805.0,88.7,-1.153510196851051,-0.2080830572826044,0.0390058998294608,0.0495152193733475,,0.013738159576704,0.3412493708214726,1.4225360343314093,Transit,1,0,169.21486,3.3638919
CANDIDATE,3.554963283701108,3.585542285937107,0.0,-0.1075083535203745,78.0,805.0,88.7,0.8711844981718747,-0.0147541947056097,0.0390058998294608,-0.1903477600697674,,0.0060368283679219,0.1972386587771203,1.2403473458920846,Transit,1,0,175.2407614,3.6815406
CANDIDATE,3.5556463638257543,3.221393259541645,0.0,-0.1075083535203745,78.0,529.0,88.7,0.6026765995487627,-0.0886740539262253,0.0390058998294608,0.0495152193733475,-0.26,0.0074250348913034,0.226421929718633,1.2838814775327387,Transit,1,0,175.2407614,3.6815406
CANDIDATE,0.9788413806565924,-0.0559479780175102,0.0,-0.1075083535203745,78.0,805.0,88.7,1.2353634543674563,0.592400784360459,0.913829380478461,-2.817317704539452,-0.0886,0.1629943659338937,1.7751479289940826,2.1483446221182985,Transit,1,0,172.3857482,3.7319788
CANDIDATE,-1.0132621574242957,-0.2940454183530046,0.0,-0.1075083535203745,78.0,805.0,88.7,-0.9539435154419812,-0.1910246282316931,0.0390058998294608,0.0495152193733475,,0.2481803080585548,2.3494400501213883,2.3042861179277057,Transit,1,0,178.4363057,3.9322038
CANDIDATE,-0.6804488444335741,-1.0993749959583523,0.0,-0.1075083535203745,78.0,805.0,88.7,-1.809056507903874,-0.425862334832572,0.0390058998294608,2.5092865575841534,,2.0947090082442674,9.739469198928656,3.287979746107146,Transit,1,0,173.8276491,3.9340165
CANDIDATE,-0.6804693368373135,-1.0293463370361484,0.0,-0.1075083535203745,78.0,805.0,88.7,0.2011242466529375,-0.425862334832572,0.0390058998294608,0.0495152193733475,,1.6170986918622146,8.196161464380848,3.149183286488868,Transit,1,0,173.8276491,3.9340165
CANDIDATE,-0.6805273986479085,-0.9523148122217236,0.0,-0.1075083535203745,78.0,805.0,88.32,-2.0642599610997148,-0.372419982458972,-1.638720714193213,1.8460419034455533,,1.2455777539748882,6.887052341597795,3.015113445777636,Transit,1,0,173.8276491,3.9340165
CANDIDATE,-0.6805089099458681,0.2101609258868655,0.0,-0.1075083535203745,78.0,805.0,88.7,-0.9527340204031384,-0.1910246282316931,0.0390058998294608,0.0495152193733475,,0.1082539730681351,1.3512904824107022,2.0067001862719533,Transit,1,0,173.8276491,3.9340165
CANDIDATE,-0.3235884333811947,-0.7632374331317724,0.0,-0.1075083535203745,78.0,805.0,88.7,0.2011242466529375,-0.2973555026490402,0.0390058998294608,0.0495152193733475,,0.7126909824526078,4.746647680075946,2.74721127897378,Transit,1,0,168.9116543,4.1931655
CONFIRMED,-0.7728525082951767,-1.1553979230961158,0.0,-0.1075083535203745,78.0,805.0,88.7,0.2011242466529375,-0.0812820680041638,-0.6078706175518421,0.0495152193733475,,2.6216877368767464,11.311150909605052,3.4132807439314456,Transit,1,1,175.0972238,4.5574311
CONFIRMED,-0.8488998185721105,-1.2406998325292526,0.0,-2.213638382654695,78.0,805.0,89.2757,-0.7253489531006833,-0.1995538427571488,-0.4322898485483458,0.8396520928330325,-0.003,3.8243927824695056,14.548821476044374,3.634982004952534,Transit,1,1,173.9385102,4.6164303
FALSE POSITIVE,2.02261958345051,-0.0559479780175102,0.0,-0.1075083535203745,78.0,805.0,88.7,1.0536610146820948,0.8859308591825067,0.7166860608955882,-3.851221209852799,-0.5519,0.1629943659338937,1.7751479289940826,2.1483446221182985,Transit,1,2,168.5427766,4.9881156
CANDIDATE,-0.9231806836467076,-1.3444753021860671,0.0,-0.1075083535203745,78.0,805.0,88.7,0.2011242466529375,-0.41278420589354,0.0390058998294608,0.0495152193733475,,6.52607198492427,20.775623268698062,3.9735970711951314,Transit,1,0,170.6976906,5.0951726
CANDIDATE,-0.9231810069713,-0.0559479780175102,0.0,-0.1075083535203745,78.0,805.0,88.7,-2.040070060322858,-0.3305295982386491,-1.3809989489397647,1.5226501688081246,,0.1629943659338937,1.7751479289940826,2.1483446221182985,Transit,1,0,170.6976906,5.0951726
CANDIDATE,-0.923201711129878,-1.2611411980686442,0.0,-0.1075083535203745,78.0,805.0,88.7,-2.0920783469931004,-0.3900396338256582,0.0390058998294608,0.0495152193733475,,4.218188773732565,15.531145771451424,3.694844669685832,Transit,1,0,170.6976906,5.0951726
CANDIDATE,0.6688245257119811,-0.5531514563651599,0.0,-0.1075083535203745,78.0,805.0,88.7,0.2011242466529375,-0.3809418049985055,0.0390058998294608,0.0495152193733475,,0.4243334068978909,3.3593684387335183,2.519763153394848,Transit,1,0,174.031648,5.2521219
CANDIDATE,2.733047123719785,-0.3780798090596494,0.0,-0.1075083535203745,78.0,805.0,88.7,0.6812937770735478,-0.0625177960481613,0.0390058998294608,0.0918439804515465,,0.2923151448208467,2.620316184819635,2.368011113891575,Transit,1,0,175.6541539,5.8942286
CANDIDATE,2.7336152186901166,0.8054045267256011,0.0,-0.1075083535203745,78.0,613.0,88.7,0.5228499269851348,-0.1682800561638114,0.0390058998294608,0.0495152193733475,-0.69,0.0509913270740464,0.8180572503732386,1.770073238295383,Transit,1,0,175.6541539,5.8942286
CANDIDATE,2.7331495857384827,0.1471351328568819,0.0,-0.1075083535203745,78.0,805.0,88.7,0.2011242466529375,-0.0744586963837993,0.0390058998294608,0.0495152193733475,,0.1186858948245416,1.436764406556435,2.0377068324339733,Transit,1,0,175.6541539,5.8942286
CANDIDATE,2.733378076040177,-0.144791761947285,0.0,-0.1075083535203745,78.0,805.0,89.2738,0.6147715499371912,-0.0843287034326565,0.0390058998294608,0.4210676777264163,-0.18,0.1893871961813918,1.9619438077724327,2.202758839203649,Transit,1,0,175.6541539,5.8942286
CANDIDATE,2.7335820893040714,-0.4551113338740742,0.0,-0.1075083535203745,78.0,805.0,88.7,-1.0857784746758516,-0.202396914265634,0.0390058998294608,0.0495152193733475,,0.3424557976124969,2.911985245941421,2.431322695419324,Transit,1,0,175.6541539,5.8942286
CONFIRMED,-0.6310302743491233,-1.176406520772777,0.0,-0.1075083535203745,78.0,805.0,88.7,0.2011242466529375,-0.0812820680041638,-0.7896121152923037,0.0495152193733475,,2.8647889756541165,12.0,3.4641016151377544,Transit,1,1,169.483654,5.988289
CONFIRMED,-0.6310143358128815,-0.840268957946197,0.0,-0.1075083535203745,78.0,805.0,88.7,0.2011242466529375,-0.2114947430927867,0.0390058998294608,0.0495152193733475,,0.8837053628530506,5.47845142439737,2.847473987257497,Transit,1,1,169.483654,5.988289
CANDIDATE,-0.2882378984638458,-0.4691170656585151,0.0,-0.1075083535203745,78.0,805.0,88.7,0.2011242466529375,-0.2164985489477207,0.0390058998294608,0.0495152193733475,,0.3527804131312593,2.970223509319077,2.4433888871261047,Transit,1,0,168.5709572,6.0608498
CONFIRMED,-0.6073171478220079,-1.1483950572038957,0.0,-0.1075083535203745,78.0,805.0,89.001,-0.0806880973974458,-0.2146442977098866,-0.2012625209121659,0.5386475696102954,0.0,2.5467869677170896,11.094674556213016,3.3968311024337874,Transit,1,1,175.206752,6.1348146
CONFIRMED,-0.6073410556263705,-1.1063778618505729,0.0,-0.1075083535203745,78.0,805.0,88.7,0.2011242466529375,-0.0812820680041638,-0.2012625209121659,0.0495152193733475,,2.152358358868607,9.917355371900824,3.302891295379082,Transit,1,1,175.206752,6.1348146
CONFIRMED,-0.6074218867744539,-0.88928901919174,0.0,-0.1075083535203745,78.0,805.0,88.7,0.2011242466529375,-0.2149064289029689,0.0390058998294608,0.0495152193733475,,1.021963297097916,6.035913686434284,2.917299829957891,Transit,1,1,175.206752,6.1348146
CANDIDATE,0.3227078265534224,-0.3990884067363108,0.0,-0.1075083535203745,78.0,805.0,88.7,0.2011242466529375,-0.2149064289029689,0.0390058998294608,0.0495152193733475,,0.3049616795837777,2.6953572471417986,2.384785900551493,Transit,1,0,175.206752,6.1348146
CANDIDATE,0.3227343528315962,-0.0629508439097308,0.0,-0.1075083535203745,78.0,805.0,88.7,-0.4459555991279856,-0.1569077701298705,0.0390058998294608,0.0495152193733475,,0.164889630386575,1.788882097762407,2.152488010002526,Transit,1,0,175.206752,6.1348146
CANDIDATE,-0.7524887513125796,-0.6511915788562458,0.0,-0.1075083535203745,78.0,805.0,88.7,0.2011242466529375,-0.1728289705773878,0.0390058998294608,0.0495152193733475,,0.5345378846701558,3.918367346938776,2.6186146828319083,Transit,1,0,176.8902497,6.2407166
CANDIDATE,-0.6450983095162253,-0.8192603602695357,0.0,-0.1075083535203745,78.0,805.0,88.7,0.2011242466529375,-0.1119872402958041,0.0390058998294608,0.0495152193733475,,0.8320736994671479,5.2629270646024295,2.8190459144096374,Transit,1,0,177.987935,6.4404496
CANDIDATE,-0.4853805147712988,-0.8542746897306379,0.0,-0.1075083535203745,78.0,805.0,88.7,0.2011242466529375,-0.1119872402958041,0.0390058998294608,0.0495152193733475,,0.9205217817133046,5.629574028898481,2.86691089540498,Transit,1,0,177.987935,6.4404496
CANDIDATE,-0.0675950489347924,0.0841093398268979,0.0,-0.1075083535203745,78.0,805.0,88.7,0.2011242466529375,0.0125392917758483,0.0390058998294608,0.0495152193733475,,0.1305024132495498,1.530612244897959,2.070196678027062,Transit,1,0,176.6671476,7.2433545
CANDIDATE,2.136319711497041,0.4692669638990211,0.0,-0.1075083535203745,78.0,805.0,88.7,0.6184000350537198,0.1615162388204736,0.0390058998294608,-1.319114722155032,,0.0762005692363519,1.0692804633548674,1.8926408936295356,Transit,1,0,174.1067018,7.7529977
CANDIDATE,2.136483878420331,0.0771064739346776,0.0,-0.1075083535203745,78.0,805.0,88.7,0.5143834617132349,-0.0602433388413732,0.0390058998294608,0.0495152193733475,,0.1319107005901569,1.541604039002582,2.0739033894608503,Transit,1,0,174.1067018,7.7529977
CANDIDATE,2.136080633453415,0.1821494623179838,0.0,-0.1075083535203745,78.0,805.0,88.7,0.2011242466529375,0.0125392917758483,0.0390058998294608,0.0495152193733475,,0.1127328912640533,1.3883104262113009,2.0203050891044216,Transit,1,0,174.1067018,7.7529977
CANDIDATE,2.1366112728635778,0.0211278749380119,0.0,-0.1075083535203745,78.0,805.0,89.30475,0.5180119468297634,-0.0411629173336272,0.0390058998294608,-0.2844116735768749,0.13,0.1439309963642261,1.6338883497276502,2.1042672959713244,Transit,1,0,174.1067018,7.7529977
CANDIDATE,2.136604328215644,-0.0559479780175102,0.0,-0.1075083535203745,78.0,805.0,89.3,0.537363867451249,0.0113679463143524,0.3470423366777003,-0.3453180575727256,-0.01,0.1629943659338937,1.7751479289940826,2.1483446221182985,Transit,1,0,174.1067018,7.7529977
CANDIDATE,-0.5433444172150816,-0.6862059083173478,0.0,-0.1075083535203745,78.0,805.0,88.7,0.2011242466529375,0.0125392917758483,0.0390058998294608,0.0495152193733475,,0.5831038012729731,4.152249134948097,2.6568446566202857,Transit,1,0,174.1067018,7.7529977
CANDIDATE,-0.993004450907984,-0.7702402990239928,0.0,-0.1075083535203745,78.0,805.0,88.7,0.2011242466529375,-0.0374987667734915,0.0390058998294608,0.0495152193733475,,0.7263089166511463,4.806921967633391,2.755891273047752,Transit,1,0,174.9206066,7.8258194
CANDIDATE,-0.9929898876397264,-0.973323409898385,0.0,-0.1075083535203745,78.0,805.0,88.7,0.0293759511372532,-0.1227909120280479,0.0390058998294608,0.0495152193733475,,1.3345151419950052,7.211105101856859,3.049971406652093,Transit,1,0,174.9206066,7.8258194
CANDIDATE,0.6799587317437249,0.1471351328568819,0.0,-0.1075083535203745,78.0,805.0,88.7,0.2011242466529375,-0.1967107712486635,0.0390058998294608,0.0495152193733475,,0.1186858948245416,1.436764406556435,2.0377068324339733,Transit,1,0,171.3995685,7.8719192
CANDIDATE,-0.3477393231908587,-0.0349393803408491,0.0,-0.1075083535203745,78.0,805.0,88.7,0.3329592058868078,-0.0886740539262253,0.0390058998294608,0.0495152193733475,,0.1574799946180266,1.7348812329222632,2.136056563526713,Transit,1,0,170.9338271,7.9170687
CANDIDATE,-0.3476931925131076,-0.2730368206763432,0.0,-0.1075083535203745,78.0,805.0,88.7,0.2011242466529375,-0.0636550246515554,0.0390058998294608,0.0495152193733475,,0.2385537180235669,2.288285883183005,2.289142781149547,Transit,1,0,170.9338271,7.9170687
FALSE POSITIVE,-0.9460133198931532,-0.72122023777845,0.0,-0.1075083535203745,78.0,805.0,88.7,-1.7522102410782605,-0.438371849469907,0.0390058998294608,2.692711188923007,,0.6377358100351431,4.40771349862259,2.6967994498529686,Transit,1,2,170.8931433,7.9346019
FALSE POSITIVE,-0.3111279134407618,-0.0559479780175102,0.0,-0.1075083535203745,78.0,805.0,88.7,-0.403623272768486,-0.1739661991807818,0.0390058998294608,0.0495152193733475,-0.16,0.1629943659338937,1.7751479289940826,2.1483446221182985,Transit,1,2,174.6569397,7.9595633
CANDIDATE,-0.7106628445069535,-0.0559479780175102,0.0,-0.1075083535203745,78.0,805.0,88.7,6.287303282110144,2.4268585583524427,0.0390058998294608,0.0495152193733475,,0.1629943659338937,1.7751479289940826,2.1483446221182985,Transit,1,0,92.5910909,23.7941563
CANDIDATE,-0.4281315695246463,-0.0559479780175102,0.0,-0.1075083535203745,78.0,805.0,88.7,0.2011242466529375,-0.0812820680041638,0.0390058998294608,0.0495152193733475,,0.1629943659338937,1.7751479289940826,2.1483446221182985,Transit,1,0,94.535356,24.8339752
CANDIDATE,-0.2959176544585629,-0.0559479780175102,0.0,-0.1075083535203745,78.0,805.0,88.7,0.2011242466529375,-0.0812820680041638,0.0390058998294608,0.0495152193733475,,0.1629943659338937,1.7751479289940826,2.1483446221182985,Transit,1,0,104.266253,18.62682
CANDIDATE,-0.713408598914659,-0.0559479780175102,0.0,-0.1075083535203745,78.0,805.0,88.7,-0.7495388538775403,-0.2082718372307678,-0.4938971359179937,0.917631077130424,,0.1629943659338937,1.7751479289940826,2.1483446221182985,Transit,1,0,100.3787709,20.9218836
CANDIDATE,-0.7133377862750706,-0.7072145059940091,0.0,-0.1075083535203745,78.0,805.0,88.7,-0.8148515859750539,-0.1796523421977523,0.0390058998294608,0.0495152193733475,,0.6150964539394338,4.3027717021047724,2.6806023096526217,Transit,1,0,100.3787709,20.9218836
CANDIDATE,-0.7135474918733372,-0.7702402990239928,0.0,-0.1075083535203745,78.0,805.0,88.7,-0.3104921547775867,-0.1512216271129001,0.0390058998294608,0.5480539609610091,,0.7263089166511463,4.806921967633391,2.755891273047752,Transit,1,0,100.3787709,20.9218836
CANDIDATE,-0.9196487040155336,2.7872155742239797,0.0,-0.1075083535203745,78.0,805.0,88.7,0.2011242466529375,1.861673000894633,0.0390058998294608,0.0495152193733475,,0.0096977268900197,0.2705408110813516,1.3423121104280489,Transit,1,0,96.352041,24.6658505
CANDIDATE,-0.7562787075374954,-0.0559479780175102,0.0,-0.1075083535203745,78.0,805.0,88.7,-1.7207633700683465,-0.2869555470710013,-1.1335994846851012,1.203115054624487,,0.1629943659338937,1.7751479289940826,2.1483446221182985,Transit,1,0,104.3493021,19.5069285
CANDIDATE,-0.7284022076506573,-0.0559479780175102,0.0,-0.1075083535203745,78.0,805.0,88.7,-1.79454256743776,-0.2870436822877643,-1.1340677000691106,1.2037264700622856,,0.1629943659338937,1.7751479289940826,2.1483446221182985,Transit,1,0,100.404621,24.20664
CANDIDATE,-0.8754542168776945,-0.0559479780175102,0.0,-0.1075083535203745,78.0,805.0,88.7,-0.6068184392940843,5.146330376077772,0.0390058998294608,0.0495152193733475,,0.1629943659338937,1.7751479289940826,2.1483446221182985,Transit,1,0,99.5551497,18.2284424
CANDIDATE,0.8709023959200076,-0.0559479780175102,0.0,-0.1075083535203745,78.0,805.0,88.7,-0.229455987175116,8.601174011758838,0.0390058998294608,0.0495152193733475,,0.1629943659338937,1.7751479289940826,2.1483446221182985,Transit,1,0,93.8869534,27.4102179
CANDIDATE,0.3012818799769995,-0.840268957946197,0.0,-0.1075083535203745,78.0,805.0,88.7,0.2011242466529375,-0.1000463399601662,0.0390058998294608,0.0495152193733475,,0.8837053628530506,5.47845142439737,2.847473987257497,Transit,1,0,104.3167135,20.1241138
CANDIDATE,-0.9323907668140086,0.294132192760358,0.0,-0.1075083535203745,78.0,805.0,84.96549,1.075589159736316,0.2650404330446441,0.0390058998294608,-1.8364662464441124,-0.12,0.0961712897250531,1.2487718926642628,1.9675061125599609,Transit,1,0,91.4535759,23.4845208
CANDIDATE,-0.9323948197560816,0.0701036080424571,0.0,-0.1075083535203745,78.0,805.0,88.7,1.2304045247082005,0.127399380718651,0.0390058998294608,0.0495152193733475,,0.1333393239907688,1.5527146628021329,2.0776300831933314,Transit,1,0,91.4535759,23.4845208
CANDIDATE,-0.5350558774439418,0.6583443429889724,0.0,-0.1075083535203745,78.0,805.0,88.7,1.2908792766503427,0.1558300958035032,0.0390058998294608,0.0495152193733475,,0.0603902635809497,0.9157229632795092,1.820691387103213,Transit,1,0,101.0791483,28.1135803
CANDIDATE,-0.3820851383222021,-0.0559479780175102,0.0,-0.1075083535203745,78.0,805.0,88.7,1.7798902158048946,0.7303750446672467,0.0390058998294608,0.0495152193733475,-0.039,0.1629943659338937,1.7751479289940826,2.1483446221182985,Transit,1,0,90.2285333,23.9387495
CANDIDATE,-0.9115371275353524,-0.0559479780175102,0.0,-0.1075083535203745,78.0,805.0,88.7,0.2011242466529375,-0.0812820680041638,0.0390058998294608,0.0495152193733475,,0.1629943659338937,1.7751479289940826,2.1483446221182985,Transit,1,0,99.9899769,17.1809487
CANDIDATE,-0.3443476937559622,0.4564168520469802,0.0,-0.1075083535203745,78.0,805.0,88.1327,0.5639727583057916,-0.0479959553971206,0.0390058998294608,0.0918439804515465,0.15,0.077466590342853,1.0810914905513571,1.89784580288406,Transit,1,0,91.3638053,21.2560107
CANDIDATE,-0.3441184065274557,0.5462984887134456,0.0,-0.1075083535203745,78.0,805.0,88.7,0.2011242466529375,-0.0477338242040382,0.0390058998294608,0.0495152193733475,,0.0691614898915418,1.0023722810651876,1.8623125657326025,Transit,1,0,91.3638053,21.2560107
CANDIDATE,-0.3442617281222754,0.4972784274679028,0.0,-0.1075083535203745,78.0,805.0,88.7,0.5047075014024921,-0.0659294818583436,0.0390058998294608,0.0495152193733475,,0.0735349060914236,1.0441955778317278,1.8814417367671945,Transit,1,0,91.3638053,21.2560107
CANDIDATE,-1.005905785222189,-0.322056881921886,0.0,-0.1075083535203745,78.0,805.0,88.7,0.2011242466529375,0.5322527635269457,0.0390058998294608,0.0495152193733475,,0.2618386260305334,2.434867299732164,2.3249527748763854,Transit,1,0,104.4368858,24.2657613
CANDIDATE,-0.6109824760781818,3.256407589002747,0.0,-0.1075083535203745,78.0,805.0,88.7,-0.6515697557312696,-0.1739661991807818,0.0390058998294608,0.0495152193733475,,0.007274124213401,0.2233434892581087,1.279495125532699,Transit,1,0,98.2743565,16.8702315
CANDIDATE,-0.8008507102908893,2.7451983788706564,0.0,-0.1075083535203745,78.0,805.0,88.7,0.2011242466529375,0.2689843418412148,0.0390058998294608,0.0495152193733475,,0.0099646220317991,0.2754820936639118,1.3483997249264843,Transit,1,0,96.1610663,21.1257415
CANDIDATE,-1.0034287089968448,-0.0559479780175102,0.0,-0.1075083535203745,78.0,805.0,88.7,2.1679083192160675,0.2859404203178206,0.0390058998294608,0.0495152193733475,0.086,0.1629943659338937,1.7751479289940826,2.1483446221182985,Transit,1,0,100.4631493,27.0971763
CANDIDATE,-1.0035210386603592,2.731192647086216,0.0,-0.1075083535203745,78.0,805.0,78.0,1.6464708180701395,0.0421072354640946,0.0390058998294608,-2.2597538572260856,0.0,0.0100557613052637,0.2771593019281049,1.350447409819031,Transit,1,0,100.4631493,27.0971763
FALSE POSITIVE,-0.8718547261608679,-0.3780798090596494,0.0,-0.1075083535203745,78.0,805.0,88.7,-2.258988662353413,-0.452587207012333,0.0390058998294608,2.8196974721576,,0.2923151448208467,2.620316184819635,2.368011113891575,Transit,1,2,98.047519,27.2197459
CANDIDATE,-0.328108146872608,-0.0559479780175102,0.0,-0.1075083535203745,78.0,805.0,88.7,-0.1447913344561167,2.5815273345570557,0.0390058998294608,0.0495152193733475,,0.1629943659338937,1.7751479289940826,2.1483446221182985,Transit,1,0,92.1512224,23.7924451
CANDIDATE,0.2813721435839177,4.026722837146993,0.0,-0.1075083535203745,78.0,805.0,88.7,-2.1767429997121,-0.41278420589354,0.0390058998294608,0.0495152193733475,,0.0047820037557437,0.1688597324417539,1.1930999725437872,Transit,1,0,247.4260725,-29.2017505
CANDIDATE,-0.4001503306853625,-0.4481084679818536,0.0,-0.1075083535203745,78.0,805.0,88.7,0.2011242466529375,0.0136765203792424,0.0390058998294608,0.0495152193733475,,0.3374443294403778,2.883506343713956,2.425356250363329,Transit,1,0,247.9793338,-29.0642073
CANDIDATE,0.6793439596315428,4.565943510847965,0.0,-0.1075083535203745,78.0,805.0,88.7,0.8119192412685753,0.5026848198386995,0.0390058998294608,-2.2362378788493094,,0.003678994636689,0.1417769376181474,1.1420804814403216,Transit,1,0,243.8422245,-28.7802178
CANDIDATE,0.6786826242241971,1.0154905034922137,0.0,-0.1075083535203745,78.0,805.0,88.7,-0.158095779883388,-0.1398493410789592,0.0390058998294608,0.0495152193733475,,0.0406670324033673,0.703527604664388,1.7045729691814084,Transit,1,0,243.8422245,-28.7802178
CANDIDATE,-0.9163125748407646,-0.0559479780175102,0.0,-0.1075083535203745,78.0,805.0,88.7,1.6936411245850107,0.4765626788187374,1.459053873699845,-2.1000803640477743,,0.1629943659338937,1.7751479289940826,2.1483446221182985,Transit,1,0,244.2208049,-28.7303903
CANDIDATE,-0.7033537050185323,-1.0643606664972505,0.0,-0.1075083535203745,78.0,805.0,88.7,-2.0751454164493004,-0.3843534908086878,0.0390058998294608,0.0495152193733475,,1.8353490403294757,8.917954815695602,3.2163376045133845,Transit,1,0,244.0668921,-28.6491427
CANDIDATE,-0.7033891249999291,-0.0559479780175102,0.0,-0.1075083535203745,78.0,805.0,88.7,-1.3337249576386354,33.93999196970315,0.0390058998294608,0.0495152193733475,,0.1629943659338937,1.7751479289940826,2.1483446221182985,Transit,1,0,244.0668921,-28.6491427
CANDIDATE,-0.5726265821517553,3.843815571148823,0.0,-0.1075083535203745,78.0,805.0,87.80397,1.1626728025330009,0.6909285647156176,0.0390058998294608,-2.8241373382687174,0.46,0.0052555251445367,0.1798305891376802,1.2120239543472189,Transit,1,0,249.1600007,-28.2390752
CANDIDATE,-0.5726455376252143,0.266183853024629,0.0,-0.1075083535203745,78.0,805.0,88.7,0.1551634351769093,-0.111418625994107,0.0390058998294608,0.0495152193733475,,0.0999835050193712,1.2815583749839805,1.9802950859533488,Transit,1,0,249.1600007,-28.2390752
CANDIDATE,-0.6077805949172433,-0.5741600540418211,0.0,-0.1075083535203745,78.0,805.0,88.7,-2.029184604973272,-0.3672950617577765,0.0390058998294608,0.0495152193733475,,0.4451986144917797,3.4686090877558096,2.54000254000381,Transit,1,0,246.5591625,-27.9830801
FALSE POSITIVE,-1.010220574676208,-0.0559479780175102,0.0,-0.1075083535203745,78.0,805.0,88.7,0.2011242466529375,-0.0812820680041638,0.0390058998294608,0.0495152193733475,,0.1629943659338937,1.7751479289940826,2.1483446221182985,Transit,1,2,243.3287332,-27.734057
CANDIDATE,-1.0551822291020383,2.3950550842596354,0.0,-0.1075083535203745,78.0,805.0,88.7,0.2011242466529375,0.4469606182723893,0.0390058998294608,0.0495152193733475,,0.0126212721578198,0.3224939532383768,1.402573746636553,Transit,1,0,245.3768295,-27.7061138
CANDIDATE,-0.8844035114380739,-0.5531514563651599,0.0,-0.1075083535203745,78.0,805.0,88.7,0.2833699092942511,-0.0943601969431958,0.0390058998294608,0.0495152193733475,,0.4243334068978909,3.3593684387335183,2.519763153394848,Transit,1,0,250.4531166,-27.3610213
CANDIDATE,-0.8726784183291734,-1.2905532348159698,0.0,-0.1075083535203745,78.0,805.0,88.7,-1.438951026017963,-0.242199915384427,0.0390058998294608,0.0495152193733475,,4.885581503339147,17.128933766695358,3.7864122283137656,Transit,1,0,243.8127455,-27.2622661
CANDIDATE,-0.8726527914398303,-1.4425154246771528,0.0,-0.1075083535203745,78.0,805.0,88.7,0.2011242466529375,-0.2990613455541314,0.0390058998294608,0.0495152193733475,,12.020362591278056,31.21748178980229,4.399413450640599,Transit,1,0,243.8127455,-27.2622661
CANDIDATE,-0.8506230020332196,-0.5321428586884988,0.0,-0.1075083535203745,78.0,805.0,88.7,0.2011242466529375,-0.267787558960794,0.0390058998294608,0.0495152193733475,,0.4047519508155705,3.255208333333333,2.5,Transit,1,0,247.1360171,-27.1235298
CANDIDATE,-0.3856280472353704,-0.6441887129640254,0.0,-0.1075083535203745,78.0,805.0,88.7,0.2011242466529375,-0.267787558960794,0.0390058998294608,0.0495152193733475,,0.5254781149581561,3.8739669421487606,2.6111648393354674,Transit,1,0,247.1360171,-27.1235298
CANDIDATE,-0.8704253958001138,-0.0559479780175102,0.0,-0.1075083535203745,78.0,805.0,88.7,1.082846129969373,0.5759735171844313,0.7474897045804121,-2.8563071966881477,,0.1629943659338937,1.7751479289940826,2.1483446221182985,Transit,1,0,239.8792061,-26.604366
FALSE POSITIVE,-0.9180047578488836,-0.0559479780175102,0.0,-0.1075083535203745,78.0,805.0,88.7,-1.1680241373171654,0.3312987831641937,0.0390058998294608,0.0495152193733475,,0.1629943659338937,1.7751479289940826,2.1483446221182985,Transit,1,2,246.4912542,-26.0104676
CANDIDATE,-0.986275690447469,-1.257639765122534,0.0,-0.1075083535203745,78.0,805.0,88.7,-1.004742307073381,-0.1967107712486635,0.0390058998294608,0.0495152193733475,,4.147017248470735,15.355950942855388,3.68438063091806,Transit,1,0,244.1629354,-25.8700704
CANDIDATE,-1.0620367559981694,0.3011981824857309,0.0,-0.1075083535203745,78.0,805.0,76.6,1.8145906284692956,0.0819102365828875,0.0390058998294608,-1.3661466789085834,0.09,0.0952382638169938,1.2406819615181814,1.964311813414953,Transit,1,0,243.9553734,-25.8184824
CANDIDATE,2.258082205793108,-0.0559479780175102,0.0,-0.1075083535203745,78.0,805.0,88.7,-2.356957760499684,-0.2714676307213772,-1.052884697137757,1.0914141573348013,,0.1629943659338937,1.7751479289940826,2.1483446221182985,Transit,1,0,240.6852933,-25.725743
FALSE POSITIVE,1.5134872538440436,4.4258861930035565,0.0,-0.1075083535203745,78.0,805.0,88.7,1.300555236961085,0.2070053829562371,0.0390058998294608,-1.4131786356621392,,0.0039297516812813,0.1481481481481481,1.1547005383792517,Transit,1,2,246.2660064,-25.6524338
CANDIDATE,-0.8907418916073533,0.1541379987491022,0.0,-0.1075083535203745,78.0,805.0,88.7,0.2011242466529375,0.1529870242950179,0.0390058998294608,0.0495152193733475,,0.1174623385810864,1.426872770511296,2.034190510862431,Transit,1,0,253.038729,-25.5306763
CANDIDATE,-0.7923776899320192,-0.0559479780175102,0.0,-0.1075083535203745,78.0,805.0,88.7,3.71107884937488,1.269324738244755,3.4982550856351917,-3.580740426563119,,0.1629943659338937,1.7751479289940826,2.1483446221182985,Transit,1,0,252.2223357,-25.5079566
FALSE POSITIVE,-0.8747885552962261,-0.0559479780175102,0.0,-0.1075083535203745,78.0,805.0,88.7,-2.428317967791412,-0.2797853207266015,-1.0957264047746105,1.1512858382820712,,0.1629943659338937,1.7751479289940826,2.1483446221182985,Transit,1,2,242.6317089,-25.2672637
FALSE POSITIVE,-0.7622397200919135,-0.0559479780175102,0.0,-0.1075083535203745,78.0,805.0,88.7,-2.6835214209872524,-0.3022552520867637,-1.2172406183825035,1.3142515684331315,,0.1629943659338937,1.7751479289940826,2.1483446221182985,Transit,1,2,244.1277536,-25.2057083
FALSE POSITIVE,-0.9221455554104866,0.6863558065578541,0.0,-0.1075083535203745,78.0,805.0,88.7,-2.901230527978965,-0.5037624941650669,0.0390058998294608,0.0495152193733475,,0.0584318155454624,0.8958165367732687,1.8107149208503703,Transit,1,2,244.1277536,-25.2057083
CANDIDATE,-0.694868005554082,2.023903191971954,0.0,-0.1075083535203745,78.0,805.0,88.7,0.4841460857421637,-0.0659294818583436,0.0390058998294608,0.0495152193733475,,0.0165778059304812,0.3867860976183646,1.4677869612904628,Transit,1,0,252.8617981,-25.0535105
CANDIDATE,-0.3111279134407618,3.3824591750627144,0.0,-0.1075083535203745,78.0,805.0,88.7,0.2011242466529375,0.1382030524508949,0.0390058998294608,0.0495152193733475,,0.0067635207341748,0.212765580202872,1.2640686323628036,Transit,1,0,242.5734559,-24.9906029
CANDIDATE,-0.3111279134407618,-0.0559479780175102,0.0,-0.1075083535203745,78.0,805.0,88.7,-2.4488793834517404,-0.0812820680041638,0.0390058998294608,0.0495152193733475,,0.1629943659338937,1.7751479289940826,2.1483446221182985,Transit,1,0,253.4260962,-24.9408867
FALSE POSITIVE,-0.1396008018075656,-0.0559479780175102,0.0,-0.1075083535203745,78.0,805.0,88.7,1.6936411245850107,-0.0812820680041638,0.0390058998294608,0.0495152193733475,-0.0664,0.1629943659338937,1.7751479289940826,2.1483446221182985,Transit,1,2,247.1370292,-24.7987348
FALSE POSITIVE,-0.1397670748945735,-1.3696856193980609,0.0,-0.1075083535203745,78.0,805.0,88.7,-3.0645123582227494,-0.5094486371820374,0.0390058998294608,0.0495152193733475,,7.548782947618719,22.89307408198773,4.071189707611169,Transit,1,2,247.1370292,-24.7987348
FALSE POSITIVE,-1.0114615035693169,-0.0559479780175102,0.0,-0.1075083535203745,78.0,805.0,88.7,-2.590390302996353,-0.2328615627076564,-0.8692056502095201,0.8172178494615893,,0.1629943659338937,1.7751479289940826,2.1483446221182985,Transit,1,2,242.4702944,-24.6983209
FALSE POSITIVE,-0.5649775647626474,-0.0559479780175102,0.0,-0.1075083535203745,78.0,805.0,88.7,-2.688359401142624,-0.2070874136403329,-0.7590949454937486,0.6391078292358862,,0.1629943659338937,1.7751479289940826,2.1483446221182985,Transit,1,2,244.3290388,-24.6219639
CANDIDATE,-0.0805382788299758,1.5196968477320834,0.0,-0.1075083535203745,78.0,805.0,88.7,0.2011242466529375,0.5919572652051355,0.0390058998294608,0.0495152193733475,,0.0251111973348975,0.5101498565203529,1.572967515279229,Transit,1,0,253.0328697,-24.3879636
CANDIDATE,1.5604131507069705,2.1149404485708194,0.0,-0.1075083535203745,78.0,805.0,88.7,0.1503254550215379,-0.111418625994107,0.0390058998294608,0.0495152193733475,,0.0154692076679686,0.3693444136657433,1.4509525002200232,Transit,1,0,242.7532415,-23.840347
FALSE POSITIVE,-0.9540713884302372,-0.0559479780175102,0.0,-0.1075083535203745,78.0,805.0,88.7,-2.47427877926744,-0.2845787392899077,-1.120948428223744,1.1859013584526872,,0.1629943659338937,1.7751479289940826,2.1483446221182985,Transit,1,2,243.9968794,-23.4935346
FALSE POSITIVE,-0.9969460509205712,-0.0559479780175102,0.0,-0.1075083535203745,78.0,805.0,88.7,0.2011242466529375,-0.0812820680041638,0.0390058998294608,0.0495152193733475,,0.1629943659338937,1.7751479289940826,2.1483446221182985,Transit,1,2,246.3961379,-23.4053136
CANDIDATE,4.170543707364105,-0.0559479780175102,0.0,-0.1075083535203745,78.0,805.0,88.7,0.2011242466529375,-0.1608880702417499,0.0390058998294608,0.0495152193733475,,0.1629943659338937,1.7751479289940826,2.1483446221182985,Transit,1,0,239.2624997,-23.2807451
CANDIDATE,-0.8592370977917663,-0.0559479780175102,0.0,-0.1075083535203745,78.0,805.0,88.7,-1.4595124416782914,25.2277973619614,0.0390058998294608,0.0495152193733475,,0.1629943659338937,1.7751479289940826,2.1483446221182985,Transit,1,0,248.6633692,-22.9708723
CANDIDATE,1.4954311692158786,-0.9873291416828258,0.0,-0.1075083535203745,78.0,805.0,88.7,0.2011242466529375,-0.0818506823058608,0.0390058998294608,0.0495152193733475,,1.398561194685816,7.44001488002976,3.07389311747136,Transit,1,0,247.4302723,-22.8473721
CANDIDATE,-0.7650294193209712,-0.4130941385207516,0.0,-0.1075083535203745,78.0,805.0,88.7,0.2011242466529375,-0.426430949134269,0.0390058998294608,0.0495152193733475,,0.3138006063374555,2.7471898537121406,2.3961691914926155,Transit,1,0,246.86899,-22.7910827
CANDIDATE,-1.0088401004829026,-0.0559479780175102,0.0,-0.1075083535203745,78.0,805.0,88.7,-2.6677979854822955,-0.3661390688824264,-1.5994460684950622,1.7956706777624962,,0.1629943659338937,1.7751479289940826,2.1483446221182985,Transit,1,0,245.3200013,-22.6936469
FALSE POSITIVE,-0.9162515188622898,-0.0559479780175102,0.0,-0.1075083535203745,78.0,805.0,88.7,0.2011242466529375,-0.0812820680041638,0.0390058998294608,0.0495152193733475,,0.1629943659338937,1.7751479289940826,2.1483446221182985,Transit,1,2,240.3397765,-22.6242127
FALSE POSITIVE,-0.7548169160707511,-0.0559479780175102,0.0,-0.1075083535203745,78.0,805.0,88.7,-1.780028626971646,0.2335141817013532,0.0390058998294608,0.0495152193733475,,0.1629943659338937,1.7751479289940826,2.1483446221182985,Transit,1,2,240.5015904,-22.3567255
FALSE POSITIVE,-0.8966812732911577,-0.0559479780175102,0.0,-0.1075083535203745,78.0,805.0,88.7,0.6909697373842906,0.9885316237807212,0.4486943608376191,-4.297319319660247,,0.1629943659338937,1.7751479289940826,2.1483446221182985,Transit,1,2,241.824054,-22.0602594
CANDIDATE,-0.7687517506135468,-1.4082013818052728,0.0,-0.1075083535203745,78.0,805.0,88.7,0.2011242466529375,-0.2041027571707251,0.0390058998294608,0.0495152193733475,,9.56784835644141,26.811987639673696,4.235235498876267,Transit,1,0,248.394703,-21.965461
CANDIDATE,1.7281793370205485,-0.1329795028319347,0.0,-0.1075083535203745,78.0,805.0,88.7,0.2011242466529375,0.0932825226168284,0.0390058998294608,0.0495152193733475,,0.1855643716884029,1.9354526539894517,2.195285199793807,Transit,1,0,240.8283058,-21.7560956
CANDIDATE,-0.8315723527435688,4.005714239470332,0.0,-0.1075083535203745,78.0,805.0,88.7,-0.3866903422246861,-0.0773017678922845,0.0390058998294608,0.0495152193733475,,0.0048334227129462,0.1700680272108843,1.1952286093343936,Transit,1,0,247.9469488,-21.5234812
CANDIDATE,-0.780802618295494,-0.0559479780175102,0.0,-0.1075083535203745,78.0,805.0,88.7,1.8315235590130952,0.5541671587143499,1.6099917277554825,-2.318496771211273,,0.1629943659338937,1.7751479289940826,2.1483446221182985,Transit,1,0,244.8207081,-21.4599992
CANDIDATE,1.3068054725499727,-0.0559479780175102,0.0,-0.1075083535203745,78.0,805.0,88.7,-0.3600814513701434,-0.1512665476427341,-0.2659501726502962,0.5261841010706038,,0.1629943659338937,1.7751479289940826,2.1483446221182985,Transit,1,0,243.7067684,-21.4237002
CANDIDATE,-0.9081707720650676,-0.0559479780175102,0.0,-0.1075083535203745,78.0,805.0,88.7,0.2894173844884653,-0.0605543708644015,0.1930241182535807,0.085212474549296,,0.1629943659338937,1.7751479289940826,2.1483446221182985,Transit,1,0,245.8138614,-21.3461111
CANDIDATE,-0.1895681129254827,-0.8542746897306379,0.0,-0.1075083535203745,78.0,805.0,88.7,0.2011242466529375,0.062008736023491,0.0390058998294608,0.0495152193733475,,0.9205217817133046,5.629574028898481,2.86691089540498,Transit,1,0,238.8197061,-21.0269691
FALSE POSITIVE,-0.0340990765558596,-0.0559479780175102,0.0,-0.1075083535203745,78.0,805.0,88.7,8.183791503015728,1.4838970311331512,7.077638481811736,-3.0965464317852933,,0.1629943659338937,1.7751479289940826,2.1483446221182985,Transit,1,2,239.4185534,-20.9831714
CANDIDATE,-0.817858189511974,-0.0559479780175102,0.0,-0.1075083535203745,78.0,805.0,88.7,0.2011242466529375,-0.0812820680041638,0.0390058998294608,0.0495152193733475,,0.1629943659338937,1.7751479289940826,2.1483446221182985,Transit,1,0,239.9418766,-20.9699236
CANDIDATE,-0.8608343668165654,-0.0762562891049493,0.0,-0.1075083535203745,78.0,805.0,88.7,-2.32551088948977,-0.3240803748288013,-1.1746576613526032,1.7191496841244682,-0.105,0.1685723754757589,1.8154199043546024,2.16042694254994,Transit,1,0,240.5178856,-20.8452602
CANDIDATE,-1.055416480046117,-0.0559479780175102,0.0,-0.1075083535203745,78.0,805.0,88.7,0.2011242466529375,-0.0812820680041638,0.0390058998294608,0.0495152193733475,,0.1629943659338937,1.7751479289940826,2.1483446221182985,Transit,1,0,240.4445692,-20.4447494
FALSE POSITIVE,-0.951247990581697,-0.0559479780175102,0.0,-0.1075083535203745,78.0,805.0,88.7,-2.044908040478229,-0.0119355736120975,-1.384122438409406,-1.9191954583736124,,0.1629943659338937,1.7751479289940826,2.1483446221182985,Transit,1,2,238.7713112,-20.4356029
CANDIDATE,4.198587561881481,0.3782297073001557,0.0,-0.1075083535203745,78.0,805.0,88.7,0.2011242466529375,-0.1387121124755651,0.0390058998294608,0.0495152193733475,,0.0858074550831263,1.1573627560665096,1.9304683562633609,Transit,1,0,249.3309961,-20.4286731
CANDIDATE,4.201192374090134,0.4692669638990211,0.0,-0.1075083535203745,78.0,805.0,88.7,-0.372176401758572,-0.1569077701298705,0.0390058998294608,0.0495152193733475,,0.0762005692363519,1.0692804633548674,1.8926408936295356,Transit,1,0,249.3309961,-20.4286731
CANDIDATE,0.8034106642042756,-1.2065188441093249,0.0,-0.1075083535203745,78.0,805.0,88.7,0.2011242466529375,-0.4252937205308749,0.0390058998294608,0.0495152193733475,,3.268562723128987,13.10259660708261,3.541071158982555,Transit,1,0,239.9970933,-20.4091199
CANDIDATE,0.803625265210102,-0.7142173718862296,0.0,-0.1075083535203745,78.0,805.0,88.7,-1.7546292311559462,-0.2990613455541314,0.0390058998294608,0.0495152193733475,,0.6262797544483604,4.354768471476267,2.688664289689325,Transit,1,0,239.9970933,-20.4091199
CANDIDATE,1.0079365797323492,-0.6581944447484662,0.0,-0.1075083535203745,78.0,805.0,88.7,-0.220989521903216,-0.1455354840959297,0.0390058998294608,0.0495152193733475,,0.5438071230605852,3.963535473642489,2.6261286571944518,Transit,1,0,242.0579035,-20.2883588
CANDIDATE,1.0087251957362535,-0.0489451121252899,0.0,-0.1075083535203745,78.0,805.0,88.7,0.2011242466529375,0.1217132377016805,0.0390058998294608,0.0495152193733475,,0.1611280364623956,1.7615713216188842,2.14422506967559,Transit,1,0,242.0579035,-20.2883588
CANDIDATE,1.4133021688958387,0.350218243731274,0.0,-0.1075083535203745,78.0,805.0,88.7,0.2011242466529375,-0.162593913146841,0.0390058998294608,0.0495152193733475,,0.0890863728065759,1.1866619200189863,1.942571724714528,Transit,1,0,245.551683,-19.9298146
CANDIDATE,-0.5148631523398877,-0.0139307826641876,0.0,-0.1075083535203745,78.0,805.0,88.7,0.8820699535214603,0.0193626633962128,0.0390058998294608,0.0495152193733475,,0.1522115914851141,1.6959692464243314,2.123976976214366,Transit,1,0,249.0251664,-19.7445289
CANDIDATE,-0.5150226959492008,-0.0559479780175102,0.0,-0.1075083535203745,78.0,805.0,88.7,0.1382305046331094,0.074705893380386,0.079050636619732,-0.956263175801375,,0.1629943659338937,1.7751479289940826,2.1483446221182985,Transit,1,0,249.0251664,-19.7445289
CANDIDATE,-0.5148693114456782,-0.2005777121032557,0.0,-0.1075083535203745,78.0,805.0,86.41814,0.7913578256082469,-0.0157396032904507,0.0390058998294608,-0.5195714573446373,-0.08,0.2089336146541675,2.094715437917284,2.239115879260588,Transit,1,0,249.0251664,-19.7445289
CANDIDATE,-0.5148451759479407,-0.2660339547841229,0.0,-0.1075083535203745,78.0,805.0,88.7,0.5736487186165344,0.0023042343453015,0.0390058998294608,-0.4631331092403761,,0.2354556567480987,2.2684310018903595,2.284160962880643,Transit,1,0,249.0251664,-19.7445289
CANDIDATE,-0.5149077916260333,-0.2030081617541389,0.0,-0.1075083535203745,78.0,805.0,88.7,0.2011242466529375,-0.0488710528074323,0.0390058998294608,0.0495152193733475,,0.2098451489240535,2.1008035573606905,2.240741060919813,Transit,1,0,249.0251664,-19.7445289
CANDIDATE,-0.7057126653056566,-0.9873291416828258,0.0,-0.1075083535203745,78.0,805.0,88.7,-2.0436985454393866,-0.372981204774747,0.0390058998294608,0.0495152193733475,,1.398561194685816,7.44001488002976,3.07389311747136,Transit,1,0,242.1683542,-19.6968996
CANDIDATE,-0.7057444399161215,2.7451983788706564,0.0,-0.1075083535203745,78.0,805.0,88.7,0.2011242466529375,0.4458233896689952,0.0390058998294608,0.0495152193733475,,0.0099646220317991,0.2754820936639118,1.3483997249264843,Transit,1,0,242.1683542,-19.6968996
FALSE POSITIVE,-0.8730011623034002,-0.0559479780175102,0.0,-0.1075083535203745,78.0,805.0,88.7,0.2011242466529375,-0.0812820680041638,0.0390058998294608,0.0495152193733475,,0.1629943659338937,1.7751479289940826,2.1483446221182985,Transit,1,2,242.6099732,-19.6641652
CANDIDATE,0.5738013975730517,-0.0559479780175102,0.0,-0.1075083535203745,78.0,805.0,88.7,0.2011242466529375,-0.0812820680041638,0.0390058998294608,0.0495152193733475,,0.1629943659338937,1.7751479289940826,2.1483446221182985,Transit,1,0,250.0433702,-19.6594062
CANDIDATE,-0.5922419303650511,-0.0559479780175102,0.0,-0.1075083535203745,78.0,805.0,88.7,2.478143796679258,1.748342484423395,2.256868245136786,-4.984221048045882,,0.1629943659338937,1.7751479289940826,2.1483446221182985,Transit,1,0,252.6635796,-19.6439489
FALSE POSITIVE,-0.1682122321543787,-0.0559479780175102,0.0,-0.1075083535203745,78.0,805.0,88.7,-0.4974075180803602,2.612016433414051,0.0390058998294608,0.0495152193733475,0.0376,0.1629943659338937,1.7751479289940826,2.1483446221182985,Transit,1,2,251.8883544,-19.5793619
FALSE POSITIVE,-0.16851437670898,1.2185736143666055,0.0,-0.1075083535203745,78.0,805.0,88.7,-1.4280655706683774,-0.242199915384427,0.0390058998294608,0.0495152193733475,,0.0331761379877658,0.6142380377142155,1.6477051091432693,Transit,1,2,251.8883544,-19.5793619
CANDIDATE,0.8113396920750128,-0.0559479780175102,0.0,-0.1075083535203745,78.0,805.0,88.7,0.0015575652438677,0.1522591979888457,-0.0164406588032223,-1.491157619959527,,0.1629943659338937,1.7751479289940826,2.1483446221182985,Transit,1,0,248.448636,-19.1778194
CANDIDATE,-0.9616796487052413,-0.8192603602695357,0.0,-0.1075083535203745,78.0,805.0,88.7,0.2011242466529375,-0.0011074514648807,0.0390058998294608,0.0495152193733475,,0.8320736994671479,5.2629270646024295,2.8190459144096374,Transit,1,0,242.7831769,-19.1751977
FALSE POSITIVE,-0.5834059178125431,-0.0559479780175102,0.0,-0.1075083535203745,78.0,805.0,88.7,1.042932793687559,0.3386509660851365,0.7166860608955882,-1.9286959136378297,,0.1629943659338937,1.7751479289940826,2.1483446221182985,Transit,1,2,253.1604535,-19.1616989
CANDIDATE,-0.970418178893161,-0.7702402990239928,0.0,-0.1075083535203745,78.0,805.0,83.7,-1.1099683754527083,-0.1967107712486635,0.0390058998294608,1.305268464693205,-0.04,0.7263089166511463,4.806921967633391,2.755891273047752,Transit,1,0,245.1798804,-19.1443126
CANDIDATE,-0.9704241831674566,-0.8682804215150788,0.0,-0.1075083535203745,78.0,805.0,88.7,-1.4365320359402771,-0.242199915384427,0.0390058998294608,0.0495152193733475,,0.9594120315628336,5.787037037037037,2.886751345948129,Transit,1,0,245.1798804,-19.1443126
CANDIDATE,-0.9704786736074664,-0.0559479780175102,0.0,-0.1075083535203745,78.0,805.0,88.7,-1.2780881858518645,-0.1733628994066812,-0.6256073555855639,0.4158000985700173,,0.1629943659338937,1.7751479289940826,2.1483446221182985,Transit,1,0,245.1798804,-19.1443126
CANDIDATE,-0.9704318404956538,-0.6091743835029232,0.0,-0.1075083535203745,78.0,805.0,88.7,0.2011242466529375,-0.1824954137062374,0.0390058998294608,0.0495152193733475,,0.4831221086475979,3.6628918531180368,2.574846452537247,Transit,1,0,245.1798804,-19.1443126
CANDIDATE,0.5346448198938516,-0.2240167594308003,0.0,-0.1075083535203745,78.0,805.0,88.7,0.2011242466529375,-0.1250653692348361,0.0390058998294608,0.0495152193733475,,0.2179498767867969,2.1545532892846886,2.2549380840084865,Transit,1,0,251.5914378,-19.0501824
CANDIDATE,2.197626152684096,-0.4200970044129719,0.0,-0.1075083535203745,78.0,805.0,88.7,0.2011242466529375,-0.4497441355038478,0.0390058998294608,0.0495152193733475,,0.3183483709646362,2.773668639053254,2.401922307076307,Transit,1,0,250.7570798,-18.8713241
CANDIDATE,-0.8069495911837986,7.494912025317552e-05,0.0,-0.1075083535203745,78.0,805.0,88.7,0.2011242466529375,0.0023042343453015,0.0390058998294608,0.0495152193733475,,0.1488292367897499,1.67075072399198,2.1160368475757947,Transit,1,0,246.879865,-18.6752663
CANDIDATE,-0.8069237935244244,-1.1848099598434416,0.0,-0.1075083535203745,78.0,805.0,88.7,-1.979595308380716,-0.3559227757238357,0.0390058998294608,0.0495152193733475,,2.9704469662832365,12.293268206330213,3.4850751767866144,Transit,1,0,246.879865,-18.6752663
CANDIDATE,-0.5699030961561133,0.3082010483779515,0.0,-0.1075083535203745,78.0,805.0,88.7,-0.980552406296524,-0.1967107712486635,0.0390058998294608,0.0495152193733475,,0.094325443248781,1.2327416173570018,1.96116135138184,Transit,1,0,247.0434622,-18.6239525
CANDIDATE,-0.8694468687214878,-1.4229074001789357,0.0,-0.1075083535203745,78.0,805.0,88.7,0.2011242466529375,-0.1779464992926611,0.0390058998294608,0.0495152193733475,,10.528527095339738,28.577960676726107,4.303314829119352,Transit,1,0,242.9236052,-17.3760132
CANDIDATE,1.5334218088149876,-0.0489451121252899,0.0,-0.1075083535203745,78.0,805.0,88.7,0.2011242466529375,0.0347152495420329,0.0390058998294608,0.0495152193733475,,0.1611280364623956,1.7615713216188842,2.14422506967559,Transit,1,0,249.4014625,-17.2921568
FALSE POSITIVE,-0.4367178866914571,-0.0559479780175102,0.0,-0.1075083535203745,78.0,805.0,88.7,-1.9336344969046877,-0.0282491179277857,-1.2208631268798391,-1.554603729620069,,0.1629943659338937,1.7751479289940826,2.1483446221182985,Transit,1,2,245.8522044,-17.2909833
CANDIDATE,0.5867519933489125,-0.756234567239552,0.0,-0.1075083535203745,78.0,805.0,88.7,-1.825989438447674,-0.3161197746050427,0.0390058998294608,0.0495152193733475,,0.6994113710093056,4.687499999999999,2.7386127875258306,Transit,1,0,247.4748134,-17.2472927
CANDIDATE,0.5867695257387784,-1.092372130066132,0.0,-0.1075083535203745,78.0,805.0,88.7,0.2011242466529375,-0.3792359620934145,0.0390058998294608,0.0495152193733475,,2.0391002070242146,9.566326530612244,3.2732683535398857,Transit,1,0,247.4748134,-17.2472927
CANDIDATE,-0.349443016099078,-0.1469852346163755,0.0,-0.1075083535203745,78.0,805.0,88.7,0.2011242466529375,0.2769449420649734,0.0390058998294608,0.0495152193733475,,0.190108605842127,1.9669229130128336,2.204155075111935,Transit,1,0,243.351091,-17.1551958
CANDIDATE,-0.5958357093935688,3.445484968092698,0.0,-0.1075083535203745,78.0,805.0,88.7,0.2011242466529375,0.2809252421768527,0.0390058998294608,0.0495152193733475,,0.0065260719849242,0.2077562326869806,1.2565617248750864,Transit,1,0,248.2326858,-16.9754206
CANDIDATE,-0.211894586799565,3.725599603781515,0.0,-0.1075083535203745,78.0,805.0,88.7,0.2011242466529375,0.2809252421768527,0.0390058998294608,0.0495152193733475,,0.0055952909680744,0.1875,1.224744871391589,Transit,1,0,248.2326858,-16.9754206
CANDIDATE,0.8371923917686857,2.044911789648615,0.0,-0.1075083535203745,78.0,805.0,88.7,1.0126954177164875,0.0364210924471241,0.0390058998294608,-0.6089321751763879,,0.0163128016561937,0.3826530612244898,1.4638501094227998,Transit,1,0,244.8635344,-16.6892105
CANDIDATE,1.1072253497103297,-0.504131395119617,0.0,-0.1075083535203745,78.0,805.0,88.7,0.2011242466529375,-0.2240042577301216,0.0390058998294608,0.0495152193733475,,0.3804735080161801,3.123698458975427,2.4743582965269675,Transit,1,0,249.1140807,-16.2289316
CANDIDATE,-0.5046593128225817,0.3642239755157149,0.0,-0.1075083535203745,78.0,805.0,88.7,0.2011242466529375,-0.3297665178457717,0.0390058998294608,0.0495152193733475,,0.0874264213761632,1.1718749999999998,1.9364916731037085,Transit,1,0,245.0549931,-16.0690381
CANDIDATE,-0.6029989429673654,-0.8472718238384175,0.0,-0.1075083535203745,78.0,805.0,88.7,0.2011242466529375,-0.097771882753378,0.0390058998294608,0.0495152193733475,,0.9018631301124268,5.553241704845203,2.857142857142857,Transit,1,0,337.9897117,-16.7453086
CANDIDATE,2.0225858461231536,-0.1259766369397144,0.0,-0.1075083535203745,78.0,805.0,88.7,1.2715273560288571,0.3446100439669216,1.2557498253800068,-1.6530416151052585,-0.077,0.1833464944418634,1.92,2.1908902300206643,Transit,1,0,333.4797735,-16.5931905
CANDIDATE,-0.800191537970605,1.640689976640599,0.0,-0.1075083535203745,78.0,805.0,82.18825,0.1660488905264949,-0.1030298592011706,0.0390058998294608,0.0448120236979948,0.03,0.0226079431500474,0.4756565955836854,1.5456768139481272,Transit,1,0,333.9249669,-16.5636911
CANDIDATE,-0.8001926422834732,-0.1399823687241553,0.0,-0.1075083535203745,78.0,805.0,88.7,0.1442779798273237,-0.111418625994107,0.0390058998294608,0.0495152193733475,,0.1878181654887196,1.951092611862643,2.1997067253202998,Transit,1,0,333.9249669,-16.5636911
CANDIDATE,-0.8001992795453511,0.2101609258868655,0.0,-0.1075083535203745,78.0,805.0,88.7,0.2011242466529375,-0.0670667104617377,0.0390058998294608,0.0495152193733475,,0.1082539730681351,1.3512904824107022,2.0067001862719533,Transit,1,0,333.9249669,-16.5636911
CANDIDATE,0.9359927594575436,2.766206976547318,0.0,-0.1075083535203745,78.0,805.0,88.7,1.0296283482602877,0.0591656645150059,0.0390058998294608,0.0495152193733475,,0.0098299668111898,0.2729946834285402,1.345345587992625,Transit,1,0,340.959712,-16.4624626
CONFIRMED,-0.1654870339045575,-0.959317678113944,0.0,-0.1075083535203745,78.0,960.6,89.81,0.4632218215701822,-0.1000463399601662,0.0297648067240136,0.0495152193733475,,1.2743207350832846,6.992599498863702,3.0265996338319097,Transit,1,1,333.1100738,-16.3418863
CONFIRMED,-0.1653870765129842,-0.7422288354551111,0.0,-0.1075083535203745,78.0,805.0,88.7,0.2011242466529375,-0.057968881634585,0.0390058998294608,0.0495152193733475,,0.6738257341017433,4.572473708276177,2.721655269759087,Transit,1,1,333.1100738,-16.3418863
CONFIRMED,-0.1659335406127018,-1.0503549347128096,0.0,-0.1075083535203745,78.0,805.0,88.7,0.2011242466529375,-0.0812820680041638,0.1221757377784855,0.0495152193733475,,1.7435990142943756,8.618213157138754,3.188964020716404,Transit,1,1,333.1100738,-16.3418863
CANDIDATE,-0.3088532566256877,-0.672200176532907,0.0,-0.1075083535203745,78.0,805.0,88.7,0.2011242466529375,-0.2257101006352128,0.0390058998294608,0.0495152193733475,,0.562998575529143,4.056246619794484,2.6413527189768717,Transit,1,0,340.6082059,-16.3332979
CANDIDATE,0.552056304577725,-0.3643653964963249,0.0,-0.1075083535203745,78.0,805.0,88.99454,0.2386185928570657,-0.1012006269926112,0.0390058998294608,0.5151315912335196,0.04,0.2844345398819227,2.573007449818638,2.357249609292392,Transit,1,0,339.9024279,-16.1298606
CANDIDATE,0.5520459445291678,-0.3430654795985474,0.0,-0.1075083535203745,78.0,805.0,88.7,0.0511468618364244,-0.1227909120280479,0.0390058998294608,0.0495152193733475,,0.2727471945817198,2.5020329017326577,2.340822943922612,Transit,1,0,339.9024279,-16.1298606
CANDIDATE,0.5520405937348581,-0.3500683454907677,0.0,-0.1075083535203745,78.0,805.0,88.7,0.2011242466529375,-0.0858309824177401,0.0390058998294608,0.0495152193733475,,0.2765178401076458,2.52503997979968,2.346185661017325,Transit,1,0,339.9024279,-16.1298606
CANDIDATE,-0.8676822450661501,-0.0559479780175102,0.0,-0.1075083535203745,78.0,805.0,88.7,0.2011242466529375,-0.425862334832572,0.0390058998294608,0.0495152193733475,,0.1629943659338937,1.7751479289940826,2.1483446221182985,Transit,1,0,340.049047,-15.97035
CANDIDATE,-0.3448094559202235,-0.5811629199340416,0.0,-0.1075083535203745,78.0,805.0,88.7,0.2011242466529375,0.1893783396036287,0.0390058998294608,0.0495152193733475,,0.4524571457807618,3.5062089116143165,2.5468581598680533,Transit,1,0,336.34701,-15.7509357
CANDIDATE,-0.8181350282248908,-0.2380224912152412,0.0,-0.1075083535203745,78.0,805.0,88.7,0.2011242466529375,-0.2370823866691536,0.0390058998294608,0.0495152193733475,,0.2235862358489626,2.191540653079115,2.264554068289192,Transit,1,0,339.3096463,-15.5141494
CANDIDATE,-0.8181217537011352,0.1541379987491022,0.0,-0.1075083535203745,78.0,805.0,88.7,-0.9394295749758672,-0.1910246282316931,0.0390058998294608,0.0495152193733475,,0.1174623385810864,1.426872770511296,2.034190510862431,Transit,1,0,339.3096463,-15.5141494
FALSE POSITIVE,0.3329881824293574,-1.0975542508263751,0.0,-0.1075083535203745,53.836,805.0,90.0,0.3559396116248219,-0.1091441687873189,0.2392295837808163,0.5386475696102954,-0.028,2.080058119748546,9.69400266630312,3.284135710735604,Transit,1,2,340.076275,-15.4364075
CANDIDATE,-0.3559971698950645,-1.3444753021860671,0.0,-0.1075083535203745,78.0,805.0,88.7,0.2011242466529375,-0.4230192633240868,0.0390058998294608,0.0495152193733475,,6.52607198492427,20.775623268698062,3.9735970711951314,Transit,1,0,340.4138902,-15.376098
FALSE POSITIVE,1.131360733601164,1.0294962352766548,0.0,-0.1075083535203745,78.0,805.0,88.7,-3.046369932640107,-0.5094486371820374,0.0390058998294608,0.0495152193733475,,0.040081904284695,0.6967629554362025,1.700460603795407,Transit,1,2,330.9718285,-15.1061088
CANDIDATE,-0.1262010466957433,0.8894389174322462,0.0,-0.1075083535203745,78.0,805.0,88.7,0.2011242466529375,0.5629579358185861,0.0390058998294608,0.0495152193733475,,0.0464837706656733,0.7691075148213427,1.7429786813223802,Transit,1,0,332.4628855,-14.8632288
CANDIDATE,0.3135240499401884,-0.0559479780175102,0.0,-0.1075083535203745,78.0,805.0,88.7,-0.0988305229800885,-0.140506659211721,-0.0872890392783174,0.5693594373703681,,0.1629943659338937,1.7751479289940826,2.1483446221182985,Transit,1,0,335.4068605,-14.8395785
CANDIDATE,0.3140782476453838,-0.5671571881496007,0.0,-0.1075083535203745,78.0,805.0,88.7,-0.0165848603387749,-0.1642997560519321,0.0390058998294608,0.5762731350131376,,0.4380945163583568,3.431610855329005,2.5332019855244945,Transit,1,0,335.4068605,-14.8395785
CANDIDATE,0.3142057559353178,-0.322056881921886,0.0,-0.1075083535203745,78.0,805.0,88.7,0.2011242466529375,-0.140076786799638,0.0390058998294608,0.0495152193733475,,0.2618386260305334,2.434867299732164,2.3249527748763854,Transit,1,0,335.4068605,-14.8395785
CANDIDATE,0.3141071647039938,-0.3640740772752085,0.0,-0.1075083535203745,78.0,805.0,88.7,-0.1689812352329736,-0.1398493410789592,0.0390058998294608,0.0495152193733475,,0.2842702315741729,2.572016460905349,2.3570226039551585,Transit,1,0,335.4068605,-14.8395785
CANDIDATE,0.0977695415072145,-0.7282231036706704,0.0,-0.1075083535203745,78.0,805.0,88.7,0.2011242466529375,-0.2234356434284246,0.0390058998294608,0.0495152193733475,,0.6494729871098153,4.461629982153481,2.705008904002297,Transit,1,0,332.5354772,-14.4845211
CONFIRMED,-0.56890869087999,-0.8682804215150788,0.0,-0.1075083535203745,78.0,805.0,88.7,0.2011242466529375,-0.1040266400720455,0.0390058998294608,0.0495152193733475,,0.9594120315628336,5.787037037037037,2.886751345948129,Transit,1,1,331.2771441,-14.1218019
CONFIRMED,-0.5688642906718879,-0.6862059083173478,0.0,-0.1075083535203745,78.0,805.0,88.7,0.2011242466529375,-0.0812820680041638,0.1868633895166159,0.0495152193733475,,0.5831038012729731,4.152249134948097,2.6568446566202857,Transit,1,1,331.2771441,-14.1218019
CONFIRMED,-0.9782383078534932,-0.8962918850839604,0.0,-0.1075083535203745,78.0,805.0,91.7,0.7308830736661045,0.0534795214980354,0.0390058998294608,0.0918439804515465,-0.22,1.0440193059963985,6.122448979591837,2.9277002188456,Transit,1,1,331.2771441,-14.1218019
CONFIRMED,-0.9782459697355578,-0.9313062145450623,0.0,-0.1075083535203745,78.0,805.0,88.7,0.6389614507140481,-0.0374987667734915,0.0390058998294608,0.0495152193733475,,1.1643708685278122,6.584362139917695,2.981423969999719,Transit,1,1,331.2771441,-14.1218019
CONFIRMED,-0.9782503756023616,-1.0643606664972505,0.0,-0.1075083535203745,78.0,805.0,88.7,0.2011242466529375,-0.1040266400720455,0.0390058998294608,0.0495152193733475,,1.8353490403294757,8.917954815695602,3.2163376045133845,Transit,1,1,331.2771441,-14.1218019
CONFIRMED,0.5848558767695802,0.1821494623179838,0.0,-0.1075083535203745,78.0,805.0,88.7,0.6389614507140481,-0.0374987667734915,0.0390058998294608,0.0495152193733475,,0.1127328912640533,1.3883104262113009,2.0203050891044216,Transit,1,1,331.2771441,-14.1218019
CONFIRMED,0.58433889896191,0.9244532468933482,0.0,-0.1075083535203745,78.0,805.0,88.7,1.5944625313998972,0.2809252421768527,0.0390058998294608,-1.319114722155032,,0.0447623277445955,0.75,1.7320508075688772,Transit,1,1,331.2771441,-14.1218019
CONFIRMED,0.5850789024302774,-0.1119709051552736,0.0,-0.1075083535203745,78.0,805.0,88.7,0.2011242466529375,-0.1040266400720455,0.0390058998294608,0.0495152193733475,,0.1790156560350476,1.889644746787604,2.182178902359924,Transit,1,1,331.2771441,-14.1218019
CONFIRMED,0.5855378184273528,-0.0559479780175102,0.0,-0.1075083535203745,78.0,805.0,90.0,0.7308830736661045,0.0534795214980354,0.0390058998294608,0.0918439804515465,-0.22,0.1629943659338937,1.7751479289940826,2.1483446221182985,Transit,1,1,331.2771441,-14.1218019
CANDIDATE,-0.0140927981718278,0.1471351328568819,0.0,-0.1075083535203745,78.0,805.0,88.7,0.2011242466529375,0.2308871836275128,0.0390058998294608,0.0495152193733475,,0.1186858948245416,1.436764406556435,2.0377068324339733,Transit,1,0,330.3003228,-14.0145545
CANDIDATE,-0.0138571355288247,-0.2030081617541389,0.0,-0.1075083535203745,78.0,805.0,88.7,1.5206833340304835,0.2126915259732074,0.0390058998294608,-1.2109412216218622,,0.2098451489240535,2.1008035573606905,2.240741060919813,Transit,1,0,330.3003228,-14.0145545
CANDIDATE,-0.014000559585663,0.1261265351802205,0.0,-0.1075083535203745,78.0,805.0,88.7,1.4335996912337985,0.2183776689901779,0.0390058998294608,0.0495152193733475,,0.1224600795897023,1.4670644041273413,2.048366225996757,Transit,1,0,330.3003228,-14.0145545
CANDIDATE,-0.4387443577279095,-0.9453119463295032,0.0,-0.1075083535203745,78.0,805.0,88.7,0.2011242466529375,0.0034414629486956,0.0390058998294608,0.0495152193733475,,1.217692731880913,6.783876985697326,3.0037570459305534,Transit,1,0,330.6410805,-13.9855272
CANDIDATE,-0.6004071206657491,-0.0839594415863919,0.0,-0.1075083535203745,78.0,805.0,88.7,-0.94910553528661,-0.1910246282316931,0.0390058998294608,0.0495152193733475,,0.1707547292503188,1.8310546875,2.165063509461097,Transit,1,0,335.882977,-13.9795329
CANDIDATE,-0.6003280996799962,-0.3570712113829882,0.0,-0.1075083535203745,78.0,805.0,88.7,0.2011242466529375,-0.2785912306930378,0.0390058998294608,0.0495152193733475,,0.2803583111668351,2.548365860392024,2.3515854050088616,Transit,1,0,335.882977,-13.9795329
CANDIDATE,0.0505914742316056,-0.840268957946197,0.0,-0.1075083535203745,78.0,805.0,88.7,0.2011242466529375,0.0739496363591289,0.0390058998294608,0.0495152193733475,,0.8837053628530506,5.47845142439737,2.847473987257497,Transit,1,0,339.5953205,-13.9195267
CONFIRMED,-0.754368360122233,-1.1694036548805566,0.0,-0.1075083535203745,78.0,805.0,88.7,0.2011242466529375,-0.0812820680041638,-1.990954219000438,0.0495152193733475,,2.7805359556616143,11.76355259288305,3.4469099377285564,Transit,1,1,341.2404563,-13.9011223
CANDIDATE,-0.6140382691697956,-1.1694036548805566,0.0,-0.1075083535203745,78.0,805.0,88.7,-2.577085857569082,-0.4696456360632444,0.0390058998294608,0.0495152193733475,,2.7805359556616143,11.76355259288305,3.4469099377285564,Transit,1,0,341.2404563,-13.9011223
CANDIDATE,-0.9532384860649178,1.344625200426573,0.0,-0.1075083535203745,78.0,805.0,88.7,1.4178762557288416,0.1785746678713849,0.0390058998294608,-0.989891024880166,,0.0294319570935123,0.5671077504725899,1.6151457061744965,Transit,1,0,332.4761401,-13.7777952
CANDIDATE,-0.9532397383784798,0.8754331856478054,0.0,-0.1075083535203745,78.0,805.0,88.7,0.2011242466529375,0.0659890361353704,0.0390058998294608,0.0495152193733475,,0.0471970642623438,0.7769554998737447,1.7474081133220758,Transit,1,0,332.4761401,-13.7777952
CONFIRMED,-0.478814976306568,0.4482583662223596,0.0,-0.1075083535203745,78.0,805.0,88.7,0.2011242466529375,-0.1921618568350872,0.0390058998294608,0.0495152193733475,,0.078284969306045,1.0886921178690667,1.9011727515734336,Transit,1,1,337.5136198,-13.6101475
CONFIRMED,-0.4789766386027345,-0.7422288354551111,0.0,-0.1075083535203745,78.0,805.0,88.7,0.2011242466529375,-0.0812820680041638,-0.931308876242494,0.0495152193733475,,0.6738257341017433,4.572473708276177,2.721655269759087,Transit,1,1,337.5136198,-13.6101475
CONFIRMED,-0.4788070070384472,-0.6862059083173478,0.0,-0.1075083535203745,78.0,805.0,90.5,-1.2164039388708792,-0.2876890595201905,0.0390058998294608,1.502802683058125,0.006,0.5831038012729731,4.152249134948097,2.6568446566202857,Transit,1,1,337.5136198,-13.6101475
CONFIRMED,-1.0416297691514174,-0.8612775556228583,0.0,-0.1075083535203745,78.0,805.0,88.7,-1.4837023424551483,-0.2478860584013975,0.0390058998294608,0.0495152193733475,,0.9396987086486914,5.707491082045184,2.876779808912305,Transit,1,1,337.5136198,-13.6101475
CONFIRMED,-1.0416326972882184,-1.0363492029283687,0.0,-0.1075083535203745,78.0,805.0,89.9,-1.2164039388708792,-0.2876890595201905,0.0390058998294608,1.502802683058125,0.006,1.6578639905405768,8.333333333333334,3.1622776601683795,Transit,1,1,337.5136198,-13.6101475
CANDIDATE,-0.6149334912118203,-0.2800396865685637,0.0,-0.1075083535203745,78.0,805.0,88.7,0.2011242466529375,0.5538601069914334,0.0390058998294608,0.0495152193733475,,0.2417063698120101,2.308402585410896,2.2941573387056176,Transit,1,0,339.0346995,-13.5006049
CANDIDATE,0.5635613092704644,-0.3290597478141066,0.0,-0.1075083535203745,78.0,805.0,88.7,-0.7241394580618404,-0.1739661991807818,0.0390058998294608,0.0495152193733475,,0.265409103902127,2.456952150856862,2.3302069121418523,Transit,1,0,334.5266988,-13.4371919
CANDIDATE,2.1699948785620062,-0.3010482842452249,0.0,-0.1075083535203745,78.0,805.0,88.7,-0.8487174470626536,-0.1853384852147226,0.0390058998294608,0.0495152193733475,,0.2515041076020075,2.3703703703703702,2.309401076758503,Transit,1,0,335.1789328,-13.2523483
CANDIDATE,-0.4129898529174259,3.740580421615655,0.0,-0.1075083535203745,55.0761,694.8,88.7,-1.2200324239874076,-0.112871435534943,0.0390058998294608,-0.2277381656888424,,0.0055506436745057,0.1865012386727526,1.223110632913154,Transit,1,0,335.057616,-13.1147717
CANDIDATE,-0.4126506969663999,-0.0559479780175102,0.0,-0.1075083535203745,78.0,805.0,86.2,-1.2200324239874076,-0.112871435534943,-0.6910404555008669,-0.2277381656888424,,0.1629943659338937,1.7751479289940826,2.1483446221182985,Transit,1,0,335.057616,-13.1147717
CANDIDATE,-0.4126360107437199,3.004304416882812,0.0,-0.1075083535203745,78.0,805.0,88.7,0.2011242466529375,-0.1733975848790848,0.0390058998294608,0.0495152193733475,,0.0084604663494867,0.2470106564514037,1.312122050522086,Transit,1,0,335.057616,-13.1147717
CANDIDATE,-0.4127151865609678,-0.0559479780175102,0.0,-0.1075083535203745,78.0,805.0,88.7,-1.2200324239874076,-0.112871435534943,-0.6910404555008669,-0.2277381656888424,,0.1629943659338937,1.7751479289940826,2.1483446221182985,Transit,1,0,335.057616,-13.1147717
CANDIDATE,-0.4126606813208884,2.6751697199484523,0.0,-0.1075083535203745,78.0,805.0,88.7,-1.2466413148419504,-0.2194553433165453,0.0390058998294608,0.0495152193733475,,0.0104316394197692,0.2840236686390532,1.3587324409735149,Transit,1,0,335.057616,-13.1147717
CANDIDATE,-0.4126450046320278,0.756384465480058,0.0,-0.1075083535203745,78.0,805.0,88.7,-1.2865546511237642,-0.3485307898017741,0.0390058998294608,1.8931679241126125,,0.0538925957453979,0.8488003621548212,1.7864740025262411,Transit,1,0,335.057616,-13.1147717
CANDIDATE,-0.7072502900509053,2.1569576439241414,0.0,-0.1075083535203745,78.0,805.0,88.7,0.2011242466529375,-0.1887501710249049,0.0390058998294608,0.0495152193733475,,0.0149908129931692,0.3616898148148148,1.4433756729740643,Transit,1,0,332.3445038,-11.7342991
CANDIDATE,-0.7072634962666484,0.4972784274679028,0.0,-0.1075083535203745,78.0,805.0,88.7,-1.5357106291253908,-0.34739356119838,0.0390058998294608,1.888464728437256,,0.0735349060914236,1.0441955778317278,1.8814417367671945,Transit,1,0,332.3445038,-11.7342991
CANDIDATE,-0.707244962025933,1.3026080050732507,0.0,-0.1075083535203745,78.0,805.0,88.7,-1.6397272024658756,-0.2763167734862496,0.0390058998294608,0.0495152193733475,,0.030614352480594,0.58219643307652,1.6257834438102146,Transit,1,0,332.3445038,-11.7342991
CANDIDATE,-0.2344435171009072,-0.2796864620129601,0.0,-0.1075083535203745,78.0,805.0,89.32857,0.1902387913033519,-0.1027933156516646,0.0390058998294608,0.7973233317548377,0.12,0.241546024061975,2.307381557345173,2.2939036148026184,Transit,1,0,330.330489,-11.7244144
CANDIDATE,-0.2344606624120359,-0.3990884067363108,0.0,-0.1075083535203745,78.0,805.0,88.7,0.014862010671139,-0.1284770550450183,0.0390058998294608,0.0495152193733475,,0.3049616795837777,2.6953572471417986,2.384785900551493,Transit,1,0,330.330489,-11.7244144
CANDIDATE,0.4952310967017284,0.350218243731274,0.0,-0.1075083535203745,78.0,805.0,88.7,0.2011242466529375,0.4788030191674238,0.0390058998294608,0.0495152193733475,,0.0890863728065759,1.1866619200189863,1.942571724714528,Transit,1,0,330.7218052,-11.2150863
CANDIDATE,-0.7862340479370085,3.515513627014903,0.0,-0.1075083535203745,78.0,805.0,88.7,0.2011242466529375,-0.123928140631442,0.0390058998294608,0.0495152193733475,,0.0062750972561766,0.2023950075898127,1.2483755678647186,Transit,1,0,330.2420155,-11.1796342
CANDIDATE,3.224443580721985,-0.8822861532995195,0.0,-0.1075083535203745,78.0,805.0,88.7,0.2011242466529375,-0.2439057582895182,0.0390058998294608,0.0495152193733475,,1.0005242139994708,5.951200158698671,2.907009498669056,Transit,1,0,332.6357627,-11.1661157
CANDIDATE,-1.0412318112246657,-0.5321428586884988,0.0,-0.1075083535203745,78.0,805.0,88.7,0.8977933890264174,0.0193626633962128,0.0390058998294608,0.0495152193733475,,0.4047519508155705,3.255208333333333,2.5,Transit,1,0,333.7150426,-10.769157
CANDIDATE,-1.041234916962299,-0.72122023777845,0.0,-0.1075083535203745,78.0,805.0,85.4,0.9776200615900452,-0.0659294818583436,0.0390058998294608,-1.0980645254133357,-0.169,0.6377358100351431,4.40771349862259,2.6967994498529686,Transit,1,0,333.7150426,-10.769157
CANDIDATE,-1.0412317178703818,-0.0139307826641876,0.0,-0.1075083535203745,78.0,805.0,88.7,0.2011242466529375,0.0136765203792424,0.0390058998294608,0.0495152193733475,,0.1522115914851141,1.6959692464243314,2.123976976214366,Transit,1,0,333.7150426,-10.769157
CANDIDATE,-0.9899805633505256,-0.0559479780175102,0.0,-0.1075083535203745,78.0,805.0,88.7,1.248305051283075,0.7422135944285789,0.0390058998294608,0.0495152193733475,-0.81,0.1629943659338937,1.7751479289940826,2.1483446221182985,Transit,1,0,342.3413548,-10.7433097
CANDIDATE,-0.6255872642225624,-1.1203835936350135,0.0,-0.1075083535203745,78.0,805.0,88.7,0.2011242466529375,-0.1853384852147226,0.0390058998294608,0.0495152193733475,,2.2741618525933838,10.288065843621398,3.333333333333333,Transit,1,0,336.5503137,-10.6437939
CANDIDATE,1.271335349656735,-0.8472718238384175,0.0,-0.1075083535203745,78.0,805.0,88.7,0.2011242466529375,-0.1995538427571488,0.0390058998294608,0.0495152193733475,,0.9018631301124268,5.553241704845203,2.857142857142857,Transit,1,0,334.0195539,-10.5673649
CANDIDATE,-0.3111279134407618,3.529519358799344,0.0,-0.1075083535203745,78.0,805.0,88.7,0.2011242466529375,0.430470803523175,0.0390058998294608,0.0495152193733475,,0.0062264533087713,0.2013476871862332,1.246757452385074,Transit,1,0,336.963888,-10.336838
CANDIDATE,-1.0402017582737706,-0.0909623074786124,0.0,-0.1075083535203745,78.0,805.0,85.3,1.2666893758734856,-0.031812623756521,0.0390058998294608,-1.5072425491692425,-0.168,0.1727714966734735,1.845444059976932,2.1693045781865616,Transit,1,0,344.0163229,-10.3323149
CANDIDATE,-1.0401995655865706,0.4482583662223596,0.0,-0.1075083535203745,78.0,805.0,88.7,1.312650187349514,0.1615162388204736,0.0390058998294608,0.0495152193733475,,0.078284969306045,1.0886921178690667,1.9011727515734336,Transit,1,0,344.0163229,-10.3323149
CANDIDATE,-1.0401994813400215,0.6124920141240434,0.0,-0.1075083535203745,78.0,805.0,71.61968,1.1372734067173011,0.1461750249606874,0.0390058998294608,-1.3661466789085834,-0.08,0.0637893937417725,0.9497700518551754,1.8373839963165128,Transit,1,0,344.0163229,-10.3323149
CANDIDATE,-1.040200449036865,0.854424587971144,0.0,-0.1075083535203745,78.0,805.0,88.7,0.2011242466529375,0.0989686656337988,0.0390058998294608,0.0495152193733475,,0.0482946269433759,0.7889546351084813,1.7541160386140584,Transit,1,0,344.0163229,-10.3323149
CANDIDATE,-0.332939202592501,-0.0559479780175102,0.0,-0.1075083535203745,78.0,805.0,88.7,0.9123073294925316,0.3848736226700891,0.5934714861562922,-2.206560714137818,,0.1629943659338937,1.7751479289940826,2.1483446221182985,Transit,1,0,339.5115221,-10.2051939
CANDIDATE,-0.6722757907421746,-0.7352259695628909,0.0,-0.1075083535203745,78.0,805.0,88.7,0.2011242466529375,-0.1119872402958041,0.0390058998294608,0.0495152193733475,,0.6614999619359241,4.516541834468742,2.713293789876808,Transit,1,0,332.6644652,-9.889599
CANDIDATE,-0.672293254824028,-0.7422288354551111,0.0,-0.1075083535203745,78.0,805.0,88.7,-0.015375365299932,-0.1284770550450183,0.0390058998294608,0.0495152193733475,,0.6738257341017433,4.572473708276177,2.721655269759087,Transit,1,0,332.6644652,-9.889599
CANDIDATE,-0.6722951446790395,-0.7646573692344085,0.0,-0.1075083535203745,78.0,805.0,87.93456,0.41036688837275,-0.1022502889935439,0.0390058998294608,0.5151315912335196,-0.15,0.7154245323024194,4.758777217293045,2.7489646488944337,Transit,1,0,332.6644652,-9.889599
CANDIDATE,-0.6722871754109186,-0.8542746897306379,0.0,-0.1075083535203745,78.0,805.0,88.7,0.481727095664478,-0.1057324829771367,0.0390058998294608,0.364629329622151,,0.9205217817133046,5.629574028898481,2.86691089540498,Transit,1,0,332.6644652,-9.889599
CANDIDATE,-0.5116198992927331,1.12053349187552,0.0,-0.1075083535203745,78.0,805.0,88.7,0.2011242466529375,0.297983671227764,0.0390058998294608,0.0495152193733475,,0.0365393931026058,0.6550790462049088,1.6744367165578429,Transit,1,0,342.3740644,-9.6152957
CONFIRMED,-0.8254565086942307,-1.2464351796949813,0.0,-0.1075083535203745,78.0,805.0,88.7,0.2011242466529375,-0.0812820680041638,-1.4180064464627125,0.0495152193733475,,3.9297516812813664,14.814814814814811,3.651483716701107,Transit,1,1,335.0949721,-9.5097112
CONFIRMED,-0.8252447538555902,-0.4761199315507353,0.0,-0.1075083535203745,78.0,805.0,88.7,0.2011242466529375,-0.3633147616458972,0.0390058998294608,0.0495152193733475,,0.3580986219567645,3.0,2.449489742783178,Transit,1,1,335.0949721,-9.5097112
CONFIRMED,-0.8252611477785817,-1.176406520772777,0.0,-0.1075083535203745,78.0,805.0,89.9,-2.2045613856054853,-0.4298426349444513,0.0390058998294608,1.9731222505936536,-0.33,2.8647889756541165,12.0,3.4641016151377544,Transit,1,1,335.0949721,-9.5097112
CANDIDATE,-1.011097893188166,-0.1119709051552736,0.0,-0.1075083535203745,78.0,805.0,88.7,-1.074893019326266,-0.202396914265634,0.0390058998294608,0.0495152193733475,,0.1790156560350476,1.889644746787604,2.182178902359924,Transit,1,0,335.0949721,-9.5097112
CANDIDATE,-0.7272956178487294,-0.7632374331317724,0.0,-0.1075083535203745,78.0,805.0,88.7,0.2011242466529375,-0.3633147616458972,0.0390058998294608,0.0495152193733475,,0.7126909824526078,4.746647680075946,2.74721127897378,Transit,1,0,335.0949721,-9.5097112
CANDIDATE,0.2426246512067,-0.0559479780175102,0.0,-0.1075083535203745,78.0,805.0,88.7,0.2011242466529375,-0.0647922532549495,0.0390058998294608,0.0495152193733475,,0.1629943659338937,1.7751479289940826,2.1483446221182985,Transit,1,0,330.8663286,-9.3454283
CANDIDATE,3.122562180130908,0.2101609258868655,0.0,-0.1075083535203745,78.0,805.0,88.7,0.2011242466529375,-0.0289695522480358,0.0390058998294608,0.0495152193733475,,0.1082539730681351,1.3512904824107022,2.0067001862719533,Transit,1,0,338.0516437,-8.8033651
FALSE POSITIVE,-0.9274050788308984,-0.8682804215150788,0.0,-0.1075083535203745,78.0,805.0,88.7,0.671617816762805,-0.031812623756521,0.0390058998294608,-0.1433158033162158,,0.9594120315628336,5.787037037037037,2.886751345948129,Transit,1,2,331.5105424,-8.7318618
CANDIDATE,-0.1196662468366216,-0.0139307826641876,0.0,-0.1075083535203745,78.0,805.0,88.7,0.2011242466529375,0.0204430305694372,0.0390058998294608,0.0495152193733475,,0.1522115914851141,1.6959692464243314,2.123976976214366,Transit,1,0,339.5293247,-8.7177469
CANDIDATE,-1.032530438318593,-0.7632374331317724,0.0,-0.1075083535203745,78.0,805.0,88.7,-1.700201954408018,-0.2876890595201905,0.0390058998294608,0.0495152193733475,,0.7126909824526078,4.746647680075946,2.74721127897378,Transit,1,0,337.3577853,-8.2666588
CANDIDATE,-1.032531451554111,-0.7422288354551111,0.0,-0.1075083535203745,78.0,805.0,84.8,-1.6881070040195896,-0.2876890595201905,0.0390058998294608,2.170656468958574,0.017,0.6738257341017433,4.572473708276177,2.721655269759087,Transit,1,0,337.3577853,-8.2666588
CANDIDATE,-1.0325308823206738,-1.2044179843416587,0.0,-0.1075083535203745,78.0,805.0,88.7,0.2011242466529375,-0.3826476479035967,0.0390058998294608,0.0495152193733475,,3.238015606524564,13.020833333333334,3.5355339059327378,Transit,1,0,337.3577853,-8.2666588
CANDIDATE,-0.5908499815641183,-0.0559479780175102,0.0,-0.1075083535203745,78.0,805.0,88.7,-0.2028470963205733,0.7128958410330795,0.0390058998294608,0.0495152193733475,,0.1629943659338937,1.7751479289940826,2.1483446221182985,Transit,1,0,335.1185265,-8.0607125
CANDIDATE,-0.9073980490587296,-0.8472718238384175,0.0,-0.1075083535203745,78.0,805.0,88.7,-1.6481936677377755,-0.2763167734862496,0.0390058998294608,0.0495152193733475,,0.9018631301124268,5.553241704845203,2.857142857142857,Transit,1,0,337.0856329,-8.0416566
CANDIDATE,-0.9073919696456204,-1.0853692641739117,0.0,-0.1075083535203745,78.0,805.0,87.18,-1.7195538750295034,-0.2763014209001038,-1.0776385052028816,1.1261707733756767,,1.9854424644684388,9.397760200485552,3.2587526795614106,Transit,1,0,337.0856329,-8.0416566
CONFIRMED,-0.901870405304725,-1.2044179843416587,0.0,-0.1075083535203745,78.0,805.0,88.7,0.2011242466529375,-0.0812820680041638,-0.4815756784440641,0.0495152193733475,,3.238015606524564,13.020833333333334,3.5355339059327378,Transit,1,1,337.6178427,-7.972456
CONFIRMED,-0.9017975434247628,-1.022343471143928,0.0,-0.1075083535203745,78.0,805.0,88.7,0.2011242466529375,-0.1915932425333901,0.0390058998294608,0.0495152193733475,,1.5776590197274862,8.06234883095942,3.1362502409359,Transit,1,1,337.6178427,-7.972456
CONFIRMED,0.9104711783004256,-0.0349393803408491,0.0,-0.1075083535203745,78.0,805.0,88.7,-0.4483745892056713,-0.1569077701298705,0.0390058998294608,0.0495152193733475,,0.1574799946180266,1.7348812329222632,2.136056563526713,Transit,1,1,337.6178427,-7.972456
CONFIRMED,0.9117050486989128,-0.3710769431674291,0.0,-0.1075083535203745,78.0,805.0,88.7,0.2011242466529375,-0.1915932425333901,0.0390058998294608,0.0495152193733475,,0.2882552706709212,2.5959978366684697,2.362497692874473,Transit,1,1,337.6178427,-7.972456
CONFIRMED,0.9120434010539876,-0.4102929921638635,0.0,-0.1075083535203745,78.0,805.0,88.7,-0.4447461040891428,-0.1409865696823533,-0.1088515898576942,0.5433507652856523,0.019,0.312005754991181,2.7367044058204235,2.393879492745607,Transit,1,1,337.6178427,-7.972456
CANDIDATE,0.1132720449360748,-0.8752832874072992,0.0,-0.1075083535203745,78.0,805.0,88.7,0.2011242466529375,-0.2313962436521832,0.0390058998294608,0.0495152193733475,,0.9796806367176184,5.868257616509365,2.8968272975116056,Transit,1,0,337.6528983,-7.7723921
CANDIDATE,-0.4864017195576458,0.6583443429889724,0.0,-0.1075083535203745,78.0,805.0,88.7,0.2011242466529375,-0.215475043204666,0.0390058998294608,0.0495152193733475,,0.0603902635809497,0.9157229632795092,1.820691387103213,Transit,1,0,337.0778724,-7.5419744
CANDIDATE,-0.9526300893672324,0.350218243731274,0.0,-0.1075083535203745,78.0,805.0,88.7,0.2011242466529375,0.4082948457569904,0.0390058998294608,0.0495152193733475,,0.0890863728065759,1.1866619200189863,1.942571724714528,Transit,1,0,331.3563908,-7.3104388
CANDIDATE,0.3342632653286982,0.0280864126891348,0.0,-0.1075083535203745,78.0,805.0,88.7,0.2011242466529375,-0.2387882295742448,0.0390058998294608,0.0495152193733475,,0.1423593264826594,1.6219723183391,2.100420126042015,Transit,1,0,337.8799569,-7.2689116
CANDIDATE,-0.9118775291308012,-0.6161772493951436,0.0,-0.1075083535203745,78.0,805.0,88.7,0.2011242466529375,-0.2387882295742448,0.0390058998294608,0.0495152193733475,,0.4912189601601708,3.7037037037037033,2.581988897471611,Transit,1,0,337.8799569,-7.2689116
CANDIDATE,-0.6861650866099939,-0.8052546284850949,0.0,-0.1075083535203745,78.0,805.0,88.7,0.2011242466529375,-0.255846658625156,0.0390058998294608,0.0495152193733475,,0.7998680401549698,5.126233499935922,2.80056016805602,Transit,1,0,332.7659026,-6.3952942
CANDIDATE,-1.0316937676279192,-0.4621141997662945,0.0,-0.1075083535203745,78.0,805.0,88.7,0.2011242466529375,-0.1432610268891415,0.0390058998294608,0.0495152193733475,,0.3475669944577018,2.9408881482207625,2.4373333911071624,Transit,1,0,337.1335977,-6.3475875
CANDIDATE,-1.0317041276764765,-1.0643606664972505,0.0,-0.1075083535203745,78.0,805.0,81.6,-0.1363248691842168,-0.1341631980619888,0.0390058998294608,0.5010220042074532,-0.063,1.8353490403294757,8.917954815695602,3.2163376045133845,Transit,1,0,337.1335977,-6.3475875
CANDIDATE,-1.0316977898313866,-0.9523148122217236,0.0,-0.1075083535203745,78.0,805.0,88.7,-0.1726097203495022,-0.1398493410789592,0.0390058998294608,0.0495152193733475,,1.2455777539748882,6.887052341597795,3.015113445777636,Transit,1,0,337.1335977,-6.3475875
CANDIDATE,1.0134404978366909,1.7647971539597984,0.0,-0.1075083535203745,78.0,805.0,88.7,1.8919983109552376,0.4742541047538474,0.0390058998294608,0.0495152193733475,,0.0203742957417367,0.4437869822485206,1.5191090506254998,Transit,1,0,337.8536542,-5.9779773
CANDIDATE,0.1065698904464149,-1.4047699775180849,0.0,-0.1075083535203745,41.745,805.0,89.9971,-0.2742073036123013,-0.1478099413027178,-0.2074232496491307,0.5433507652856523,0.04,9.36065561689646,26.423499422129076,4.219809979202,Transit,1,0,339.060796,-5.6026936
CANDIDATE,2.087131794801346,1.729082537909474,0.0,-0.1075083535203745,78.0,805.0,88.7,-1.0627980689378376,-0.2080830572826044,-0.3891647473895921,1.013670332821177,-0.335,0.0209857242151582,0.4526217947729047,1.5266137760696668,Transit,1,0,340.3502909,-5.4936767
CANDIDATE,0.3064949197949294,-0.3150540160296657,0.0,-0.1075083535203745,78.0,805.0,88.7,0.2011242466529375,0.0318721780335478,0.0390058998294608,0.0495152193733475,,0.2583319056239181,2.4130788875706326,2.319734019081177,Transit,1,0,339.8224026,-5.3446412
CANDIDATE,-0.1538353275088484,-0.0559479780175102,0.0,-0.1075083535203745,78.0,805.0,88.7,0.3934339578289502,0.4014657879936088,0.2546314056232284,-2.5006045077610293,,0.1629943659338937,1.7751479289940826,2.1483446221182985,Transit,1,0,334.492397,-4.8647054
CANDIDATE,1.2402177484251355,-0.0706439472786178,0.0,-0.1075083535203745,78.0,805.0,89.55813,0.0958981782736098,-0.1299241784428373,0.0390058998294608,0.1859078939586498,-0.17,0.1670057256738694,1.8041545120651497,2.157067540953057,Transit,1,0,335.2401767,-4.1394078
CANDIDATE,1.240403204678977,-0.0209336485564082,0.0,-0.1075083535203745,78.0,805.0,88.7,0.2011242466529375,-0.1296142836484125,0.0390058998294608,0.0495152193733475,,0.1539412522097633,1.708793164827341,2.127980706395726,Transit,1,0,335.2401767,-4.1394078
CANDIDATE,1.2402264007733812,0.1751465964257636,0.0,-0.1075083535203745,78.0,805.0,88.7,0.3377971860421792,-0.0886740539262253,0.0390058998294608,0.0495152193733475,,0.1138910968907792,1.397803119430628,2.0237497720646545,Transit,1,0,335.2401767,-4.1394078
CANDIDATE,0.9448297260452924,-0.0559479780175102,0.0,-0.1075083535203745,78.0,805.0,88.7,0.5349327824231745,0.0899447566658668,0.3501227010461827,-0.8594714088025646,-0.01,0.1629943659338937,1.7751479289940826,2.1483446221182985,Transit,1,0,336.0111971,-3.9544253
CANDIDATE,-0.6321162579006243,4.037587006260659,0.0,-0.1075083535203745,78.0,805.0,38.93841,-0.5415057071965705,-0.1784957807081005,0.0390058998294608,0.7032594182477303,-0.1,0.0047556993933994,0.1682399323298808,1.1920036431759211,Transit,1,0,60.0924866,12.6338236
CANDIDATE,0.2073469781693134,-0.3500683454907677,0.0,-0.1075083535203745,78.0,805.0,88.7,0.2011242466529375,0.0210685063013039,0.0390058998294608,0.0495152193733475,,0.2765178401076458,2.52503997979968,2.346185661017325,Transit,1,0,62.5178165,12.7794292
CANDIDATE,-0.7491815050424145,-0.0769565756941716,0.0,-0.1075083535203745,78.0,805.0,88.7,0.2011242466529375,-0.2461802154963063,0.0390058998294608,0.0495152193733475,,0.1687692291446467,1.8168329573498467,2.160847218196859,Transit,1,0,54.9158205,13.0953289
CANDIDATE,0.6349779055357297,-0.5951686517184823,0.0,-0.1075083535203745,78.0,805.0,88.7,0.2011242466529375,-0.2797284592964318,0.0390058998294608,0.0495152193733475,,0.4674545243636996,3.5832661470930747,2.56073759865792,Transit,1,0,60.7088833,13.3435999
CANDIDATE,-0.7218662693246615,-1.001334873467267,0.0,-0.1075083535203745,78.0,805.0,88.7,0.2011242466529375,-0.2797284592964318,0.0390058998294608,0.0495152193733475,,1.4667719555349077,7.68,3.0983866769659336,Transit,1,0,60.7088833,13.3435999
FALSE POSITIVE,-0.9716069352648158,-0.0559479780175102,0.0,-0.1075083535203745,78.0,805.0,88.7,0.3402161761198649,-0.0812820680041638,0.0390058998294608,0.0495152193733475,,0.1629943659338937,1.7751479289940826,2.1483446221182985,Transit,1,2,64.3252762,13.8048326
FALSE POSITIVE,-0.971601956749174,2.528109536211824,0.0,-0.1075083535203745,78.0,805.0,77.4,0.8687655080941891,-0.0773017678922845,0.0390058998294608,-1.695370376183453,0.3,0.0115117327951547,0.3033052691707886,1.3812277665483923,Transit,1,2,64.3252762,13.8048326
CANDIDATE,1.646676493481435,-0.7479011568278097,0.0,-0.1075083535203745,28.046,805.0,91.0247,0.213219197041366,0.0699693362472496,1.409768043804127,-0.11979982493944,0.11,0.684035042617185,4.618543681499131,2.728485030233527,Transit,1,0,64.5802782,13.8777944
CANDIDATE,1.1790143384902148,-0.4176516176491405,0.0,-0.1075083535203745,78.0,805.0,88.98515,-0.4350701437784,-0.1758323913189516,0.0390058998294608,0.9854511587690484,-0.14,0.3167503748817626,2.764378966841536,2.399908624738664,Transit,1,0,60.3724029,14.0001347
CANDIDATE,1.1790284554794577,-0.3290597478141066,0.0,-0.1075083535203745,78.0,805.0,88.7,0.2011242466529375,-0.2035341428690281,0.0390058998294608,0.0495152193733475,,0.265409103902127,2.456952150856862,2.3302069121418523,Transit,1,0,60.3724029,14.0001347
CANDIDATE,-0.5446263309156689,4.215800216236944,0.0,-0.1075083535203745,78.0,805.0,88.7,0.2011242466529375,-0.3530797042153504,0.0390058998294608,0.0495152193733475,,0.0043504569844846,0.1585414189456996,1.174440439029407,Transit,1,0,64.2438245,14.7715619
CANDIDATE,-0.951908096444818,-0.0559479780175102,0.0,-0.1075083535203745,78.0,805.0,88.7,0.521640431946292,1.29587333999099,0.0390058998294608,0.0495152193733475,,0.1629943659338937,1.7751479289940826,2.1483446221182985,Transit,1,0,64.285922,14.9363492
CANDIDATE,-0.6559820528355983,-0.7492317013473315,0.0,-0.1075083535203745,78.0,805.0,88.7,0.2011242466529375,-0.2865518309167964,0.0390058998294608,0.0495152193733475,,0.6864596406650105,4.629451024266039,2.7300945311597404,Transit,1,0,60.3093491,15.3279672
CANDIDATE,1.681559118513401,-0.7842460308084337,0.0,-0.1075083535203745,78.0,805.0,88.7,0.2011242466529375,-0.3309037464491658,0.0390058998294608,0.0495152193733475,,0.7546035459902487,4.930966469428007,2.773500981126145,Transit,1,0,59.9013782,15.5587994
FALSE POSITIVE,-0.9512162717561088,-0.0559479780175102,0.0,-0.1075083535203745,78.0,805.0,88.7,0.2473753369382877,-0.0001578655810466,0.0390058998294608,0.0495152193733475,-0.652,0.1629943659338937,1.7751479289940826,2.1483446221182985,Transit,1,2,58.0186639,15.6353741
CANDIDATE,-0.2316378793356078,-0.1960052958619187,0.0,-0.1075083535203745,78.0,805.0,88.7,0.2011242466529375,-0.413352820195237,0.0390058998294608,0.0495152193733475,,0.2072329988175721,2.083333333333333,2.23606797749979,Transit,1,0,65.0559891,15.819996
CANDIDATE,-0.8354494563307868,-0.0559479780175102,0.0,-0.1075083535203745,78.0,805.0,88.7,1.2999988692432176,0.1708130826532202,0.9877581253220384,-0.939284639413342,0.0625,0.1629943659338937,1.7751479289940826,2.1483446221182985,Transit,1,0,61.1318619,16.216647
CANDIDATE,-0.8354458724370661,-0.0489451121252899,0.0,-0.1075083535203745,78.0,805.0,88.7,0.2011242466529375,0.0534795214980354,0.0390058998294608,0.0495152193733475,,0.1611280364623956,1.7615713216188842,2.14422506967559,Transit,1,0,61.1318619,16.216647
CANDIDATE,-0.8354485826997691,0.1617138811458195,0.0,-0.1075083535203745,1867.8804,1676.71,88.7,1.2999988692432176,0.1708130826532202,0.0390058998294608,-0.939284639413342,,0.1161575290022991,1.416286334510921,2.030406886287292,Transit,1,0,61.1318619,16.216647
CANDIDATE,0.5433195355980599,-0.0559479780175102,0.0,-0.1075083535203745,78.0,805.0,88.7,0.0487278717587387,-0.1731491004292432,0.017443349250084,0.9718118913105166,,0.1629943659338937,1.7751479289940826,2.1483446221182985,Transit,1,0,59.4758973,16.3575273
CANDIDATE,0.542363625302361,-0.0559479780175102,0.0,-0.1075083535203745,78.0,805.0,88.7,-0.1992186112040448,-0.2308276293504862,0.0390058998294608,0.0495152193733475,,0.1629943659338937,1.7751479289940826,2.1483446221182985,Transit,1,0,59.4758973,16.3575273
CANDIDATE,0.5422873480217756,-0.4481084679818536,0.0,-0.1075083535203745,78.0,805.0,88.7,0.2011242466529375,-0.229121786445395,0.0390058998294608,0.0495152193733475,,0.3374443294403778,2.883506343713956,2.425356250363329,Transit,1,0,59.4758973,16.3575273
CANDIDATE,-0.5282779465991209,-1.1133807277427932,0.0,-0.1075083535203745,78.0,805.0,89.03,-2.071516931332772,-0.4020891394929203,-1.823813648366583,2.10020259774175,,2.212142720861167,10.10015991919872,3.318007581655986,Transit,1,0,60.4636158,16.4328519
CANDIDATE,-0.528175484580424,-1.1133807277427932,0.0,-0.1075083535203745,78.0,805.0,88.7,0.2011242466529375,-0.4235878776257838,0.0390058998294608,0.0495152193733475,,2.212142720861167,10.10015991919872,3.318007581655986,Transit,1,0,60.4636158,16.4328519
CANDIDATE,0.7368937549959602,-0.0559479780175102,0.0,-0.1075083535203745,78.0,805.0,88.7,0.6926993152898362,0.0223592607661562,0.0390058998294608,0.0495152193733475,0.013,0.1629943659338937,1.7751479289940826,2.1483446221182985,Transit,1,0,53.7726155,16.615182
CANDIDATE,-0.6568425345609504,-0.0559479780175102,0.0,-0.1075083535203745,78.0,805.0,88.7,1.6421529207814711,0.7230740370334565,1.394366221961715,-2.9949103732408666,-0.052,0.1629943659338937,1.7751479289940826,2.1483446221182985,Transit,1,0,56.8687464,16.9416013
CANDIDATE,-1.0174817733245478,-0.0559479780175102,0.0,-0.1075083535203745,78.0,805.0,88.7,0.2011242466529375,-0.0812820680041638,0.0390058998294608,0.0495152193733475,,0.1629943659338937,1.7751479289940826,2.1483446221182985,Transit,1,0,65.623286,17.0378768
CANDIDATE,-0.8103089792368118,0.9244532468933482,0.0,-0.1075083535203745,78.0,805.0,88.7,0.2011242466529375,-0.4093725200833577,0.0390058998294608,0.0495152193733475,,0.0447623277445955,0.75,1.7320508075688772,Transit,1,0,61.0019418,17.3280323
CANDIDATE,-0.8103183146651821,0.5743099522823273,0.0,-0.1075083535203745,78.0,805.0,88.7,-1.7461627658840462,-0.4070980628765696,0.0390058998294608,2.3964098613756266,,0.0668172355837694,0.979591836734694,1.8516401995451028,Transit,1,0,61.0019418,17.3280323
CANDIDATE,2.0320251026722738,0.2595193586094547,0.0,-0.1075083535203745,78.0,805.0,88.95754,1.2437089701354715,0.2516228413674989,0.0390058998294608,-1.554274505922794,0.28,0.1009222044830601,1.289567186510233,1.9833817143517936,Transit,1,0,57.2668796,17.3754864
CANDIDATE,-0.8136175916672264,0.2241666576713064,0.0,-0.1075083535203745,78.0,805.0,88.7,-1.771562161699746,-0.4201761918156015,0.0390058998294608,2.476364187856664,,0.1061032953945969,1.3333333333333333,2.0,Transit,1,0,55.5807493,17.8002937
CANDIDATE,-0.8136243086217853,-0.5111342610118375,0.0,-0.1075083535203745,78.0,805.0,88.7,0.2011242466529375,-0.4201761918156015,0.0390058998294608,0.0495152193733475,,0.3863570155470074,3.155818540433925,2.480694691784169,Transit,1,0,55.5807493,17.8002937
CANDIDATE,2.098033070510585,-0.1189737710474941,0.0,-0.1075083535203745,78.0,805.0,88.7,0.2011242466529375,-0.2461802154963063,0.0390058998294608,0.0495152193733475,,0.1811638211303999,1.9047316709258588,2.186521551237011,Transit,1,0,55.0113018,17.8043597
CANDIDATE,-0.6585174185649126,-0.7912488967006541,0.0,-0.1075083535203745,78.0,805.0,88.7,0.2011242466529375,-0.0113425088954275,0.0390058998294608,0.0495152193733475,,0.7693032058417955,4.994797086368366,2.782433374561009,Transit,1,0,52.5196213,17.8712249
CANDIDATE,-0.9230394329231324,-0.0559479780175102,0.0,-0.1075083535203745,78.0,805.0,88.7,0.8288521718123751,-0.0205711190119705,0.5318641987866443,0.0060576913330684,,0.1629943659338937,1.7751479289940826,2.1483446221182985,Transit,1,0,58.435751,17.8987325
CANDIDATE,-0.9230719600602012,-0.5531514563651599,0.0,-0.1075083535203745,78.0,805.0,88.7,0.7357210538214759,0.0079903773622719,0.0390058998294608,-0.2373797168233233,,0.4243334068978909,3.3593684387335183,2.519763153394848,Transit,1,0,58.435751,17.8987325
CANDIDATE,2.487479818909242,0.819410258510042,0.0,-0.1075083535203745,78.0,805.0,88.7,0.2011242466529375,-0.1080069401839248,0.0390058998294608,0.0495152193733475,,0.0502007780494135,0.8095800303592511,1.7654696590094991,Transit,1,0,51.5489144,18.0665887
CANDIDATE,0.6084060886869673,7.494912025317552e-05,0.0,-0.1075083535203745,78.0,805.0,88.7,0.2011242466529375,-0.1080069401839248,0.0390058998294608,0.0495152193733475,,0.1488292367897499,1.67075072399198,2.1160368475757947,Transit,1,0,51.5489144,18.0665887
CANDIDATE,0.0643555387432395,-0.6932087742095683,0.0,-0.1075083535203745,78.0,805.0,88.7,0.2011242466529375,-0.1080069401839248,0.0390058998294608,0.0495152193733475,,0.5935161253851388,4.201533559749309,2.664693550105965,Transit,1,0,51.5489144,18.0665887
CANDIDATE,-0.666562963966378,-0.0559479780175102,0.0,-0.1075083535203745,78.0,805.0,88.7,-2.1549720890129285,-0.3864761279969229,-1.726714402743281,1.962540060324104,,0.1629943659338937,1.7751479289940826,2.1483446221182985,Transit,1,0,52.8346342,18.3160503
CANDIDATE,-0.6664753020170484,-1.0713635323894708,0.0,-0.1075083535203745,78.0,805.0,88.7,0.2011242466529375,-0.4304112492461483,0.0390058998294608,0.0495152193733475,,1.8836452539847897,9.073724007561438,3.230291412348993,Transit,1,0,52.8346342,18.3160503
CANDIDATE,-0.4255609113222253,-0.0559479780175102,0.0,-0.1075083535203745,78.0,805.0,88.7,-2.1549720890129285,-0.3864761279969229,-1.726714402743281,1.962540060324104,,0.1629943659338937,1.7751479289940826,2.1483446221182985,Transit,1,0,52.8346342,18.3160503
CANDIDATE,-0.42535826421858,-1.0433520688205893,0.0,-0.1075083535203745,78.0,805.0,88.7,0.2011242466529375,-0.4304112492461483,0.0390058998294608,0.0495152193733475,,1.7000110824284929,8.473977826424688,3.175536744149779,Transit,1,0,52.8346342,18.3160503
CANDIDATE,-0.1730022814359222,-1.0433520688205893,0.0,-0.1075083535203745,78.0,805.0,88.7,0.2011242466529375,-0.4304112492461483,0.0390058998294608,0.0495152193733475,,1.7000110824284929,8.473977826424688,3.175536744149779,Transit,1,0,52.8346342,18.3160503
CANDIDATE,-0.173286898154525,-0.0559479780175102,0.0,-0.1075083535203745,78.0,805.0,88.7,-2.1549720890129285,-0.3864761279969229,-1.726714402743281,1.962540060324104,,0.1629943659338937,1.7751479289940826,2.1483446221182985,Transit,1,0,52.8346342,18.3160503
CANDIDATE,-0.4932427670059839,-1.2540683035175015,0.0,-0.1075083535203745,391.097,805.0,90.0307,0.9933434970950022,-0.0295381665497329,-0.4877364071810289,-0.7171056757095575,-0.252,4.076062231585507,15.18028850669617,3.6737983765176287,Transit,1,0,59.3753688,18.4535477
CANDIDATE,-0.4284640018519743,-1.1296273766127447,0.0,-0.1075083535203745,107.349,805.0,89.9948,0.2688559688281369,-0.1398493410789592,0.6150340367356686,1.051295898224019,0.015,2.3596284058920074,10.54423877555238,3.353892354527688,Transit,1,0,58.2262717,18.4901888
CANDIDATE,2.225541360444664,-0.0559479780175102,0.0,-0.1075083535203745,78.0,805.0,88.7,-2.112639762653429,-0.3871357205868914,-1.7308359302683105,1.9681838951345296,,0.1629943659338937,1.7751479289940826,2.1483446221182985,Transit,1,0,54.3977776,18.8962644
FALSE POSITIVE,1.7877881305584873,-0.0559479780175102,0.0,-0.1075083535203745,78.0,805.0,88.7,1.2690237012984529,0.4717180849682785,0.9631152103741794,-2.342436037198832,-0.2036,0.1629943659338937,1.7751479289940826,2.1483446221182985,Transit,1,2,65.8590018,19.0274791
FALSE POSITIVE,-0.9829281458653504,-0.0559479780175102,0.0,-0.1075083535203745,78.0,805.0,88.7,1.211052604086715,0.2659479414701525,0.9015079230045312,-1.4802932379494578,-0.0666,0.1629943659338937,1.7751479289940826,2.1483446221182985,Transit,1,2,64.6449782,19.1790392
FALSE POSITIVE,-0.9829114525255708,2.6901068328965585,0.0,-0.1075083535203745,1486.34,1729.0,88.7,1.211052604086715,0.2638668131259414,0.0390058998294608,-1.4802932379494578,,0.0103296142719813,0.2821687349934836,1.3565085464437938,Transit,1,2,64.6449782,19.1790392
FALSE POSITIVE,-0.9829002158575204,0.9034446492166872,0.0,-0.1075083535203745,78.0,805.0,80.0,0.9135168245313744,-0.071615624875314,0.0390058998294608,-2.0716260302118745,0.04,0.045784778392527,0.7613778400979639,1.738582763399234,Transit,1,2,64.6449782,19.1790392
CANDIDATE,-0.9184491618087106,-0.0559479780175102,0.0,-0.1075083535203745,78.0,805.0,88.7,-0.2939220727454399,5.595365090127928,0.0390058998294608,0.0495152193733475,-0.259,0.1629943659338937,1.7751479289940826,2.1483446221182985,Transit,1,0,62.5328988,19.4111732
CANDIDATE,0.213084851216347,-0.4551113338740742,0.0,-0.1075083535203745,78.0,805.0,88.7,0.2011242466529375,-0.2103575144893926,0.0390058998294608,0.0495152193733475,,0.3424557976124969,2.911985245941421,2.431322695419324,Transit,1,0,59.8886978,19.5192704
CANDIDATE,0.2131964209700393,-0.0559479780175102,0.0,-0.1075083535203745,78.0,805.0,88.7,-0.8741168428783535,-0.2080830572826044,0.0390058998294608,0.0495152193733475,,0.1629943659338937,1.7751479289940826,2.1483446221182985,Transit,1,0,59.8886978,19.5192704
CANDIDATE,-0.9804268965728616,0.014080680904694,0.0,-0.1075083535203745,78.0,805.0,88.7,0.2011242466529375,0.5652323930253743,0.0390058998294608,0.0495152193733475,,0.1455463585659765,1.6460905349794237,2.1081851067789192,Transit,1,0,52.818831,19.8913826
CANDIDATE,0.5981371174797764,-0.0559479780175102,0.0,-0.1075083535203745,78.0,805.0,88.7,-0.8293655264411681,-0.1739661991807818,0.0390058998294608,0.0495152193733475,,0.1629943659338937,1.7751479289940826,2.1483446221182985,Transit,1,0,57.1010868,20.081073
CANDIDATE,0.5985583502233086,-0.3990884067363108,0.0,-0.1075083535203745,78.0,805.0,88.7,0.2011242466529375,-0.1540646986213853,0.0390058998294608,0.0495152193733475,,0.3049616795837777,2.6953572471417986,2.384785900551493,Transit,1,0,57.1010868,20.081073
FALSE POSITIVE,-1.0238480231629128,-0.0559479780175102,0.0,-0.1075083535203745,78.0,805.0,88.7,-2.4525078685682686,-0.449860132821394,-2.1054328803907176,2.624279691846589,,0.1629943659338937,1.7751479289940826,2.1483446221182985,Transit,1,2,61.7643174,20.2806046
CANDIDATE,-1.0018681555287452,-0.0559479780175102,0.0,-0.1075083535203745,78.0,805.0,88.7,-0.6721311713915981,4.726863605715863,0.0390058998294608,0.0495152193733475,,0.1629943659338937,1.7751479289940826,2.1483446221182985,Transit,1,0,57.7890482,20.5350814
CANDIDATE,-0.8618259714641777,-0.7282231036706704,0.0,-0.1075083535203745,78.0,805.0,88.7,0.2011242466529375,-0.0443221383938559,0.0390058998294608,0.0495152193733475,,0.6494729871098153,4.461629982153481,2.705008904002297,Transit,1,0,58.8564158,20.6600216
CANDIDATE,-0.6905994150858262,-0.4901256633351761,0.0,-0.1075083535203745,78.0,805.0,88.7,0.2011242466529375,-0.0443221383938559,0.0390058998294608,0.0495152193733475,,0.3690600752518189,3.0609121518212428,2.461829819586655,Transit,1,0,58.8564158,20.6600216
CANDIDATE,0.9716398114877336,-0.0559479780175102,0.0,-0.1075083535203745,78.0,805.0,88.7,-0.0364084840254096,-0.0680959023478093,-0.0441639381195639,-0.0306272349347048,0.07,0.1629943659338937,1.7751479289940826,2.1483446221182985,Transit,1,0,56.6413292,21.0342354
CANDIDATE,-0.8076181774866674,-0.0559479780175102,0.0,-0.1075083535203745,78.0,805.0,88.7,1.398524335107356,0.522802393832741,1.1171334287982992,-2.452867071656172,,0.1629943659338937,1.7751479289940826,2.1483446221182985,Transit,1,0,60.0511457,21.4475359
CANDIDATE,-0.8900225626974252,-0.0559479780175102,0.0,-0.1075083535203745,78.0,805.0,88.7,1.3053932171164568,1.0982969285803184,0.9939188540590032,-4.246054486798874,,0.1629943659338937,1.7751479289940826,2.1483446221182985,Transit,1,0,57.1204621,21.797343
CANDIDATE,-0.1252219651837494,-1.008337739359487,0.0,-0.1075083535203745,78.0,805.0,88.7,0.2011242466529375,-0.3974316197477199,0.0390058998294608,0.0495152193733475,,1.502545323909757,7.804370447450572,3.110855084191276,Transit,1,0,56.7378347,21.9166625
CANDIDATE,1.2626260780674878,-0.8194704462463024,0.0,-0.1075083535203745,58.55,805.0,89.079,1.027209358182602,0.0301663351284566,0.3901674378364539,-0.444320326538953,0.115,0.832569834560433,5.265018917278782,2.819325993817632,Transit,1,0,53.2390995,22.1158827
CANDIDATE,1.2632813796003992,-0.3598723577398764,0.0,-0.1075083535203745,78.0,805.0,88.7,1.027209358182602,0.0301663351284566,0.3901674378364539,-0.444320326538953,0.115,0.2819144129605015,2.55778679823922,2.3537557657892525,Transit,1,0,53.2390995,22.1158827
FALSE POSITIVE,-0.9738401826242667,2.9832958192061514,0.0,-0.1075083535203745,78.0,805.0,74.3,1.2158905842420862,-0.0374987667734915,0.0390058998294608,-6.962949532581349,0.0,0.0085706591809277,0.2491508109858897,1.3149549909567533,Transit,1,2,60.9037642,22.2491134
CANDIDATE,-1.0421961245443645,-0.3500683454907677,0.0,-0.1075083535203745,78.0,805.0,81.8,-0.2355034623693302,-0.1398493410789592,0.0390058998294608,-4.987607348932139,-0.06,0.2765178401076458,2.52503997979968,2.346185661017325,Transit,1,0,59.920055,22.3658789
CANDIDATE,-0.5951344137989314,-0.287042552460784,0.0,-0.1075083535203745,78.0,805.0,88.7,0.2011242466529375,-0.0386359953768856,0.0390058998294608,0.0495152193733475,,0.2449148198447523,2.32878573230608,2.2992049957180423,Transit,1,0,52.8888524,22.4348186
CANDIDATE,0.4163250961031476,-0.0419422462330693,0.0,-0.1075083535203745,78.0,805.0,88.7,0.2011242466529375,-0.0386359953768856,0.0390058998294608,0.0495152193733475,,0.1592900918854105,1.7481498747159254,2.140129125019265,Transit,1,0,52.8888524,22.4348186
CANDIDATE,1.3185134169323445,0.1891523282102044,0.0,-0.1075083535203745,78.0,805.0,88.7,0.2011242466529375,-0.0386359953768856,0.0390058998294608,0.0495152193733475,,0.11159033691484,1.3789141051422005,2.016877936358443,Transit,1,0,52.8888524,22.4348186
CANDIDATE,2.366312789465636,-0.2450253571074615,0.0,-0.1075083535203745,78.0,805.0,88.7,0.2011242466529375,-0.0386359953768856,0.0390058998294608,0.0495152193733475,,0.2264774015945749,2.210392528873252,2.2694084234167016,Transit,1,0,52.8888524,22.4348186
CANDIDATE,-0.8738367969892182,-0.8542746897306379,0.0,-0.1075083535203745,78.0,805.0,88.7,0.2011242466529375,-0.0386359953768856,0.0390058998294608,0.0495152193733475,,0.9205217817133046,5.629574028898481,2.86691089540498,Transit,1,0,52.8888524,22.4348186
CANDIDATE,-0.2720272686391017,-1.1879612494949408,0.0,-0.1075083535203745,220.293,805.0,90.0013,0.5010790162859635,-0.0301067808514299,-0.0688068530674231,-0.3267404346550739,0.32,3.011407612946518,12.406021158986004,3.4930390507211246,Transit,1,0,52.9355857,22.4598921
CANDIDATE,-0.931777630678725,-0.0559479780175102,0.0,-0.1075083535203745,78.0,805.0,88.7,1.3027323280310028,1.0842180384702995,0.9939188540590032,-4.211485998585013,0.1399,0.1629943659338937,1.7751479289940826,2.1483446221182985,Transit,1,0,61.0894452,23.1177955
CANDIDATE,-0.7037714768227664,-0.1049680392630533,0.0,-0.1075083535203745,78.0,805.0,88.7,0.2011242466529375,0.0580284359116118,0.0390058998294608,0.0495152193733475,,0.176901319870848,1.874736365198644,2.177862025921883,Transit,1,0,59.1328735,23.91146
FALSE POSITIVE,-0.8017900593089662,-0.0559479780175102,0.0,-0.1075083535203745,78.0,805.0,88.7,5.85672304828209,0.7492644117696224,5.183214395195061,-1.7317260787539517,,0.1629943659338937,1.7751479289940826,2.1483446221182985,Transit,1,2,56.8728112,24.2881368
CANDIDATE,-0.3111279134407618,4.215800216236944,0.0,-0.1075083535203745,78.0,805.0,88.7,0.2011242466529375,-0.0261264807395506,0.0390058998294608,0.0495152193733475,,0.0043504569844846,0.1585414189456996,1.174440439029407,Transit,1,0,59.3313141,24.3590848
CANDIDATE,2.138930216040067,0.6093242817434292,0.0,-0.1075083535203745,78.0,805.0,88.7,0.2011242466529375,-0.0261264807395506,0.0390058998294608,0.0495152193733475,,0.0640335496959661,0.9521920253917874,1.8385542391076868,Transit,1,0,59.3313141,24.3590848
FALSE POSITIVE,-0.2793931493165434,-0.0559479780175102,0.0,-0.1075083535203745,78.0,805.0,88.7,-0.2080600199379865,-0.1707199801323934,-0.161217784121895,0.8065886272352878,0.0513,0.1629943659338937,1.7751479289940826,2.1483446221182985,Transit,1,2,57.4262424,24.4628062
CANDIDATE,1.0657054628005451,-0.7772431649162133,0.0,-0.1075083535203745,78.0,805.0,88.7,0.2011242466529375,-0.2069458286792103,0.0390058998294608,0.0495152193733475,,0.7402760168444233,4.868351657268043,2.7646540655045486,Transit,1,0,55.8387397,24.6875409
CANDIDATE,-0.8145511071810387,-0.0559479780175102,0.0,-0.1075083535203745,78.0,805.0,88.7,2.780348227084531,0.2846326074239175,2.564904681985025,-0.7896759849802905,0.22,0.1629943659338937,1.7751479289940826,2.1483446221182985,Transit,1,0,59.6471914,25.3885872
CANDIDATE,-1.0479865150683148,3.445484968092698,0.0,-0.1075083535203745,78.0,805.0,88.7,0.2011242466529375,-0.4406463066766951,0.0390058998294608,0.0495152193733475,,0.0065260719849242,0.2077562326869806,1.2565617248750864,Transit,1,0,57.9097129,25.5896967
CANDIDATE,0.7894121677323298,-0.0559479780175102,0.0,-0.1075083535203745,78.0,805.0,88.7,1.0610752192702018,0.5199308916091709,0.7474897045804121,-2.6518122487236995,,0.1629943659338937,1.7751479289940826,2.1483446221182985,Transit,1,0,58.4909801,25.7972412
CANDIDATE,-0.4124286959258896,-0.069953709801951,0.0,-0.1075083535203745,78.0,805.0,88.7,0.2011242466529375,0.2070053829562371,0.0390058998294608,0.0495152193733475,,0.1668143927493756,1.8027762754642147,2.1566554640687685,Transit,1,0,59.874235,26.4873478
CANDIDATE,0.2329613443766959,-0.4901256633351761,0.0,-0.1075083535203745,78.0,805.0,88.7,-1.7449532708452034,-0.3048037813869698,-1.231533509052262,1.332876223307539,,0.3690600752518189,3.0609121518212428,2.461829819586655,Transit,1,0,133.1218879,9.9628828
CANDIDATE,-1.0595104980038506,-1.3724867657549489,0.0,-0.1075083535203745,78.0,805.0,79.23,-1.7449532708452034,-0.3048037813869698,-1.231533509052262,1.332876223307539,,7.67529625250267,23.14814814814815,4.08248290463863,Transit,1,0,133.1218879,9.9628828
CANDIDATE,-0.3507977916796275,-0.0559479780175102,0.0,-0.1075083535203745,78.0,805.0,88.7,-0.0798172609694786,2.764831526995132,0.0390058998294608,0.0495152193733475,-1.194,0.1629943659338937,1.7751479289940826,2.1483446221182985,Transit,1,0,133.325015,10.0296849
CANDIDATE,-0.9243293967229886,1.6317427020076103,0.0,-0.1075083535203745,78.0,805.0,88.7,0.2011242466529375,0.2280441121190277,0.0390058998294608,0.0495152193733475,,0.0227813501459049,0.4780857446783081,1.5476464650682735,Transit,1,0,126.3882156,10.1705808
CANDIDATE,-0.9243328045140994,2.694216485754006,0.0,-0.1075083535203745,4355.2531,2071.92,88.7,1.4202952458065272,0.2530631413936976,0.0390058998294608,-1.2972918942213825,,0.010301777598318,0.2816615736833813,1.355898598606715,Transit,1,0,126.3882156,10.1705808
CANDIDATE,0.4917824300764239,-0.2088135375787898,0.0,-0.1075083535203745,35.732,681.0,88.7,0.0112335255546105,-0.1682800561638114,0.0390058998294608,0.891387245261941,,0.2120440040060513,2.1154535111931856,2.2446373386683027,Transit,1,0,127.1544879,10.2494875
CANDIDATE,0.4919313301589282,-0.0559479780175102,0.0,-0.1075083535203745,78.0,805.0,88.7,0.0523563568752673,-0.1455354840959297,-0.2690305370187786,0.4680996344799679,-0.2,0.1629943659338937,1.7751479289940826,2.1483446221182985,Transit,1,0,127.1544879,10.2494875
CANDIDATE,1.444717706908472,0.3460165241959416,0.0,-0.1075083535203745,78.0,805.0,88.7,0.6534753911801623,0.035852478145427,-0.1889410634382363,-0.928749481100544,-0.441,0.0895925441723433,1.191152594985486,1.9444069369563388,Transit,1,0,128.8325692,10.2921986
CANDIDATE,-0.8857667913661755,-0.9453119463295032,0.0,-0.1075083535203745,78.0,805.0,88.7,0.2011242466529375,-0.0687725533668288,0.0390058998294608,0.0495152193733475,,1.217692731880913,6.783876985697326,3.0037570459305534,Transit,1,0,127.2314218,10.4051238
CANDIDATE,0.8736233317498511,-0.0559479780175102,0.0,-0.1075083535203745,78.0,805.0,88.7,0.8403665645821595,0.1862566470873119,0.5503463849975386,-1.2833234030655798,0.033,0.1629943659338937,1.7751479289940826,2.1483446221182985,Transit,1,0,130.2351918,10.4224863
CANDIDATE,-0.4662383327449452,-0.0559479780175102,0.0,-0.1075083535203745,78.0,805.0,88.7,-1.415970620279949,25.28579602073449,0.0390058998294608,0.0495152193733475,,0.1629943659338937,1.7751479289940826,2.1483446221182985,Transit,1,0,126.8981448,10.5065621
CANDIDATE,-0.5139400947827836,-0.0559479780175102,0.0,-0.1075083535203745,78.0,805.0,88.7,1.357401503786699,0.3568693683115097,1.0555261414286512,-1.814925610250986,,0.1629943659338937,1.7751479289940826,2.1483446221182985,Transit,1,0,126.6240426,10.5553705
CANDIDATE,-0.5139553047002257,4.515522876423978,0.0,-0.1075083535203745,167.032,1001.0,88.7,1.357401503786699,0.3548451013974683,0.0390058998294608,-1.8364662464441124,,0.0037667408546825,0.1440223799256614,1.146575895421423,Transit,1,0,126.6240426,10.5553705
CANDIDATE,-1.056782731372761,-1.0853692641739117,0.0,-0.1075083535203745,78.0,805.0,76.9,-1.424437085551849,-0.2391242806265477,-0.8973694216305547,0.8611927290261587,,1.9854424644684388,9.397760200485552,3.2587526795614106,Transit,1,0,133.4234677,10.5643836
CANDIDATE,3.942019251663501,-0.0559479780175102,0.0,-0.1075083535203745,78.0,805.0,88.7,-0.3069362393633892,5.513541492113723,0.0390058998294608,0.0495152193733475,-0.6889,0.1629943659338937,1.7751479289940826,2.1483446221182985,Transit,1,0,132.4267042,10.570534
CANDIDATE,0.5629357217229753,-0.0559479780175102,0.0,-0.1075083535203745,78.0,805.0,88.7,1.0840556250082158,0.38856961563112,0.7474897045804121,-2.1282054741863994,,0.1629943659338937,1.7751479289940826,2.1483446221182985,Transit,1,0,128.0987614,10.6772004
CANDIDATE,0.5632573158456592,-0.0559479780175102,0.0,-0.1075083535203745,78.0,805.0,88.7,1.0840556250082158,0.38856961563112,0.7474897045804121,-2.1282054741863994,,0.1629943659338937,1.7751479289940826,2.1483446221182985,Transit,1,0,128.0987614,10.6772004
CANDIDATE,-1.0292154390890131,-1.5055412177071368,0.0,-0.1075083535203745,78.0,805.0,88.7,0.2011242466529375,-0.4173331203071163,0.0390058998294608,0.0495152193733475,,19.24265652622041,42.71982912068352,4.7583095143088645,Transit,1,0,133.2327321,10.9451996
CANDIDATE,-1.0292158944757628,-1.2814495091560834,0.0,-0.1075083535203745,78.0,805.0,84.0,-1.882835705273288,-0.333178203655954,0.0390058998294608,2.462254600830597,0.097,4.664830410183785,16.60899653979239,3.757345746510897,Transit,1,0,133.2327321,10.9451996
CANDIDATE,-1.0292158944757628,-1.288452375048304,0.0,-0.1075083535203745,78.0,805.0,86.7,-1.6929449841749609,-0.2923443048081842,-1.162625758129311,1.242151578729937,,4.833422712946288,17.006802721088437,3.779644730092272,Transit,1,0,133.2327321,10.9451996
CANDIDATE,-0.4827461024239107,-0.0559479780175102,0.0,-0.1075083535203745,78.0,805.0,88.7,1.295499547698722,0.3249359891282038,0.9939188540590032,-1.7060466303665107,-0.169,0.1629943659338937,1.7751479289940826,2.1483446221182985,Transit,1,0,127.4533593,11.0855981
CANDIDATE,-0.8447785684867413,-0.0559479780175102,0.0,-0.1075083535203745,78.0,805.0,88.7,0.2011242466529375,-0.0812820680041638,0.0390058998294608,0.0495152193733475,,0.1629943659338937,1.7751479289940826,2.1483446221182985,Transit,1,0,130.836782,11.24812
CANDIDATE,-0.9036384443606856,-0.9383090804372828,0.0,-0.1075083535203745,78.0,805.0,88.7,0.2011242466529375,-0.229121786445395,0.0390058998294608,0.0495152193733475,,1.1906338943179997,6.68300289596792,2.9925280083228984,Transit,1,0,131.0413479,11.3854224
CANDIDATE,-0.9036373058938114,-0.0559479780175102,0.0,-0.1075083535203745,78.0,805.0,88.7,-0.8387995877441425,-0.2217877991821066,-0.5370222370767473,1.0314484124740193,-0.058,0.1629943659338937,1.7751479289940826,2.1483446221182985,Transit,1,0,131.0413479,11.3854224
CANDIDATE,-0.9036299104129952,-0.0559479780175102,0.0,-0.1075083535203745,78.0,805.0,88.7,-0.8387995877441425,-0.2217877991821066,-0.5370222370767473,1.0314484124740193,-0.058,0.1629943659338937,1.7751479289940826,2.1483446221182985,Transit,1,0,131.0413479,11.3854224
CANDIDATE,-0.1988585718541171,-0.5111342610118375,0.0,-0.1075083535203745,78.0,805.0,89.17,0.2011242466529375,-0.1665742132587203,0.0390058998294608,0.0495152193733475,,0.3863570155470074,3.155818540433925,2.480694691784169,Transit,1,0,132.2780777,11.498004
FALSE POSITIVE,-0.97184684097386,-0.0559479780175102,0.0,-0.1075083535203745,78.0,805.0,88.7,0.1636299004488092,-0.01931448140522,0.1006131871991088,-0.2985212606029412,,0.1629943659338937,1.7751479289940826,2.1483446221182985,Transit,1,2,135.5453448,11.6065889
CANDIDATE,0.7587330117249362,-0.0559479780175102,0.0,-0.1075083535203745,78.0,805.0,88.7,0.0801747427686528,2.642380437124673,0.0390058998294608,-5.218063937024547,,0.1629943659338937,1.7751479289940826,2.1483446221182985,Transit,1,0,135.3639735,11.6076104
FALSE POSITIVE,1.7910659702292862,-0.0559479780175102,0.0,-0.1075083535203745,78.0,805.0,88.7,-1.6240037669609186,-0.1728869692361608,-0.6237745387863168,0.4127430213810352,,0.1629943659338937,1.7751479289940826,2.1483446221182985,Transit,1,2,137.3453763,11.685335
CANDIDATE,3.0262547930496293,-0.0559479780175102,0.0,-0.1075083535203745,78.0,805.0,88.7,-0.4761929750990568,-0.1910246282316931,-0.5770669738670181,0.7032594182477303,-0.2,0.1629943659338937,1.7751479289940826,2.1483446221182985,Transit,1,0,132.3036441,11.7589327
CANDIDATE,3.028854971698104,3.725599603781515,0.0,-0.1075083535203745,78.0,805.0,88.7,0.2011242466529375,-0.2854146023134023,0.0390058998294608,0.0495152193733475,,0.0055952909680744,0.1875,1.224744871391589,Transit,1,0,132.3036441,11.7589327
FALSE POSITIVE,0.0948965065029499,-0.0559479780175102,0.0,-0.1075083535203745,78.0,805.0,88.7,1.4045718103015703,0.5466671360749659,0.0390058998294608,0.0495152193733475,-0.16,0.1629943659338937,1.7751479289940826,2.1483446221182985,Transit,1,2,132.8249194,11.7650536
CANDIDATE,0.0527533089794254,-0.4726184986046252,0.0,-0.1075083535203745,78.0,805.0,88.7,0.9219832898032744,0.0142451346809393,0.725927154001035,-0.11979982493944,0.113,0.355426255246594,2.985056063084185,2.446433609661989,Transit,1,0,129.3084996,11.7716683
FALSE POSITIVE,0.5026312452320901,-0.0559479780175102,0.0,-0.1075083535203745,78.0,805.0,88.7,0.2544266930147414,0.1463342369651626,0.1622204745687567,-1.324570429138446,0.1992,0.1629943659338937,1.7751479289940826,2.1483446221182985,Transit,1,2,130.925517,11.7826436
FALSE POSITIVE,-0.9733270756039696,-0.0559479780175102,0.0,-0.1075083535203745,78.0,805.0,88.7,0.5142746071597388,-0.0450323376566756,0.3470423366777003,0.0700681844746531,0.041,0.1629943659338937,1.7751479289940826,2.1483446221182985,Transit,1,2,136.4957157,11.8196859
CANDIDATE,-0.3468188499535596,0.0701036080424571,0.0,-0.1075083535203745,78.0,805.0,88.7,0.2011242466529375,-0.0381242425053582,0.0390058998294608,0.0495152193733475,,0.1333393239907688,1.5527146628021329,2.0776300831933314,Transit,1,0,129.4493258,11.9327417
FALSE POSITIVE,-1.0188919353185375,-0.0559479780175102,0.0,-0.1075083535203745,78.0,805.0,88.7,-0.4725644899825282,-0.0309221737600634,-0.3306378243884266,-0.5571970227474794,,0.1629943659338937,1.7751479289940826,2.1483446221182985,Transit,1,2,130.6353009,11.98279
CANDIDATE,-0.4927646109187312,-0.0559479780175102,0.0,-0.1075083535203745,78.0,805.0,88.7,1.241289980057786,0.1992779145961742,0.9199901092154258,-1.1310809590543287,,0.1629943659338937,1.7751479289940826,2.1483446221182985,Transit,1,0,128.8523248,12.0113257
FALSE POSITIVE,-0.8369028823429379,-0.0559479780175102,0.0,-0.1075083535203745,78.0,805.0,88.7,0.4877745708586922,-0.0048722467564168,0.3162386929928763,-0.2509249203683433,,0.1629943659338937,1.7751479289940826,2.1483446221182985,Transit,1,2,137.5252038,12.0281523
CANDIDATE,-0.8986408024753946,-1.3024581068327448,0.0,-0.1075083535203745,78.0,805.0,88.7,0.2011242466529375,-0.4019805341612962,0.0390058998294608,0.0495152193733475,,5.195783896878522,17.846519928613922,3.8254602783800298,Transit,1,0,128.8572472,12.075397
CANDIDATE,-0.8986280516464012,-0.0559479780175102,0.0,-0.1075083535203745,78.0,805.0,88.7,-1.945729447293116,-0.3390906551649998,-1.432551927010686,1.5868487897767247,,0.1629943659338937,1.7751479289940826,2.1483446221182985,Transit,1,0,128.8572472,12.075397
CANDIDATE,-0.8986381840015835,-0.8262632261617562,0.0,-0.1075083535203745,78.0,805.0,88.7,0.2011242466529375,-0.2535722014183679,0.0390058998294608,0.0495152193733475,,0.8488263631567753,5.333333333333333,2.8284271247461903,Transit,1,0,128.8572472,12.075397
CANDIDATE,-0.8986371593813964,-1.3514781680782877,0.0,-0.1075083535203745,78.0,805.0,89.09,-1.945729447293116,-0.3390906551649998,-1.432551927010686,1.5868487897767247,,6.790610905254202,21.33333333333333,4.0,Transit,1,0,128.8572472,12.075397
CANDIDATE,-0.8340690105991531,-1.4215068270004918,0.0,-0.1075083535203745,78.0,805.0,89.22,-1.945729447293116,-0.3390906551649998,-1.432551927010686,1.5868487897767247,,10.4316394197692,28.40236686390532,4.296689244236597,Transit,1,0,128.8572472,12.075397
CANDIDATE,-0.8340760690937743,-1.407501095216051,0.0,-0.1075083535203745,78.0,805.0,88.7,0.2011242466529375,-0.4019805341612962,0.0390058998294608,0.0495152193733475,,9.525071154543996,26.73201158387168,4.232073695151589,Transit,1,0,128.8572472,12.075397
CANDIDATE,-0.8340945122571397,-1.0363492029283687,0.0,-0.1075083535203745,78.0,805.0,88.7,0.2011242466529375,-0.2535722014183679,0.0390058998294608,0.0495152193733475,,1.6578639905405768,8.333333333333334,3.1622776601683795,Transit,1,0,128.8572472,12.075397
CANDIDATE,-0.5164538296414839,-1.3514781680782877,0.0,-0.1075083535203745,78.0,805.0,88.7,0.2011242466529375,-0.4019805341612962,0.0390058998294608,0.0495152193733475,,6.790610905254202,21.33333333333333,4.0,Transit,1,0,128.8572472,12.075397
CANDIDATE,-0.5163502291559126,-1.407501095216051,0.0,-0.1075083535203745,78.0,805.0,89.53,-1.945729447293116,-0.3390906551649998,-1.432551927010686,1.5868487897767247,,9.525071154543996,26.73201158387168,4.232073695151589,Transit,1,0,128.8572472,12.075397
CANDIDATE,-0.3687161218159889,-1.3374724362938466,0.0,-0.1075083535203745,78.0,805.0,88.7,0.2011242466529375,-0.4019805341612962,0.0390058998294608,0.0495152193733475,,6.275097256176697,20.23950075898128,3.947710169758614,Transit,1,0,128.8572472,12.075397
CANDIDATE,-0.7075215867070777,-1.5195469494915774,0.0,-0.1075083535203745,78.0,805.0,88.7,0.2011242466529375,-0.4019805341612962,0.0390058998294608,0.0495152193733475,,21.59643708418418,46.1361014994233,4.850712500726659,Transit,1,0,128.8572472,12.075397
FALSE POSITIVE,-1.0176053539037653,-0.0559479780175102,0.0,-0.1075083535203745,78.0,805.0,88.7,0.228942632546323,0.3113404211746275,0.1314168308839327,-2.191604551890186,,0.1629943659338937,1.7751479289940826,2.1483446221182985,Transit,1,2,136.5334223,12.0918411
FALSE POSITIVE,0.6360545536588608,-0.0559479780175102,0.0,-0.1075083535203745,78.0,805.0,88.7,0.3015123348768938,0.3120511890517488,0.1930241182535807,-2.1504986216875834,,0.1629943659338937,1.7751479289940826,2.1483446221182985,Transit,1,2,130.1640344,12.0953726
FALSE POSITIVE,-0.7288373296900574,-0.0559479780175102,0.0,-0.1075083535203745,78.0,805.0,88.7,0.4397818077174077,0.4819360839697744,0.2854350493080523,-2.803678437080922,0.034,0.1629943659338937,1.7751479289940826,2.1483446221182985,Transit,1,2,133.0570679,12.1094069
CANDIDATE,-0.9757636315163198,-0.0559479780175102,0.0,-0.1075083535203745,78.0,805.0,88.7,1.1078101075710898,0.9187114736753412,0.7782933482652361,-3.905213896205878,0.219,0.1629943659338937,1.7751479289940826,2.1483446221182985,Transit,1,0,133.8524535,12.1266489
FALSE POSITIVE,-0.4197049792603152,-0.0559479780175102,0.0,-0.1075083535203745,78.0,805.0,88.7,1.4164853364341727,1.1543907294427318,1.123294157535264,-4.310159043853967,-0.2292,0.1629943659338937,1.7751479289940826,2.1483446221182985,Transit,1,2,132.8637222,12.1277962
FALSE POSITIVE,-0.4196916591978847,-0.0559479780175102,0.0,-0.1075083535203745,78.0,805.0,88.7,0.2011242466529375,-0.0812820680041638,0.0390058998294608,0.0495152193733475,,0.1629943659338937,1.7751479289940826,2.1483446221182985,Transit,1,2,132.864341,12.1278338
CANDIDATE,-0.4196055911021792,0.5042812933601231,0.0,-0.1075083535203745,78.0,805.0,88.7,0.2011242466529375,-0.3559227757238357,0.0390058998294608,0.0495152193733475,,0.0728879751591216,1.0380622837370244,1.8786728732554483,Transit,1,0,132.8719019,12.1394974
FALSE POSITIVE,-0.891687388346552,-0.0559479780175102,0.0,-0.1075083535203745,78.0,805.0,88.7,-2.269874117702999,-0.2969591784807573,-1.187863183400287,1.2756853638952204,,0.1629943659338937,1.7751479289940826,2.1483446221182985,Transit,1,2,132.637214,12.1393359
CANDIDATE,-0.5887559254416665,-0.2919445585853384,0.0,-0.1075083535203745,78.0,805.0,88.7,-0.4253941834676572,-0.1597508416383558,0.2299884906753692,0.9995607457951108,-0.136,0.2471945974860339,2.3432149964197637,2.3027582454304496,Transit,1,0,137.4987069,12.1906885
CANDIDATE,-0.9508381425069088,-1.4042797769056297,0.0,-0.1075083535203745,8270.029,805.0,89.9962,1.0550277440759874,0.0290291065250625,0.3840067090994891,-0.444320326538953,-0.095,9.33154653546235,26.368691081906515,4.217620063952435,Transit,1,0,127.7276048,12.1990464
CANDIDATE,1.2502799740479331,0.0574984494364604,0.0,-0.1075083535203745,78.0,805.0,88.7,-1.7606767063501605,-0.361040304439109,-1.572024664886832,1.747368858176601,0.069,0.1359632740486379,1.5730187435670089,2.084389063906275,Transit,1,0,134.3936549,12.2270375
CANDIDATE,1.0394044872212052,-0.8332660920539766,0.0,-0.1075083535203745,78.0,805.0,89.75,0.2011242466529375,-0.1051638686754396,0.0390058998294608,0.0495152193733475,,0.8660317845450811,5.405161929642809,2.837902619042413,Transit,1,0,131.9735167,12.2317861
CANDIDATE,1.040641659173628,-0.6161772493951436,0.0,-0.1075083535203745,78.0,805.0,88.7,0.2011242466529375,-0.0943601969431958,0.0390058998294608,0.0495152193733475,,0.4912189601601708,3.7037037037037033,2.581988897471611,Transit,1,0,131.9735167,12.2317861
CANDIDATE,1.039987496107591,-0.6651973106406867,0.0,-0.1075083535203745,78.0,805.0,88.7,0.2011242466529375,-0.1051638686754396,0.0390058998294608,0.0495152193733475,,0.5532919191323351,4.00948912426075,2.633707687836883,Transit,1,0,131.9735167,12.2317861
CANDIDATE,1.040181035476241,-0.0559479780175102,0.0,-0.1075083535203745,78.0,805.0,88.7,-0.4175566556159561,-0.0812820680041638,0.0390058998294608,0.0495152193733475,-0.1038,0.1629943659338937,1.7751479289940826,2.1483446221182985,Transit,1,0,131.9735167,12.2317861
CANDIDATE,-0.4908440173015991,-0.973323409898385,0.0,-0.1075083535203745,78.0,805.0,88.7,0.2011242466529375,-0.1023207971669544,0.0390058998294608,0.0495152193733475,,1.3345151419950052,7.211105101856859,3.049971406652093,Transit,1,0,126.3424367,12.2860829
CANDIDATE,-0.6950314666279099,-1.1203835936350135,0.0,-0.1075083535203745,78.0,805.0,88.7,0.2011242466529375,-0.1023207971669544,0.0390058998294608,0.0495152193733475,,2.2741618525933838,10.288065843621398,3.333333333333333,Transit,1,0,126.3424367,12.2860829
FALSE POSITIVE,-0.3233966017128564,-0.0559479780175102,0.0,-0.1075083535203745,78.0,805.0,88.7,0.6917800990603153,0.0290802818122153,0.4394532677321723,-0.4059422498280532,-0.4385,0.1629943659338937,1.7751479289940826,2.1483446221182985,Transit,1,2,130.4887643,12.3994357
CANDIDATE,0.304255555452962,-0.305250003780557,0.0,-0.1075083535203745,78.0,805.0,88.7,-0.7773572397709257,-0.2097889001876955,-0.1704588772273419,1.215907746861454,-0.485,0.2535269191888639,2.383063093978476,2.312486450314401,Transit,1,0,133.8727161,12.4269526
FALSE POSITIVE,0.1833018747016198,-0.0559479780175102,0.0,-0.1075083535203745,78.0,805.0,88.7,0.949426732234618,0.8190788757319852,0.6242751298411162,-3.7159102702728295,-0.657,0.1629943659338937,1.7751479289940826,2.1483446221182985,Transit,1,2,135.6982706,12.4332847
FALSE POSITIVE,-1.0223269175720118,-0.0559479780175102,0.0,-0.1075083535203745,78.0,805.0,88.7,-2.428317967791412,-0.4581755483694115,-2.1506156649476176,2.742470999168266,,0.1629943659338937,1.7751479289940826,2.1483446221182985,Transit,1,2,130.3694131,12.4465352
FALSE POSITIVE,-0.0509316508340949,-0.0559479780175102,0.0,-0.1075083535203745,78.0,805.0,88.7,-0.2149420467090018,0.0294441949653014,-0.1766196059643067,-0.8591421851052896,,0.1629943659338937,1.7751479289940826,2.1483446221182985,Transit,1,2,130.2153862,12.4486135
FALSE POSITIVE,-0.9980463791546896,-0.0559479780175102,0.0,-0.1075083535203745,78.0,805.0,88.7,-0.2556173648652869,0.2983134675227483,-0.2074232496491307,-2.3940771257142326,-0.004,0.1629943659338937,1.7751479289940826,2.1483446221182985,Transit,1,2,131.5157358,12.6767362
CANDIDATE,-0.2762999348187677,-0.406091272628531,0.0,-0.1075083535203745,78.0,805.0,88.7,0.2011242466529375,-0.1955735426452695,0.0390058998294608,0.0495152193733475,,0.3093390536285623,2.7210884353741496,2.390457218668787,Transit,1,0,135.0384144,12.7024625
FALSE POSITIVE,-0.9909841275926534,-0.0559479780175102,0.0,-0.1075083535203745,78.0,805.0,88.7,3.696214155347501,0.3781184847659283,3.489013992529744,-0.8808709491254271,-0.307,0.1629943659338937,1.7751479289940826,2.1483446221182985,Transit,1,2,133.3980686,12.7191133
FALSE POSITIVE,-0.8951996725007987,-0.0559479780175102,0.0,-0.1075083535203745,78.0,805.0,88.7,3.763087136045122,0.0560439719986891,3.550621279899392,0.8306219571363498,,0.1629943659338937,1.7751479289940826,2.1483446221182985,Transit,1,2,130.746916,12.8116845
CANDIDATE,-0.3590152683484666,-0.0559479780175102,0.0,-0.1075083535203745,78.0,805.0,88.7,2.8317759561361298,0.627779966212049,2.688119256724321,-2.1186579869654265,0.03,0.1629943659338937,1.7751479289940826,2.1483446221182985,Transit,1,0,124.5437596,12.8626535
FALSE POSITIVE,-1.018791408693527,-0.0559479780175102,0.0,-0.1075083535203745,78.0,805.0,88.7,0.2011242466529375,-0.0812820680041638,0.0390058998294608,0.0495152193733475,,0.1629943659338937,1.7751479289940826,2.1483446221182985,Transit,1,2,131.7414253,12.9991012
CANDIDATE,-1.0097050768754747,-0.0559479780175102,0.0,-0.1075083535203745,78.0,805.0,88.7,1.572691620700726,0.298552285529461,0.0390058998294608,-1.4319914183635585,,0.1629943659338937,1.7751479289940826,2.1483446221182985,Transit,1,0,131.4568921,13.0294918
CANDIDATE,0.767059400965783,-0.0559479780175102,0.0,-0.1075083535203745,78.0,805.0,88.7,-0.7507241590156056,5.3730937595945525,0.0390058998294608,0.0495152193733475,-0.54,0.1629943659338937,1.7751479289940826,2.1483446221182985,Transit,1,0,130.9384149,13.0304324
FALSE POSITIVE,-0.9645742007334324,-0.0559479780175102,0.0,-0.1075083535203745,78.0,805.0,88.7,2.9986137017941115,0.4804178837842434,2.780530187778793,-1.548160351544834,-0.1772,0.1629943659338937,1.7751479289940826,2.1483446221182985,Transit,1,2,132.8012702,13.0319453
FALSE POSITIVE,-1.0156203230615417,-0.0559479780175102,0.0,-0.1075083535203745,78.0,805.0,88.7,0.8261791877765323,-0.1495885668384262,0.5318641987866443,1.0948945221345618,0.34,0.1629943659338937,1.7751479289940826,2.1483446221182985,Transit,1,2,131.6413223,13.0490997
CANDIDATE,-0.8489686958180124,-0.0559479780175102,0.0,-0.1075083535203745,78.0,805.0,88.7,1.2461279602131574,-0.0272637093429447,0.0390058998294608,-0.0210327157569799,,0.1629943659338937,1.7751479289940826,2.1483446221182985,Transit,1,0,134.0820135,13.1927828
CANDIDATE,1.7011976720969977,-0.6021715176107028,0.0,-0.1075083535203745,78.0,805.0,88.7,0.2011242466529375,-0.2041027571707251,0.0390058998294608,0.0495152193733475,,0.4752022330434219,3.622750875498128,2.567762955065477,Transit,1,0,123.2504218,13.2103237
CANDIDATE,0.1181570924474869,0.3103019081456177,0.0,-0.1075083535203745,78.0,805.0,88.7,0.3885959776735788,-0.0511455100142205,-0.1766196059643067,-0.2703020865508086,0.021,0.0940538730417306,1.2303743752389615,1.960219164754614,Transit,1,0,129.2557752,13.2359338
FALSE POSITIVE,-0.7123527847353298,-0.0559479780175102,0.0,-0.1075083535203745,78.0,805.0,88.7,0.5579252831115774,0.0939932904939497,0.3778459803625243,-0.8656796270940323,,0.1629943659338937,1.7751479289940826,2.1483446221182985,Transit,1,2,129.978559,13.2754718
CANDIDATE,-0.4769729369037704,-0.8612775556228583,0.0,-0.1075083535203745,78.0,805.0,88.7,0.2011242466529375,-0.3701381332662617,0.0390058998294608,0.0495152193733475,,0.9396987086486914,5.707491082045184,2.876779808912305,Transit,1,0,126.4347415,13.2881732
CANDIDATE,-0.643746949336299,-0.5741600540418211,0.0,-0.1075083535203745,78.0,805.0,88.7,0.2011242466529375,0.2354360980410892,0.0390058998294608,0.0495152193733475,,0.4451986144917797,3.4686090877558096,2.54000254000381,Transit,1,0,135.8994203,13.3714906
FALSE POSITIVE,-1.000557723232954,-0.0559479780175102,0.0,-0.1075083535203745,78.0,805.0,88.7,-0.7781917913477268,3.8765918958162073,0.0390058998294608,0.0495152193733475,0.2198,0.1629943659338937,1.7751479289940826,2.1483446221182985,Transit,1,2,131.6917066,13.4793426
FALSE POSITIVE,-1.0197644563310866,-0.0559479780175102,0.0,-0.1075083535203745,78.0,805.0,88.7,0.0522595972721599,-0.0055727795761076,0.0082022561446368,-0.468118496656252,-0.4212,0.1629943659338937,1.7751479289940826,2.1483446221182985,Transit,1,2,136.0497659,13.4855094
FALSE POSITIVE,-1.0043212670263832,-0.0559479780175102,0.0,-0.1075083535203745,78.0,805.0,88.7,1.2100366282540866,1.0030710914751146,0.9015079230045312,-4.058444011308952,-0.1733,0.1629943659338937,1.7751479289940826,2.1483446221182985,Transit,1,2,135.274273,13.5092749
CANDIDATE,-0.8398885117210818,-0.6862059083173478,0.0,-0.1075083535203745,78.0,805.0,88.7,-1.3300964725221067,-0.2461802154963063,0.0390058998294608,1.013670332821177,,0.5831038012729731,4.152249134948097,2.6568446566202857,Transit,1,0,137.4716756,13.6128935
FALSE POSITIVE,-1.0236656407696323,-0.0559479780175102,0.0,-0.1075083535203745,78.0,805.0,88.7,-0.7338154183725832,0.0013887653195692,-0.4846560428125465,-0.933123453078626,,0.1629943659338937,1.7751479289940826,2.1483446221182985,Transit,1,2,137.0941737,13.6225937
CANDIDATE,1.2204458803705447,0.1821494623179838,0.0,-0.1075083535203745,78.0,805.0,88.7,0.2011242466529375,-0.0986248042059236,0.0390058998294608,0.0495152193733475,,0.1127328912640533,1.3883104262113009,2.0203050891044216,Transit,1,0,123.9394023,13.6362239
FALSE POSITIVE,-1.020592463288846,-0.0559479780175102,0.0,-0.1075083535203745,78.0,805.0,88.7,0.2011242466529375,-0.0812820680041638,0.0390058998294608,0.0495152193733475,,0.1629943659338937,1.7751479289940826,2.1483446221182985,Transit,1,2,130.882181,13.638647
CANDIDATE,3.7430438403042703,-0.069953709801951,0.0,-0.1075083535203745,78.0,482.0,88.7,0.5422018476066204,-0.0829879109092549,0.1006131871991088,0.1859078939586498,-0.11,0.1668143927493756,1.8027762754642147,2.1566554640687685,Transit,1,0,128.3219134,13.6613758
CANDIDATE,3.688141138669755,-0.2800396865685637,0.0,-0.1075083535203745,78.0,82.0,88.7,0.5422018476066204,-0.0829879109092549,0.1006131871991088,0.1859078939586498,-0.11,0.2417063698120101,2.308402585410896,2.2941573387056176,Transit,1,0,128.3219134,13.6613758
FALSE POSITIVE,-1.014039220266359,-0.0559479780175102,0.0,-0.1075083535203745,78.0,805.0,88.7,0.3080677979874221,0.2680802451015164,0.1930241182535807,-1.9420529893558385,-0.206,0.1629943659338937,1.7751479289940826,2.1483446221182985,Transit,1,2,130.2511429,13.6765266
FALSE POSITIVE,-1.0114059463858454,-0.0559479780175102,0.0,-0.1075083535203745,78.0,805.0,88.7,2.9728272675659824,0.2721856403597691,2.749726544093969,-0.6590682410756734,-0.4425,0.1629943659338937,1.7751479289940826,2.1483446221182985,Transit,1,2,129.647924,13.7066497
CANDIDATE,0.0358044767409091,-0.0559479780175102,0.0,-0.1075083535203745,78.0,805.0,88.7,-2.0037852091575727,-0.3382496746127899,-1.427453923980848,1.5804994756149933,,0.1629943659338937,1.7751479289940826,2.1483446221182985,Transit,1,0,137.1774989,13.7237933
CANDIDATE,-0.909189381146941,-0.0559479780175102,0.0,-0.1075083535203745,78.0,805.0,88.7,0.4720511353537352,0.1154584803830131,0.0390058998294608,-1.1450964821668874,,0.1629943659338937,1.7751479289940826,2.1483446221182985,Transit,1,0,131.473165,13.752736
CANDIDATE,-0.8964501645156522,-0.0559479780175102,0.0,-0.1075083535203745,78.0,805.0,88.7,1.2945077617668712,0.3389239009499512,0.0390058998294608,-1.6201192453777689,,0.1629943659338937,1.7751479289940826,2.1483446221182985,Transit,1,0,132.8253523,13.761389
CANDIDATE,-0.8534910277832369,-0.0559479780175102,0.0,-0.1075083535203745,78.0,805.0,88.7,-1.6082803314559615,-0.3030416456660106,0.0390058998294608,1.422848356577088,,0.1629943659338937,1.7751479289940826,2.1483446221182985,Transit,1,0,136.2000475,13.7954456
CANDIDATE,-0.853493210352882,3.140114300483344,0.0,-0.1075083535203745,50.6324,680.34,88.7,-2.0207181397013723,-0.2931238750158108,0.0390058998294608,1.2477954135403628,,0.0077917996573309,0.2338180350628801,1.294239985299923,Transit,1,0,136.2000475,13.7954456
CANDIDATE,3.1765027406405206,-0.2520282229996821,0.0,-0.1075083535203745,78.0,805.0,88.7,0.2011242466529375,-0.24163130108273,0.0390058998294608,0.0495152193733475,,0.2294186300411844,2.2294887039239004,2.27429413073671,Transit,1,0,126.2563741,13.857096
CANDIDATE,-0.6784525427692938,-0.5461485904729395,0.0,-0.1075083535203745,78.0,805.0,88.7,-0.3141206398941153,-0.1733975848790848,0.0390058998294608,0.5715699393377849,,0.4176686070351533,3.32409972299169,2.513123449750173,Transit,1,0,133.4101774,13.8693418
FALSE POSITIVE,0.8904563614148358,-0.0559479780175102,0.0,-0.1075083535203745,78.0,805.0,88.7,1.121876534872832,1.1644608887257863,0.7782933482652361,-4.528622482974217,-0.383,0.1629943659338937,1.7751479289940826,2.1483446221182985,Transit,1,2,131.1290191,14.0265002
CANDIDATE,2.791370781695883,-0.0559479780175102,0.0,-0.1075083535203745,78.0,805.0,88.7,-0.707738705335131,5.826620526628115,0.0390058998294608,0.0495152193733475,0.141,0.1629943659338937,1.7751479289940826,2.1483446221182985,Transit,1,0,127.0046688,14.1195964
FALSE POSITIVE,-0.3756960622230053,-0.579272146143142,0.0,-0.1075083535203745,78.0,805.0,88.7,0.2011242466529375,-0.0812820680041638,0.0390058998294608,0.0495152193733475,,0.4504818856236274,3.495996933474636,2.545001673604255,Transit,1,2,124.7453571,14.156803
CANDIDATE,0.1014331438476069,-0.0559479780175102,0.0,-0.1075083535203745,78.0,805.0,88.7,0.7191146869381642,-0.067009849031568,0.4671765470485135,0.3238055911600672,-0.009,0.1629943659338937,1.7751479289940826,2.1483446221182985,Transit,1,0,126.5215592,14.1571938
CANDIDATE,0.1706855464616886,-0.0559479780175102,0.0,-0.1075083535203745,78.0,805.0,88.7,0.468265415882157,0.0279487393518381,0.3162386929928763,-0.4807700930229548,0.059,0.1629943659338937,1.7751479289940826,2.1483446221182985,Transit,1,0,135.061372,14.2375374
CANDIDATE,-0.0562536419319059,0.6443386112045315,0.0,-0.1075083535203745,78.0,805.0,88.7,0.2011242466529375,-0.1523588557162942,0.0390058998294608,0.0495152193733475,,0.0614023700200213,0.9259259259259258,1.8257418583505536,Transit,1,0,125.2144993,14.2586479
CANDIDATE,-0.055981715703552,-0.0559479780175102,0.0,-0.1075083535203745,78.0,805.0,88.7,-0.4294580867981687,-0.107205194018532,-0.3090752738090498,0.0823435251873293,0.081,0.1629943659338937,1.7751479289940826,2.1483446221182985,Transit,1,0,125.2144993,14.2586479
CANDIDATE,2.946202276615835,-0.0559479780175102,0.0,-0.1075083535203745,78.0,805.0,88.7,-0.5523911625461562,-0.1926093562905228,-0.3922451117580746,0.8385703578277001,,0.1629943659338937,1.7751479289940826,2.1483446221182985,Transit,1,0,136.8011502,14.3554169
CANDIDATE,2.947818899577499,-0.0559479780175102,0.0,-0.1075083535203745,78.0,805.0,88.7,0.2011242466529375,-0.2700620161675821,0.0390058998294608,0.0495152193733475,,0.1629943659338937,1.7751479289940826,2.1483446221182985,Transit,1,0,136.8011502,14.3554169
FALSE POSITIVE,-0.9272734720602166,-0.0559479780175102,0.0,-0.1075083535203745,78.0,805.0,88.7,0.7303388008986255,0.1573028068448984,0.4702569114169962,-1.1757142860134524,0.0412,0.1629943659338937,1.7751479289940826,2.1483446221182985,Transit,1,2,137.0946357,14.4005896
FALSE POSITIVE,-1.0102300239512658,-0.0559479780175102,0.0,-0.1075083535203745,78.0,805.0,88.7,1.779696696598679,0.3236509208063685,1.548384440385835,-1.4124731563108337,-0.6286,0.1629943659338937,1.7751479289940826,2.1483446221182985,Transit,1,2,133.8859513,14.5447545
FALSE POSITIVE,-1.0102299101045784,-0.0559479780175102,0.0,-0.1075083535203745,78.0,805.0,88.7,0.2011242466529375,-0.0812820680041638,0.0390058998294608,0.0495152193733475,,0.1629943659338937,1.7751479289940826,2.1483446221182985,Transit,1,2,133.88708,14.547682
FALSE POSITIVE,0.3327562767270398,-0.0559479780175102,0.0,-0.1075083535203745,78.0,805.0,88.7,1.591075945291137,0.7912395195208982,1.3327589345920672,-3.2356669598623027,-0.2312,0.1629943659338937,1.7751479289940826,2.1483446221182985,Transit,1,2,138.3288505,14.6068847
FALSE POSITIVE,-0.9284728469124092,-0.0559479780175102,0.0,-0.1075083535203745,78.0,805.0,88.7,1.4413404594823924,0.2170869145253256,1.1479370724831233,-1.098628908894378,-0.2147,0.1629943659338937,1.7751479289940826,2.1483446221182985,Transit,1,2,134.0284308,14.6429247
FALSE POSITIVE,-0.9123785684022298,-0.0559479780175102,0.0,-0.1075083535203745,78.0,805.0,88.7,2.486416742744943,0.4107057703961858,2.256868245136786,-1.474414243355265,-0.397,0.1629943659338937,1.7751479289940826,2.1483446221182985,Transit,1,2,137.3993323,14.6447599
CANDIDATE,-0.8677513500054268,-0.0559479780175102,0.0,-0.1075083535203745,78.0,805.0,88.7,1.77830577730401,0.3195910146922517,0.0390058998294608,-1.4225850270128488,,0.1629943659338937,1.7751479289940826,2.1483446221182985,Transit,1,0,134.1349445,14.6900442
FALSE POSITIVE,-0.972880455049138,-0.0559479780175102,0.0,-0.1075083535203745,78.0,805.0,88.7,0.4751353477027847,0.0180548505023096,0.3100779642559115,-0.4170417916218933,0.2297,0.1629943659338937,1.7751479289940826,2.1483446221182985,Transit,1,2,135.6995684,14.7279308
CANDIDATE,-0.8708039212357862,-0.0559479780175102,0.0,-0.1075083535203745,78.0,805.0,88.7,-0.1568862848445452,5.165890708056151,0.0390058998294608,-7.132264576894139,,0.1629943659338937,1.7751479289940826,2.1483446221182985,Transit,1,0,133.2292432,14.7715214
FALSE POSITIVE,0.1816989133424483,-0.0559479780175102,0.0,-0.1075083535203745,78.0,805.0,88.7,-0.2316572681458096,1.534122732402051,0.0390058998294608,0.0495152193733475,-0.3181,0.1629943659338937,1.7751479289940826,2.1483446221182985,Transit,1,2,130.4176439,14.8015143
CANDIDATE,-0.8707553087002489,-0.0559479780175102,0.0,-0.1075083535203745,78.0,805.0,88.7,-0.4834499453321139,-0.1944363140418754,0.0390058998294608,0.689149831221664,,0.1629943659338937,1.7751479289940826,2.1483446221182985,Transit,1,0,133.2383188,14.8117921
CANDIDATE,0.7111868781088301,-0.9102976168684012,0.0,-0.1075083535203745,78.0,805.0,88.7,0.2011242466529375,-0.241062686781033,0.0390058998294608,0.0495152193733475,,1.0900724849449013,6.301197227473221,2.948839123097943,Transit,1,0,129.0650281,14.8126725
CANDIDATE,-0.8708015304553499,-0.0559479780175102,0.0,-0.1075083535203745,78.0,805.0,88.7,7.716926418022389,0.982595290471004,0.0390058998294608,-2.001078095081547,,0.1629943659338937,1.7751479289940826,2.1483446221182985,Transit,1,0,133.2320539,14.8164505
FALSE POSITIVE,-0.977141508866685,-0.0559479780175102,0.0,-0.1075083535203745,78.0,805.0,88.7,0.163895989357355,0.1699658473436916,0.1006131871991088,-1.5016927782723246,0.08,0.1629943659338937,1.7751479289940826,2.1483446221182985,Transit,1,2,131.0637706,14.8372602
FALSE POSITIVE,0.1792549665031494,-0.0559479780175102,0.0,-0.1075083535203745,78.0,805.0,88.7,0.0511468618364244,0.5442505252927534,0.0390058998294608,0.0495152193733475,,0.1629943659338937,1.7751479289940826,2.1483446221182985,Transit,1,2,131.7169885,14.8421191
FALSE POSITIVE,-1.0216472528479883,-0.0559479780175102,0.0,-0.1075083535203745,78.0,805.0,88.7,0.6611073048752611,0.2754210557364254,0.4394532677321723,-1.809046615656789,-0.0824,0.1629943659338937,1.7751479289940826,2.1483446221182985,Transit,1,2,134.6789638,14.8859919
FALSE POSITIVE,-0.9969080261269658,-0.0559479780175102,0.0,-0.1075083535203745,78.0,805.0,88.7,4.086469824580535,0.3696063286695236,3.8278540730628072,-0.7347426594921403,-0.426,0.1629943659338937,1.7751479289940826,2.1483446221182985,Transit,1,2,130.946099,14.9073919
FALSE POSITIVE,-1.0026622930969908,-0.0559479780175102,0.0,-0.1075083535203745,78.0,805.0,88.7,0.5029174487450052,0.2580157719614789,0.3162386929928763,-1.806836113689372,0.099,0.1629943659338937,1.7751479289940826,2.1483446221182985,Transit,1,2,133.838029,14.9645433
CANDIDATE,-0.4543610493842732,0.854424587971144,0.0,-0.1075083535203745,78.0,805.0,88.7,-0.1206014336792597,-0.1341631980619888,0.0390058998294608,0.3834421123235741,,0.0482946269433759,0.7889546351084813,1.7541160386140584,Transit,1,0,132.3424454,14.9783604
FALSE POSITIVE,-0.9813941380293616,-0.0559479780175102,0.0,-0.1075083535203745,78.0,805.0,88.7,-0.0001962025624541,-0.1498836776610069,-0.0226013875401871,0.7096087324094619,-0.238,0.1629943659338937,1.7751479289940826,2.1483446221182985,Transit,1,2,130.1753375,14.9839274
CANDIDATE,-1.0216655821646663,-0.8962918850839604,0.0,-0.1075083535203745,78.0,805.0,88.7,-1.4994257779601057,-0.2547094300217619,0.0390058998294608,1.060702289574733,,1.0440193059963985,6.122448979591837,2.9277002188456,Transit,1,0,136.7222365,15.0754252
FALSE POSITIVE,-1.0201164702886547,-0.0559479780175102,0.0,-0.1075083535203745,78.0,805.0,88.7,1.2797277323922114,0.2026896004063564,0.9631152103741794,-1.1247316448926017,-0.4486,0.1629943659338937,1.7751479289940826,2.1483446221182985,Transit,1,2,134.3271756,15.0821831
FALSE POSITIVE,-0.3144982307757693,-0.0559479780175102,0.0,-0.1075083535203745,78.0,805.0,88.7,-0.3128022903017764,0.6421545357589502,0.0390058998294608,0.0495152193733475,-0.013,0.1629943659338937,1.7751479289940826,2.1483446221182985,Transit,1,2,135.9451412,15.0878845
CANDIDATE,1.3077549049691564,-0.8682804215150788,0.0,-0.1075083535203745,78.0,805.0,88.7,0.2011242466529375,-0.3525110899136534,0.0390058998294608,0.0495152193733475,,0.9594120315628336,5.787037037037037,2.886751345948129,Transit,1,0,123.8761593,15.1294601
CANDIDATE,1.6386397142749027,-0.0559479780175102,0.0,-0.1075083535203745,78.0,805.0,88.7,-0.1206014336792597,-0.1580449987332646,0.0390058998294608,0.4728028301553248,,0.1629943659338937,1.7751479289940826,2.1483446221182985,Transit,1,0,138.9529161,15.1376825
FALSE POSITIVE,-0.8493125128140847,-0.0559479780175102,0.0,-0.1075083535203745,78.0,805.0,88.7,0.4359598033946645,0.8491244554336571,0.2854350493080523,-4.024816162230163,-0.5084,0.1629943659338937,1.7751479289940826,2.1483446221182985,Transit,1,2,133.368118,15.1609156
CANDIDATE,1.596853904272593,4.600957840309067,0.0,-0.1075083535203745,78.0,591.0,88.7,1.896836291110609,0.50837096285567,1.887224520918898,-2.024594073458323,0.04,0.003619657166246,0.1402483564645726,1.138989594902999,Transit,1,0,127.6869017,15.1625976
CANDIDATE,0.1331758613014096,-0.5741600540418211,0.0,-0.1075083535203745,78.0,805.0,88.7,0.2011242466529375,-0.0296518894100723,0.0390058998294608,0.0495152193733475,,0.4451986144917797,3.4686090877558096,2.54000254000381,Transit,1,0,124.997024,15.1778665
CANDIDATE,0.1330506299452244,-0.0559479780175102,0.0,-0.1075083535203745,78.0,805.0,88.7,0.9675328729660958,-0.0442459440774285,0.6550787735259401,0.262428887596682,-0.0125,0.1629943659338937,1.7751479289940826,2.1483446221182985,Transit,1,0,124.997024,15.1778665
CANDIDATE,-0.6507895054214078,-0.0559479780175102,0.0,-0.1075083535203745,78.0,805.0,88.7,0.0076050404380819,1.8059487993283228,0.0390058998294608,-4.724228391112244,,0.1629943659338937,1.7751479289940826,2.1483446221182985,Transit,1,0,133.1040583,15.223561
FALSE POSITIVE,-1.0232634204229027,-0.0559479780175102,0.0,-0.1075083535203745,78.0,805.0,88.7,3.122054765458413,0.6161063145982087,2.9037447625180888,-1.9978799220223056,,0.1629943659338937,1.7751479289940826,2.1483446221182985,Transit,1,2,129.7587872,15.2584092
FALSE POSITIVE,-1.0097153230773446,-0.0559479780175102,0.0,-0.1075083535203745,78.0,805.0,88.7,-0.4552566159766866,-0.0492662397471117,-0.3306378243884266,-0.4162892803138358,-0.434,0.1629943659338937,1.7751479289940826,2.1483446221182985,Transit,1,2,134.3628607,15.399444
FALSE POSITIVE,-1.020054879230749,-0.0559479780175102,0.0,-0.1075083535203745,78.0,805.0,88.7,-0.0520109700264818,0.0356875799979349,-0.0534050312250111,-0.8028449328712838,-0.036,0.1629943659338937,1.7751479289940826,2.1483446221182985,Transit,1,2,129.9561722,15.4202076
CANDIDATE,-0.870790715020043,-0.0559479780175102,0.0,-0.1075083535203745,78.0,805.0,88.7,-2.4307369578690974,-0.4645281073479709,0.0390058998294608,2.8761358202618608,,0.1629943659338937,1.7751479289940826,2.1483446221182985,Transit,1,0,133.2565282,15.4222864
FALSE POSITIVE,-1.0025321663332456,-0.0559479780175102,0.0,-0.1075083535203745,78.0,805.0,88.7,-1.2563172751526932,-0.194142340447898,-0.7002815486063141,0.5585420873170511,,0.1629943659338937,1.7751479289940826,2.1483446221182985,Transit,1,2,136.0364522,15.4349422
CANDIDATE,-0.5248364750844627,0.994481905815552,0.0,-0.1075083535203745,78.0,805.0,88.7,-0.8221085562081111,-0.1819267994045404,0.0390058998294608,0.6562274614941787,,0.0415662711750281,0.7138607971445569,1.7107978455366033,Transit,1,0,130.7774233,15.554317
CANDIDATE,0.3526359575946372,0.0757059007562334,0.0,-0.1075083535203745,78.0,805.0,88.7,0.8119192412685753,0.0466561498776709,-0.1981821565436834,-0.9945942205555188,-0.289,0.1321947867107297,1.5438166028212736,2.07464712389016,Transit,1,0,134.2488531,15.6332775
CANDIDATE,-0.2892625937896298,-0.0559479780175102,0.0,-0.1075083535203745,78.0,805.0,88.7,1.3608969444489554,0.1330741514495876,1.0555261414286512,-0.6887454057871654,-0.5877,0.1629943659338937,1.7751479289940826,2.1483446221182985,Transit,1,0,132.0926716,15.6788582
CANDIDATE,-0.9944804732106584,-0.4341027361974128,0.0,-0.1075083535203745,78.0,805.0,82.9,-1.557481539824562,-0.2649444874523087,0.0390058998294608,1.9731222505936536,-0.058,0.3277109671095933,2.827787727401263,2.413553960127389,Transit,1,0,123.359527,15.713698
CANDIDATE,-0.8636452415294872,-1.176406520772777,0.0,-0.1075083535203745,78.0,805.0,86.2,0.2011242466529375,-0.0812820680041638,0.0390058998294608,0.0495152193733475,,2.8647889756541165,12.0,3.4641016151377544,Transit,1,0,132.5897575,15.8379892
FALSE POSITIVE,-0.7880943028097968,-0.5165964964077694,0.0,-0.1075083535203745,78.0,805.0,88.7,0.2011242466529375,-0.0812820680041638,0.0390058998294608,0.0495152193733475,,0.3910306387675176,3.181217379995812,2.485671015124058,Transit,1,2,124.4925984,15.9879159
FALSE POSITIVE,-0.787846652110606,3.0381212562763444,0.0,-0.1075083535203745,1881.65,1834.0,88.7,1.208633614009029,0.2240638120071483,0.0390058998294608,-1.319114722155032,,0.0082870261267815,0.2436231907743203,1.30760016961589,Transit,1,2,124.4925984,15.9879159
FALSE POSITIVE,-0.7936500211569245,-0.0559479780175102,0.0,-0.1075083535203745,78.0,805.0,88.7,0.2196537106480095,0.3037949093911077,0.1314168308839327,-2.1565657441087915,0.239,0.1629943659338937,1.7751479289940826,2.1483446221182985,Transit,1,2,131.2734657,15.9899642
FALSE POSITIVE,-0.7379255969017964,-0.0559479780175102,0.0,-0.1075083535203745,78.0,805.0,88.7,1.6472690847957758,0.5033273539996173,1.394366221961715,-2.235297239714237,-0.613,0.1629943659338937,1.7751479289940826,2.1483446221182985,Transit,1,2,131.7374294,16.0553155
CANDIDATE,0.6783542903776169,-0.990130288039714,0.0,-0.1075083535203745,78.0,805.0,88.7,0.4708416403148924,-0.0494396671091293,-0.2012625209121659,-0.3126308476290075,0.044,1.4118596277026747,7.487103464282772,3.078745359035396,Transit,1,0,133.5143161,16.071337
FALSE POSITIVE,-0.7451896986406659,-0.0559479780175102,0.0,-0.1075083535203745,78.0,805.0,88.7,0.9871266925953496,0.7632693820204205,0.6550787735259401,-3.5296637215287605,-0.462,0.1629943659338937,1.7751479289940826,2.1483446221182985,Transit,1,2,130.1344144,16.1591838
CANDIDATE,-0.4540191677818875,-0.9102976168684012,0.0,-0.1075083535203745,78.0,805.0,88.7,0.2011242466529375,-0.3980002340494168,0.0390058998294608,0.0495152193733475,,1.0900724849449013,6.301197227473221,2.948839123097943,Transit,1,0,134.232657,16.1602115
CANDIDATE,-1.0409462165630177,-0.0559479780175102,0.0,-0.1075083535203745,78.0,805.0,88.7,1.2763653361842284,0.5209089082080898,0.9631152103741794,-2.5305638642130424,,0.1629943659338937,1.7751479289940826,2.1483446221182985,Transit,1,0,123.4818695,16.1780684
FALSE POSITIVE,-0.9622269097317708,-0.0559479780175102,0.0,-0.1075083535203745,78.0,805.0,88.7,0.0450993866422102,0.0598480016770422,0.0082022561446368,-0.914639894074482,,0.1629943659338937,1.7751479289940826,2.1483446221182985,Transit,1,2,132.4889642,16.2036359
CANDIDATE,-0.0628085926547043,4.367762406098127,0.0,-0.1075083535203745,78.0,805.0,88.7,0.1672583855653377,-0.0852623681160431,0.4794980045224431,0.4963188085321006,-0.212,0.0040405114035974,0.150918928376505,1.1600621036536345,Transit,1,0,129.1808815,16.3067932
CANDIDATE,-0.8554312030306088,-0.0559479780175102,0.0,-0.1075083535203745,78.0,805.0,88.7,-0.0407747611156318,-0.1057324829771367,0.0390058998294608,0.0495152193733475,,0.1629943659338937,1.7751479289940826,2.1483446221182985,Transit,1,0,129.0410676,16.3436617
CANDIDATE,-0.8554031944685645,-0.0559479780175102,0.0,-0.1075083535203745,78.0,805.0,88.7,0.090600590003478,-0.1213574353734697,0.0451666285664256,0.494014242651176,0.22,0.1629943659338937,1.7751479289940826,2.1483446221182985,Transit,1,0,129.0410676,16.3436617
CANDIDATE,-0.8554321138041084,-0.6161772493951436,0.0,-0.1075083535203745,78.0,805.0,88.7,0.2011242466529375,-0.1034580257703485,0.0390058998294608,0.0495152193733475,,0.4912189601601708,3.7037037037037033,2.581988897471611,Transit,1,0,129.0410676,16.3436617
FALSE POSITIVE,-0.8393647031121653,-0.0559479780175102,0.0,-0.1075083535203745,78.0,805.0,88.7,1.2428744185586704,0.8169750028157063,0.9230704735839084,-3.5324856389339736,-0.191,0.1629943659338937,1.7751479289940826,2.1483446221182985,Transit,1,2,129.4696791,16.3656952
CANDIDATE,-0.096350445248676,-0.0559479780175102,0.0,-0.1075083535203745,78.0,805.0,88.7,0.0088145354769248,-0.0592675966996611,-0.0102799300662575,-0.0754016577640878,,0.1629943659338937,1.7751479289940826,2.1483446221182985,Transit,1,0,130.0093645,16.3723455
CANDIDATE,-0.0962692315757229,-0.0559479780175102,0.0,-0.1075083535203745,78.0,805.0,88.7,0.0088145354769248,-0.0592675966996611,-0.0102799300662575,-0.0754016577640878,,0.1629943659338937,1.7751479289940826,2.1483446221182985,Transit,1,0,130.0093645,16.3723455
CANDIDATE,-0.0963532914158619,-0.0559479780175102,0.0,-0.1075083535203745,78.0,805.0,88.7,0.3027218299157366,-0.0653608675566465,0.0390058998294608,-0.1433158033162158,,0.1629943659338937,1.7751479289940826,2.1483446221182985,Transit,1,0,130.0093645,16.3723455
CANDIDATE,0.5757548587288479,0.0981150716113388,0.0,-0.1075083535203745,78.0,805.0,88.7,0.2011242466529375,-0.0892426682279224,0.0390058998294608,0.0495152193733475,,0.1277454121372395,1.508978421608571,2.062842492517587,Transit,1,0,129.9074327,16.4140463
FALSE POSITIVE,-0.801039809638729,-0.0559479780175102,0.0,-0.1075083535203745,78.0,805.0,88.7,3.864684719307921,-0.1068941619955037,3.643032210953863,2.0876920972453066,,0.1629943659338937,1.7751479289940826,2.1483446221182985,Transit,1,2,131.5002914,16.4335416
FALSE POSITIVE,-1.0173678697137631,-0.0559479780175102,0.0,-0.1075083535203745,78.0,805.0,88.7,-2.0981258221873147,-0.3154857696586505,-1.2924970002688971,1.4111844313022055,,0.1629943659338937,1.7751479289940826,2.1483446221182985,Transit,1,2,136.2090845,16.4458014
CANDIDATE,-0.7646688668618451,-0.3360626137063268,0.0,-0.1075083535203745,78.0,805.0,88.7,-1.414761125241106,-0.2296904007470921,0.0390058998294608,0.9196064193140736,,0.2690447948585758,2.4793388429752063,2.335496832484569,Transit,1,0,131.8968981,16.4897963
FALSE POSITIVE,-0.5569552440854199,-0.0559479780175102,0.0,-0.1075083535203745,78.0,805.0,88.7,0.392671975954479,1.0351636826628956,0.0390058998294608,0.0495152193733475,-1.198,0.1629943659338937,1.7751479289940826,2.1483446221182985,Transit,1,2,130.7457554,16.526022
FALSE POSITIVE,-1.014232759635009,-0.0559479780175102,0.0,-0.1075083535203745,78.0,805.0,88.7,0.8890124550444181,0.1134171550399208,0.5934714861562922,-0.8436216393766158,-0.319,0.1629943659338937,1.7751479289940826,2.1483446221182985,Transit,1,2,130.0761219,16.6093639
CANDIDATE,0.4889177286496799,-0.7107159389401193,0.0,-0.1075083535203745,78.0,805.0,88.7,-0.1689812352329736,-0.1853384852147226,-0.1334945048055534,0.9666383760676254,-0.35,0.6206545209612645,4.328652977301625,2.6846242208560973,Transit,1,0,134.1480303,16.6656338
CANDIDATE,-0.6937577237040803,-0.0559479780175102,0.0,-0.1075083535203745,78.0,805.0,88.7,-1.3724287988816064,-0.1881838311804147,-0.683185526361237,0.5123096738283088,,0.1629943659338937,1.7751479289940826,2.1483446221182985,Transit,1,0,124.0293742,16.6771082
CANDIDATE,-0.6937438605929506,-0.72122023777845,0.0,-0.1075083535203745,78.0,805.0,88.7,0.2011242466529375,-0.1733975848790848,0.0390058998294608,0.0495152193733475,,0.6377358100351431,4.40771349862259,2.6967994498529686,Transit,1,0,124.0293742,16.6771082
FALSE POSITIVE,-1.0142203503460778,-0.0559479780175102,0.0,-0.1075083535203745,78.0,805.0,88.7,0.2011242466529375,-0.0812820680041638,0.0390058998294608,0.0495152193733475,,0.1629943659338937,1.7751479289940826,2.1483446221182985,Transit,1,2,133.8746533,16.7367269
CANDIDATE,-0.9038718300699402,-0.4341027361974128,0.0,-0.1075083535203745,78.0,805.0,88.7,0.2011242466529375,-0.255846658625156,0.0390058998294608,0.0495152193733475,,0.3277109671095933,2.827787727401263,2.413553960127389,Transit,1,0,128.9263659,16.7892549
CANDIDATE,-0.9038729685368144,-0.322056881921886,0.0,-0.1075083535203745,78.0,805.0,83.53,-1.4292750657072202,-0.2170660260208143,-0.8006983466544718,0.7074452623987968,,0.2618386260305334,2.434867299732164,2.3249527748763854,Transit,1,0,128.9263659,16.7892549
FALSE POSITIVE,-0.6748346088891016,-0.0559479780175102,0.0,-0.1075083535203745,78.0,805.0,88.7,0.9390371698509588,0.172399516554955,0.6242751298411162,-1.161651730944138,0.0603,0.1629943659338937,1.7751479289940826,2.1483446221182985,Transit,1,2,133.1348743,16.809082
FALSE POSITIVE,-0.6748305104083538,-0.0559479780175102,0.0,-0.1075083535203745,78.0,805.0,88.7,0.4285093139553927,-0.0409053350549584,0.2854350493080523,-0.0039130834986873,,0.1629943659338937,1.7751479289940826,2.1483446221182985,Transit,1,2,133.1341309,16.8102645
CANDIDATE,-0.221502108752723,-0.0258356546809626,0.0,-0.1075083535203745,78.0,805.0,88.7,-1.3857332443088777,-0.1870443281198138,-0.7126030060802436,0.4633964388046111,-0.221,0.1551676373230855,1.7178566474395565,2.1307968272885023,Transit,1,0,130.1630689,16.8291894
CANDIDATE,1.8132489972771928,0.1450342730892157,0.0,-0.1075083535203745,78.0,805.0,88.7,-1.3857332443088777,-0.1870443281198138,-0.7126030060802436,0.4633964388046111,-0.221,0.1190562735638166,1.4397519595324118,2.0387652898678827,Transit,1,0,130.1630689,16.8291894
FALSE POSITIVE,-1.0202263323420353,-0.0559479780175102,0.0,-0.1075083535203745,78.0,805.0,88.7,1.0336075869380803,0.7095580750821179,0.7166860608955882,-3.324463294213009,-0.6088,0.1629943659338937,1.7751479289940826,2.1483446221182985,Transit,1,2,132.5292897,16.8610301
FALSE POSITIVE,-0.6505356273084142,-0.0559479780175102,0.0,-0.1075083535203745,78.0,805.0,88.7,0.7768438851421327,-0.0812820680041638,0.0390058998294608,0.0495152193733475,,0.1629943659338937,1.7751479289940826,2.1483446221182985,Transit,1,2,131.3535038,16.8957837
CANDIDATE,2.0707212501934555,-0.0559479780175102,0.0,-0.1075083535203745,78.0,805.0,88.7,1.4106192854957844,0.3989695712091589,1.1171334287982992,-1.962511890543632,,0.1629943659338937,1.7751479289940826,2.1483446221182985,Transit,1,0,123.0226578,16.9029575
CANDIDATE,-0.2698527969089758,-0.0559479780175102,0.0,-0.1075083535203745,78.0,805.0,88.7,0.2011242466529375,-0.0812820680041638,0.0390058998294608,0.0495152193733475,,0.1629943659338937,1.7751479289940826,2.1483446221182985,Transit,1,0,130.1458104,17.0779872
CANDIDATE,-0.6746860366850572,-0.0559479780175102,0.0,-0.1075083535203745,78.0,805.0,88.7,1.0937315853189586,0.3331354073586752,0.7659718907913065,-1.8743740035874732,,0.1629943659338937,1.7751479289940826,2.1483446221182985,Transit,1,0,126.0138439,17.0989436
CANDIDATE,0.3859018458182514,-1.092372130066132,0.0,-0.1075083535203745,78.0,805.0,88.7,0.2011242466529375,-0.4633908787445768,0.0390058998294608,0.0495152193733475,,2.0391002070242146,9.566326530612244,3.2732683535398857,Transit,1,0,126.9741718,17.1475919
CANDIDATE,0.0066514344401974,-0.4691170656585151,0.0,1.5909836054589166,35.1,805.0,89.57,-0.931084059207852,-0.192607081833316,-0.5317055281767467,0.0495152193733475,,0.3527804131312593,2.970223509319077,2.4433888871261047,Transit,1,0,132.142853,17.1905813
CANDIDATE,0.0067181725068422,-0.0559479780175102,0.0,-0.1075083535203745,78.0,805.0,88.7,-0.8315909973126391,-0.0812820680041638,0.0390058998294608,0.0495152193733475,-0.3028,0.1629943659338937,1.7751479289940826,2.1483446221182985,Transit,1,0,132.142853,17.1905813
CANDIDATE,0.0065476062612511,-0.4971285292273966,0.0,-0.1075083535203745,78.0,805.0,88.7,0.2011242466529375,-0.2319648579538802,0.0390058998294608,0.0495152193733475,,0.3747088566711025,3.092066273287124,2.468070209369181,Transit,1,0,132.142853,17.1905813
CANDIDATE,-0.8668464885643766,-0.0559479780175102,0.0,-0.1075083535203745,78.0,805.0,88.7,-0.7604243092271259,-0.1479577810211591,-0.5000578646549585,0.2850512587951407,,0.1629943659338937,1.7751479289940826,2.1483446221182985,Transit,1,0,128.3109799,17.2614182
CANDIDATE,-0.8668727951184436,-0.973323409898385,0.0,-0.1075083535203745,78.0,805.0,88.7,0.2011242466529375,-0.2092202858859985,0.0390058998294608,0.0495152193733475,,1.3345151419950052,7.211105101856859,3.049971406652093,Transit,1,0,128.3109799,17.2614182
CANDIDATE,-0.8952460081025873,-0.4130941385207516,0.0,-0.1075083535203745,78.0,805.0,88.7,0.2011242466529375,-0.2467488297980034,0.0390058998294608,0.0495152193733475,,0.3138006063374555,2.7471898537121406,2.3961691914926155,Transit,1,0,130.7310769,17.2828025
CANDIDATE,-0.8951927665607385,-0.0559479780175102,0.0,-0.1075083535203745,78.0,805.0,88.7,-0.7580053191494401,-0.1941321053904675,-0.4846560428125465,0.7704680844485566,,0.1629943659338937,1.7751479289940826,2.1483446221182985,Transit,1,0,130.7310769,17.2828025
CANDIDATE,-0.9561206288041778,-0.0559479780175102,0.0,-0.1075083535203745,78.0,805.0,88.7,0.944612941980024,0.059887804678161,0.6242751298411162,-0.4922458904708217,-0.56,0.1629943659338937,1.7751479289940826,2.1483446221182985,Transit,1,0,132.8847309,17.319892
CANDIDATE,-0.9561146939763614,-0.0559479780175102,0.0,-0.1075083535203745,78.0,805.0,88.7,0.944612941980024,0.059887804678161,0.6242751298411162,-0.4922458904708217,-0.56,0.1629943659338937,1.7751479289940826,2.1483446221182985,Transit,1,0,132.8847309,17.319892
CANDIDATE,-0.9561007056338756,4.309010055955944,0.0,-0.1075083535203745,78.0,805.0,67.34494,0.8844889435991461,-0.0566496964546478,0.0390058998294608,-0.2373797168233233,-0.35,0.0041567397867933,0.1537994257115618,1.1655582694346116,Transit,1,0,132.8847309,17.319892
FALSE POSITIVE,-0.908626214599709,-0.0559479780175102,0.0,-0.1075083535203745,78.0,805.0,88.7,0.7450583555213429,-0.03154423780612,0.4825783688909258,0.0565229809296289,0.2322,0.1629943659338937,1.7751479289940826,2.1483446221182985,Transit,1,2,129.0675977,17.3815875
FALSE POSITIVE,-0.9086465601412216,-0.0559479780175102,0.0,-0.1075083535203745,78.0,805.0,88.7,0.7450583555213429,-0.03154423780612,0.4825783688909258,0.0565229809296289,0.2322,0.1629943659338937,1.7751479289940826,2.1483446221182985,Transit,1,2,129.0675977,17.3815875
FALSE POSITIVE,-0.908589636797501,-0.0559479780175102,0.0,-0.1075083535203745,78.0,805.0,88.7,0.7450583555213429,-0.03154423780612,0.4825783688909258,0.0565229809296289,0.2322,0.1629943659338937,1.7751479289940826,2.1483446221182985,Transit,1,2,129.0675977,17.3815875
FALSE POSITIVE,-1.0245469279771142,-0.0559479780175102,0.0,-0.1075083535203745,78.0,805.0,88.7,0.0596133271083244,-0.0568094770734247,0.0390058998294608,-0.05743545028423,,0.1629943659338937,1.7751479289940826,2.1483446221182985,Transit,1,2,129.5546285,17.4224493
CANDIDATE,-0.6968917215006982,-0.0559479780175102,0.0,-0.1075083535203745,78.0,805.0,88.7,0.5855259598979707,0.0074217630605748,0.3778459803625243,-0.2968281101598106,0.206,0.1629943659338937,1.7751479289940826,2.1483446221182985,Transit,1,0,129.0344102,17.4299822
CANDIDATE,-0.6970057742506436,-0.0559479780175102,0.0,-0.1075083535203745,78.0,805.0,88.7,0.5855259598979707,0.0074217630605748,0.3778459803625243,-0.2968281101598106,0.206,0.1629943659338937,1.7751479289940826,2.1483446221182985,Transit,1,0,129.0344102,17.4299822
FALSE POSITIVE,-1.0144927854691246,-0.0559479780175102,0.0,-0.1075083535203745,78.0,805.0,88.7,0.528897402179349,0.0403559034148677,0.3470423366777003,-0.5434636913754439,,0.1629943659338937,1.7751479289940826,2.1483446221182985,Transit,1,2,135.9347837,17.4516768
FALSE POSITIVE,-0.95850036611176,-0.0559479780175102,0.0,-0.1075083535203745,78.0,805.0,88.7,1.673527222089054,1.1206605290660632,1.425169865646539,-4.073212045729568,-0.2731,0.1629943659338937,1.7751479289940826,2.1483446221182985,Transit,1,2,133.0646554,17.4889818
CANDIDATE,0.6717846534321383,-0.0559479780175102,0.0,-0.1075083535203745,78.0,805.0,88.7,0.955849150890874,0.2667098846344267,0.0390058998294608,-1.5777904842995742,,0.1629943659338937,1.7751479289940826,2.1483446221182985,Transit,1,0,131.3241107,17.5194533
FALSE POSITIVE,0.5926497071451134,-0.0559479780175102,0.0,-0.1075083535203745,78.0,805.0,88.7,0.0571943370306387,0.6774313670362349,0.0390058998294608,0.0495152193733475,,0.1629943659338937,1.7751479289940826,2.1483446221182985,Transit,1,2,132.667423,17.5248832
FALSE POSITIVE,0.5923324164272148,-0.0559479780175102,0.0,-0.1075083535203745,78.0,805.0,88.7,0.0571943370306387,0.6774313670362349,0.0390058998294608,0.0495152193733475,,0.1629943659338937,1.7751479289940826,2.1483446221182985,Transit,1,2,132.667423,17.5248832
CANDIDATE,-0.8341959496556499,-1.001334873467267,0.0,-0.1075083535203745,78.0,805.0,88.7,0.2011242466529375,-0.4759003933819117,0.0390058998294608,0.0495152193733475,,1.4667719555349077,7.68,3.0983866769659336,Transit,1,0,126.9728935,17.5583062
CANDIDATE,-0.8341987958228358,3.669576676643752,0.0,-0.1075083535203745,78.0,805.0,85.59,-2.3509102853054697,-0.474845045237962,-2.2368905101800727,3.019677352273704,,0.0057665636758096,0.1913070094888276,1.2309149097933274,Transit,1,0,126.9728935,17.5583062
CONFIRMED,1.3269039177967563,-0.0559479780175102,0.0,-0.1075083535203745,78.0,805.0,88.7,-1.5828809356402618,-0.2325084532263026,-0.867634664381594,0.8147721877104053,,0.1629943659338937,1.7751479289940826,2.1483446221182985,Transit,1,1,130.4102091,17.6399744
CONFIRMED,1.328083483325334,-0.4901256633351761,0.0,-0.583086102034576,3.5,805.0,89.73,-1.1750271135920654,-0.2469199827028142,-0.6280192808860855,0.0495152193733475,,0.3690600752518189,3.0609121518212428,2.461829819586655,Transit,1,1,130.4102091,17.6399744
CONFIRMED,1.3280559324269734,-0.3360626137063268,0.0,2.678018459205662,78.0,805.0,89.5,-1.4994257779601057,-0.2365137723674566,-0.792692479660786,0.0495152193733475,0.14,0.2690447948585758,2.4793388429752063,2.335496832484569,Transit,1,1,130.4102091,17.6399744
CONFIRMED,1.3288096168517705,-0.0559479780175102,0.0,-0.1075083535203745,78.0,805.0,88.7,-1.5828809356402618,-0.2325084532263026,-0.867634664381594,0.8147721877104053,,0.1629943659338937,1.7751479289940826,2.1483446221182985,Transit,1,1,130.4102091,17.6399744
CONFIRMED,1.3281216561196332,-0.5321428586884988,0.0,-0.1075083535203745,78.0,431.0,88.7,-1.2853451560849214,-0.242199915384427,-0.761888835975962,1.0324831155226002,0.2,0.4047519508155705,3.255208333333333,2.5,Transit,1,1,130.4102091,17.6399744
CONFIRMED,1.327939922652471,-0.3500683454907677,0.0,-0.1075083535203745,78.0,805.0,88.7,0.2011242466529375,-0.2069458286792103,0.0390058998294608,0.0495152193733475,,0.2765178401076458,2.52503997979968,2.346185661017325,Transit,1,1,130.4102091,17.6399744
FALSE POSITIVE,-0.9056431706798368,-0.0559479780175102,0.0,-0.1075083535203745,78.0,805.0,88.7,-1.874369240001388,-0.2642558955329536,-1.0166934961724572,1.0397260368626446,,0.1629943659338937,1.7751479289940826,2.1483446221182985,Transit,1,2,131.3058198,17.6420751
CANDIDATE,-0.9738612818308502,-0.0559479780175102,0.0,-0.1075083535203745,78.0,805.0,88.7,0.2652274837116084,-0.1475102815657235,0.1622204745687567,0.8244607708016379,,0.1629943659338937,1.7751479289940826,2.1483446221182985,Transit,1,0,124.3327803,17.683961
CANDIDATE,-0.9073339078350252,-1.1624007889883363,0.0,-0.1075083535203745,78.0,805.0,86.05,0.2011242466529375,-0.4070980628765696,-1.8092127212599765,2.2590295156985,,2.6995546355230227,11.534025374855824,3.429971702850177,Transit,1,0,127.650804,17.696716
FALSE POSITIVE,1.2154217122070798,-0.0559479780175102,0.0,-0.1075083535203745,78.0,805.0,88.7,-2.104173297381529,-0.3774465328859738,-1.6701958773103662,1.8870537697346528,,0.1629943659338937,1.7751479289940826,2.1483446221182985,Transit,1,2,137.4699335,17.7159404
FALSE POSITIVE,-0.4213327591973487,-0.0559479780175102,0.0,-0.1075083535203745,78.0,805.0,88.7,-0.1097159783296741,0.0011442611698395,-0.0842086749098351,-0.5879559224643038,,0.1629943659338937,1.7751479289940826,2.1483446221182985,Transit,1,2,138.5565355,17.7424557
CANDIDATE,1.2966236589512865,-0.0559479780175102,0.0,-0.1075083535203745,78.0,805.0,88.7,1.0888936051635871,0.4316080321265691,0.0390058998294608,-2.066922834536518,,0.1629943659338937,1.7751479289940826,2.1483446221182985,Transit,1,0,136.1398094,17.7470224
FALSE POSITIVE,-0.6847920955594536,-1.2394323138027608,0.0,-0.1075083535203745,78.0,805.0,88.87,-1.6663360933204183,-0.1841261995235046,-0.6672877658554991,0.4855955223922872,,3.8016178643473753,14.491003501992513,3.631365196012815,Transit,1,2,126.1375509,17.7619577
CANDIDATE,0.1184782539527583,-0.0559479780175102,0.0,-0.1075083535203745,78.0,805.0,88.7,1.1214532116092368,0.5384677178444945,0.7782933482652361,-2.702277538320262,0.1908,0.1629943659338937,1.7751479289940826,2.1483446221182985,Transit,1,0,132.547984,17.7992816
CANDIDATE,0.2933239965248637,-0.1049680392630533,0.0,-0.1075083535203745,78.0,805.0,88.7,0.2011242466529375,-0.1842012566113286,0.0390058998294608,0.0495152193733475,,0.176901319870848,1.874736365198644,2.177862025921883,Transit,1,0,124.4776657,17.8452779
FALSE POSITIVE,-1.016533487341507,-0.0559479780175102,0.0,-0.1075083535203745,78.0,805.0,88.7,-0.1048779981743027,0.0226321956309708,-0.0842086749098351,-0.738317088205413,,0.1629943659338937,1.7751479289940826,2.1483446221182985,Transit,1,2,136.0199607,17.8569949
FALSE POSITIVE,-0.7845607293249987,-0.0559479780175102,0.0,-0.1075083535203745,78.0,805.0,88.7,-0.1278342140115395,2.1445131268447764,0.0390058998294608,0.0495152193733475,0.0857,0.1629943659338937,1.7751479289940826,2.1483446221182985,Transit,1,2,132.5083559,17.8741708
FALSE POSITIVE,-0.7845759847811157,-0.0559479780175102,0.0,-0.1075083535203745,78.0,805.0,88.7,1.048980268881773,1.5017685786354895,0.7166860608955882,-5.290587214338525,,0.1629943659338937,1.7751479289940826,2.1483446221182985,Transit,1,2,132.5058754,17.8745407
FALSE POSITIVE,-1.0225844387790035,-0.0559479780175102,0.0,-0.1075083535203745,78.0,805.0,88.7,0.2011242466529375,-0.0812820680041638,0.0390058998294608,0.0495152193733475,,0.1629943659338937,1.7751479289940826,2.1483446221182985,Transit,1,2,135.6302992,17.9021238
CANDIDATE,-1.0305727989893676,1.8348258128820023,0.0,-0.1075083535203745,78.0,805.0,88.7,0.2011242466529375,-0.2484546727030945,0.0390058998294608,0.0495152193733475,,0.0192426565262204,0.4271982912068351,1.5047095877265575,Transit,1,0,123.1521655,17.9301228
CANDIDATE,-1.0305534443842224,3.6676359233989793,0.0,-0.1075083535203745,731.2387,1326.28,88.7,-1.6699645784369468,-0.2115254482650783,0.0390058998294608,0.669396409385172,,0.0057726214305274,0.1914409642664375,1.2311303274816383,Transit,1,0,123.1521655,17.9301228
FALSE POSITIVE,0.5508727544150869,-0.0559479780175102,0.0,-0.1075083535203745,78.0,805.0,88.7,-2.2493127020426704,-0.3305324413101576,-1.381014350761607,1.5226501688081246,,0.1629943659338937,1.7751479289940826,2.1483446221182985,Transit,1,2,134.6437718,18.0481127
FALSE POSITIVE,-1.010439615702845,-0.0559479780175102,0.0,-0.1075083535203745,78.0,805.0,88.7,1.896836291110609,0.2772406215018558,1.702402658809954,-1.1218626955306348,,0.1629943659338937,1.7751479289940826,2.1483446221182985,Transit,1,2,130.3412169,18.1339264
FALSE POSITIVE,-1.0096161626125832,-0.0559479780175102,0.0,-0.1075083535203745,78.0,805.0,88.7,1.1865845194509246,0.3697882852460666,0.8707042793197074,-1.975210518867091,-0.369,0.1629943659338937,1.7751479289940826,2.1483446221182985,Transit,1,2,129.954972,18.1351672
CANDIDATE,0.1807819921217974,-0.1294780698858245,0.0,-0.1075083535203745,78.0,805.0,88.7,-0.7543768340329116,-0.1722603562756907,-0.3922451117580746,0.6138987004159797,-0.063,0.1844509884362274,1.9277031015939692,2.193084412072858,Transit,1,0,131.87908,18.1464926
CANDIDATE,-0.7845548092972517,-0.0559479780175102,0.0,-0.1075083535203745,78.0,805.0,88.7,-1.9348439919435303,-0.3115708601914663,0.0390058998294608,1.4933962917074153,,0.1629943659338937,1.7751479289940826,2.1483446221182985,Transit,1,0,132.5155053,18.2002339
CANDIDATE,-0.0606640626033756,-0.0559479780175102,0.0,-0.1075083535203745,78.0,805.0,88.7,0.2543420283620228,-0.0761645392888904,0.0390058998294608,0.0024832626197959,,0.1629943659338937,1.7751479289940826,2.1483446221182985,Transit,1,0,134.1616939,18.382575
FALSE POSITIVE,-0.5814298911048291,-0.0559479780175102,0.0,-0.1075083535203745,78.0,805.0,88.7,1.1735582578825865,0.4004536545365881,0.8399006356348834,-2.123972598078577,,0.1629943659338937,1.7751479289940826,2.1483446221182985,Transit,1,2,131.0273506,18.5109287
CANDIDATE,1.1538854145580812,-0.0559479780175102,0.0,-0.1075083535203745,78.0,805.0,88.7,1.9476350827420088,0.6692888102359331,0.0390058998294608,-2.43377209721423,,0.1629943659338937,1.7751479289940826,2.1483446221182985,Transit,1,0,137.132549,18.528433
CANDIDATE,1.1531923796790848,-0.0559479780175102,0.0,-0.1075083535203745,78.0,805.0,88.7,1.6890087585862428,0.6326927937787116,1.455973509331363,-2.6686496892414717,-0.0227,0.1629943659338937,1.7751479289940826,2.1483446221182985,Transit,1,0,137.132549,18.528433
CANDIDATE,1.1539138762299417,-0.0559479780175102,0.0,-0.1075083535203745,78.0,805.0,88.7,1.6890087585862428,0.6326927937787116,1.455973509331363,-2.6686496892414717,-0.0227,0.1629943659338937,1.7751479289940826,2.1483446221182985,Transit,1,0,137.132549,18.528433
CANDIDATE,0.1593082299366493,-0.3262586014572184,0.0,-0.1075083535203745,78.0,805.0,88.7,-1.4401605210568058,-0.2365137723674566,-0.8450586739249868,0.8866840495865842,-0.504,0.2639731695817975,2.44808229473442,2.328100985898594,Transit,1,0,131.3004022,18.6097799
CANDIDATE,-0.9687506664622106,-0.0559479780175102,0.0,-0.1075083535203745,78.0,805.0,88.7,-0.0480317313486889,-0.0807134537024667,0.0390058998294608,-0.058658281159822,,0.1629943659338937,1.7751479289940826,2.1483446221182985,Transit,1,0,135.760339,18.6147062
CANDIDATE,0.1971690843120754,-0.3010482842452249,0.0,-0.1075083535203745,78.0,805.0,88.7,0.2011242466529375,-0.0289695522480358,0.0390058998294608,0.0495152193733475,,0.2515041076020075,2.3703703703703702,2.309401076758503,Transit,1,0,126.8998198,18.6867675
CANDIDATE,-0.4274756987582978,0.1751465964257636,0.0,-0.1075083535203745,78.0,805.0,86.89,0.2011242466529375,-0.137006269570474,0.0390058998294608,0.0495152193733475,,0.1138910968907792,1.397803119430628,2.0237497720646545,Transit,1,0,130.082542,18.6929046
CANDIDATE,-0.4274166123275159,-0.0559479780175102,0.0,-0.1075083535203745,78.0,805.0,88.7,-0.5333295207339926,-0.1633524446253048,-0.3614414680732506,0.5625398036411021,-0.179,0.1629943659338937,1.7751479289940826,2.1483446221182985,Transit,1,0,130.082542,18.6929046
CANDIDATE,-0.4273574120500465,-0.4691170656585151,0.0,-0.1075083535203745,78.0,805.0,88.7,0.2011242466529375,-0.2444743725912152,0.0390058998294608,0.0495152193733475,,0.3527804131312593,2.970223509319077,2.4433888871261047,Transit,1,0,130.082542,18.6929046
CANDIDATE,-0.8943246468611261,-0.0559479780175102,0.0,-0.1075083535203745,78.0,805.0,88.7,-2.0896593569154147,-0.318784301222795,-1.3116507059121203,1.4354999529437908,,0.1629943659338937,1.7751479289940826,2.1483446221182985,Transit,1,0,130.398549,18.7429979
CANDIDATE,-0.7951414127624035,-0.0559479780175102,0.0,-0.1075083535203745,78.0,805.0,88.7,0.7108538358228664,0.0458942067133968,0.4702569114169962,-0.4985011407190455,0.211,0.1629943659338937,1.7751479289940826,2.1483446221182985,Transit,1,0,131.3109799,18.8192956
FALSE POSITIVE,-1.0221157319668086,-0.0559479780175102,0.0,-0.1075083535203745,78.0,805.0,88.7,-0.8741168428783535,-0.0812820680041638,0.0390058998294608,0.0495152193733475,,0.1629943659338937,1.7751479289940826,2.1483446221182985,Transit,1,2,137.4605365,18.8297729
FALSE POSITIVE,-0.9557822764491029,-0.0559479780175102,0.0,-0.1075083535203745,78.0,805.0,88.7,0.2011242466529375,-0.0812820680041638,0.0390058998294608,0.0495152193733475,,0.1629943659338937,1.7751479289940826,2.1483446221182985,Transit,1,2,137.0946427,18.8794251
CANDIDATE,-0.0167272105192158,0.0070778150124734,0.0,-0.1075083535203745,78.0,805.0,88.7,0.2011242466529375,-0.2336707008589714,0.0390058998294608,0.0495152193733475,,0.1471755938101408,1.6583518746285983,2.1121000314262885,Transit,1,0,128.2690718,18.9251012
CANDIDATE,-0.8758908189240313,-0.0559479780175102,0.0,-0.1075083535203745,78.0,805.0,88.7,0.6776652919570192,0.0978314370304047,0.0390058998294608,-1.051032568659784,,0.1629943659338937,1.7751479289940826,2.1483446221182985,Transit,1,0,130.4242801,18.9412786
FALSE POSITIVE,-1.0157743576296494,-0.0559479780175102,0.0,-0.1075083535203745,78.0,805.0,88.7,0.3215294777697431,0.0331117572112472,0.2053455757275103,-0.5929883418369314,-0.3221,0.1629943659338937,1.7751479289940826,2.1483446221182985,Transit,1,2,134.2906075,18.9454287
CANDIDATE,-0.8759247452368888,-0.0559479780175102,0.0,-0.1075083535203745,78.0,805.0,88.7,-2.5033066601996685,-0.3940199339375376,0.0390058998294608,1.540428248460967,,0.1629943659338937,1.7751479289940826,2.1483446221182985,Transit,1,0,129.8777982,18.9481008
CANDIDATE,-0.8758776127082881,-0.0559479780175102,0.0,-0.1075083535203745,78.0,805.0,88.7,-2.285597553207956,-0.0670667104617377,0.0390058998294608,-2.631306315579152,,0.1629943659338937,1.7751479289940826,2.1483446221182985,Transit,1,0,130.0091206,18.9491053
CANDIDATE,1.7212939235181142,-0.2450253571074615,0.0,-0.1075083535203745,78.0,585.0,88.7,0.6413804407917338,-0.0545571958244027,0.1930241182535807,0.0448120236979948,-0.07,0.2264774015945749,2.210392528873252,2.2694084234167016,Transit,1,0,133.8081054,18.9497263
FALSE POSITIVE,-0.8758919573909056,-0.0559479780175102,0.0,-0.1075083535203745,78.0,805.0,88.7,2.038347210655222,0.750105960936134,1.8256172335492504,-2.87342682894644,,0.1629943659338937,1.7751479289940826,2.1483446221182985,Transit,1,2,129.7886317,18.9518772
FALSE POSITIVE,-0.0021999178149764,-0.0559479780175102,0.0,-0.1075083535203745,78.0,805.0,88.7,0.2011242466529375,-0.0812820680041638,0.0390058998294608,0.0495152193733475,,0.1629943659338937,1.7751479289940826,2.1483446221182985,Transit,1,2,131.648111,19.018583
FALSE POSITIVE,0.0007506467834356,-0.0559479780175102,0.0,-0.1075083535203745,78.0,805.0,88.7,-1.4256465805906915,-0.1300026472164715,-0.792692479660786,-0.1800007295839891,,0.1629943659338937,1.7751479289940826,2.1483446221182985,Transit,1,2,131.4024049,19.0224447
FALSE POSITIVE,0.0014202929989643,-0.0559479780175102,0.0,-0.1075083535203745,78.0,805.0,88.7,0.2011242466529375,-0.0812820680041638,0.0390058998294608,0.0495152193733475,,0.1629943659338937,1.7751479289940826,2.1483446221182985,Transit,1,2,130.8728991,19.0321833
FALSE POSITIVE,-0.0020193569686948,-0.0559479780175102,0.0,-0.1075083535203745,78.0,805.0,88.7,1.20946816558583,0.4331546630271851,0.8707042793197074,-2.241223266265185,-0.4633,0.1629943659338937,1.7751479289940826,2.1483446221182985,Transit,1,2,131.1264326,19.0330138
FALSE POSITIVE,-0.0018657777873367,-0.0559479780175102,0.0,-0.1075083535203745,78.0,805.0,88.7,1.3235356426990996,0.9349397258457748,1.0247224977438272,-3.808516193120573,,0.1629943659338937,1.7751479289940826,2.1483446221182985,Transit,1,2,130.9624675,19.0340576
FALSE POSITIVE,-0.0013351383771735,-0.0559479780175102,0.0,-0.1075083535203745,78.0,805.0,88.7,-0.5741499782949387,3.554017002463475,0.0390058998294608,0.0495152193733475,0.193,0.1629943659338937,1.7751479289940826,2.1483446221182985,Transit,1,2,130.8071744,19.0368972
CANDIDATE,-0.0755165014469471,-0.1749966981852572,0.0,-0.1075083535203745,78.0,805.0,88.7,0.2011242466529375,-0.2399254581776388,0.0390058998294608,0.0495152193733475,,0.1996520693634794,2.0322105370116343,2.2222222222222223,Transit,1,0,125.9641071,19.1009014
CANDIDATE,4.084705013872262,-0.0559479780175102,0.0,-0.1075083535203745,78.0,805.0,88.7,-0.3948423387864866,-0.108228131147285,-0.2998341807036026,0.0993220615753623,0.085,0.1629943659338937,1.7751479289940826,2.1483446221182985,Transit,1,0,132.958077,19.1074714
FALSE POSITIVE,-0.9843020101199832,-0.0559479780175102,0.0,-0.1075083535203745,78.0,805.0,88.7,-0.7894521901593542,-0.0938945018301059,-0.5154596864973705,-0.2196957010839844,,0.1629943659338937,1.7751479289940826,2.1483446221182985,Transit,1,2,133.4825629,19.1590573
CANDIDATE,-0.6861886392126916,-0.0559479780175102,0.0,-0.1075083535203745,78.0,805.0,88.7,0.1284456897688706,-0.0936380567800405,0.0698095435142848,0.2686371058881499,0.122,0.1629943659338937,1.7751479289940826,2.1483446221182985,Transit,1,0,129.1783954,19.1738012
CANDIDATE,-0.6861901328812309,-0.0559479780175102,0.0,-0.1075083535203745,78.0,805.0,88.7,0.1284456897688706,-0.0936380567800405,0.0698095435142848,0.2686371058881499,0.122,0.1629943659338937,1.7751479289940826,2.1483446221182985,Transit,1,0,129.1783954,19.1738012
FALSE POSITIVE,-1.0227834427886509,-0.0559479780175102,0.0,-0.1075083535203745,78.0,805.0,88.7,0.2011242466529375,-0.0812820680041638,0.0390058998294608,0.0495152193733475,,0.1629943659338937,1.7751479289940826,2.1483446221182985,Transit,1,2,129.6911414,19.2377968
CANDIDATE,-0.3111279134407618,1.1415420895521808,0.0,-0.1075083535203745,78.0,805.0,88.7,0.2011242466529375,0.1637906960272618,0.0390058998294608,0.0495152193733475,,0.0357816881417047,0.6459913544823727,1.668599034465448,Transit,1,0,128.401884,19.3201861
CANDIDATE,3.419895573720937,0.4202469026534779,0.0,-0.1075083535203745,78.0,805.0,88.7,0.2011242466529375,0.1637906960272618,0.0390058998294608,0.0495152193733475,,0.0811841233887269,1.1154074955383702,1.9127301391900149,Transit,1,0,128.401884,19.3201861
CANDIDATE,-0.3111279134407618,0.4062411708690371,0.0,-0.1075083535203745,78.0,805.0,88.7,0.2011242466529375,0.1637906960272618,0.0390058998294608,0.0495152193733475,,0.0826874952419905,1.1291354586171856,1.9185884381732377,Transit,1,0,128.401884,19.3201861
CANDIDATE,1.97659280901712,0.1891523282102044,0.0,-0.1075083535203745,78.0,805.0,88.7,0.2011242466529375,0.1637906960272618,0.0390058998294608,0.0495152193733475,,0.11159033691484,1.3789141051422005,2.016877936358443,Transit,1,0,128.401884,19.3201861
CANDIDATE,-0.4235799789607494,-0.9102976168684012,0.0,-0.1075083535203745,78.0,805.0,88.7,0.2011242466529375,0.1728885248544145,0.0390058998294608,0.0495152193733475,,1.0900724849449013,6.301197227473221,2.948839123097943,Transit,1,0,130.4485798,19.3474745
CANDIDATE,-0.4237902537924532,-0.8662910403695507,0.0,-0.1075083535203745,78.0,805.0,87.57984,0.7490254992487472,0.2149557481225651,0.0390058998294608,-1.7424023329370049,0.02,0.9537562214199894,5.764271270592759,2.883908082640948,Transit,1,0,130.4485798,19.3474745
CANDIDATE,-0.4240012117042816,-0.0559479780175102,0.0,-0.1075083535203745,78.0,805.0,88.7,0.7723324686472494,0.3991230970706171,0.0390058998294608,0.0495152193733475,-0.0716,0.1629943659338937,1.7751479289940826,2.1483446221182985,Transit,1,0,130.4485798,19.3474745
FALSE POSITIVE,-0.931268807709276,-0.0559479780175102,0.0,-0.1075083535203745,78.0,805.0,88.7,2.4120811776576616,0.9698924469710922,2.195260957767138,-3.3403130636389577,,0.1629943659338937,1.7751479289940826,2.1483446221182985,Transit,1,2,132.7133566,19.3572704
CANDIDATE,1.1640543145270117,-0.3087514367266674,0.0,-0.1075083535203745,78.0,805.0,88.7,-0.4653075197494711,-0.1671428275604173,-0.302914545072085,0.6515242658188218,-0.535,0.2552291981192794,2.393718404163794,2.315067063158805,Transit,1,0,124.5363137,19.3660902
CONFIRMED,1.1369507198012117,-0.0559479780175102,0.0,-0.1075083535203745,78.0,805.0,88.7,1.2195190693586146,0.2033662514253759,0.8953471942675666,-1.1667311822735214,,0.1629943659338937,1.7751479289940826,2.1483446221182985,Transit,1,1,136.5741931,19.4020565
CONFIRMED,1.137041227917727,2.2178106927680754,0.0,-0.1075083535203745,78.0,805.0,89.33346,1.1203404761735012,0.2298022675398749,0.0390058998294608,-1.60130646267635,0.05,0.0143323111789432,0.3510187436367309,1.432609703293235,Transit,1,1,136.5741931,19.4020565
CONFIRMED,1.1370813361057126,1.979708105326151,0.0,-0.1075083535203745,31.9085,662.0,88.7,1.2195190693586146,0.2013192399392667,0.0390058998294608,-1.1780188518943726,,0.0171543170327212,0.3957021800647745,1.4761735597066172,Transit,1,1,136.5741931,19.4020565
CONFIRMED,1.1370795942513952,2.325026425337432,0.0,-0.1075083535203745,78.0,805.0,88.7,0.2011242466529375,0.2695529561429118,0.0390058998294608,0.0495152193733475,,0.0132629119243246,0.3333333333333333,1.4142135623730951,Transit,1,1,136.5741931,19.4020565
CONFIRMED,1.1370884742930154,2.1569576439241414,0.0,-0.1075083535203745,78.0,817.0,88.7,1.1481588620668868,0.2183776689901779,0.9323115666893552,-1.2250508086479286,0.1,0.0149908129931692,0.3616898148148148,1.4433756729740643,Transit,1,1,136.5741931,19.4020565
CONFIRMED,1.1370605818545922,2.885255696715065,0.0,-0.1075083535203745,78.0,805.0,88.7,1.4517421168164413,0.2723960276513971,0.0390058998294608,-1.229754004323281,,0.0091109968948902,0.2595155709342561,1.3284223283101428,Transit,1,1,136.5741931,19.4020565
CONFIRMED,1.1370452125517878,2.29701496176855,0.0,-0.1075083535203745,78.0,805.0,88.7,0.2011242466529375,0.2257696549122395,0.0390058998294608,0.0495152193733475,,0.0135317466335168,0.3378226206026755,1.4189513095212063,Transit,1,1,136.5741931,19.4020565
CONFIRMED,1.1370816207224317,-0.0559479780175102,0.0,-0.1075083535203745,78.0,805.0,87.9,1.0949410803578017,0.2126915259732074,0.9631152103741794,-1.0839549383872695,0.1,0.1629943659338937,1.7751479289940826,2.1483446221182985,Transit,1,1,136.5741931,19.4020565
CONFIRMED,1.1388121416025458,-0.0559479780175102,0.0,-0.1075083535203745,78.0,805.0,88.7,1.2195190693586146,0.2033662514253759,0.8953471942675666,-1.1667311822735214,,0.1629943659338937,1.7751479289940826,2.1483446221182985,Transit,1,1,136.5741931,19.4020565
FALSE POSITIVE,-0.8562988286355978,-0.0559479780175102,0.0,-0.1075083535203745,78.0,805.0,88.7,-2.164648049323671,-0.4065294485748725,0.0390058998294608,2.245907599764258,,0.1629943659338937,1.7751479289940826,2.1483446221182985,Transit,1,2,130.6641653,19.4143598
FALSE POSITIVE,-0.8562998532557847,-0.0559479780175102,0.0,-0.1075083535203745,78.0,805.0,88.7,-2.306158968868284,-0.4053654950992986,-1.8440085171663536,2.130538209847792,,0.1629943659338937,1.7751479289940826,2.1483446221182985,Transit,1,2,130.6641653,19.4143598
CANDIDATE,2.302020605053749,-0.8689807081043007,0.0,-0.1075083535203745,78.0,805.0,88.7,0.2652274837116084,-0.0863995967194372,0.0051218917761544,0.1623919155818739,0.09,0.9614135859214716,5.795082968685786,2.8877542125220503,Transit,1,0,126.5132158,19.5209728
FALSE POSITIVE,-1.0118549577211131,-0.0559479780175102,0.0,-0.1075083535203745,78.0,805.0,88.7,-0.2206750531931166,-0.1450061041810497,-0.1766196059643067,0.5402936880966701,0.043,0.1629943659338937,1.7751479289940826,2.1483446221182985,Transit,1,2,132.7148652,19.562251
FALSE POSITIVE,-0.2602815920491116,-0.0559479780175102,0.0,-0.1075083535203745,78.0,805.0,88.7,1.944079167327811,0.3795570789492218,1.7424473956002258,-1.5680078372948338,0.2329,0.1629943659338937,1.7751479289940826,2.1483446221182985,Transit,1,2,130.1087556,19.6864229
FALSE POSITIVE,-0.2601045604501407,-0.0559479780175102,0.0,-0.1075083535203745,78.0,805.0,88.7,3.5744059099856376,0.8835256206863281,3.365799417790448,-2.664604940960666,0.528,0.1629943659338937,1.7751479289940826,2.1483446221182985,Transit,1,2,130.0862865,19.6866788
CANDIDATE,-0.2600008461178817,-0.0559479780175102,0.0,-0.1075083535203745,78.0,805.0,88.7,0.363196581857879,-0.0420476811870678,0.0390058998294608,-0.2138637384465474,,0.1629943659338937,1.7751479289940826,2.1483446221182985,Transit,1,0,129.7034817,19.6912228
FALSE POSITIVE,-0.2599546243627806,-0.0559479780175102,0.0,-0.1075083535203745,78.0,805.0,88.7,-2.4525078685682686,-0.4054701201308109,-1.8446523133193664,2.131478848982865,,0.1629943659338937,1.7751479289940826,2.1483446221182985,Transit,1,2,129.6635506,19.6943963
CANDIDATE,0.1196531517671509,-0.0279365144486285,0.0,-0.1075083535203745,78.0,805.0,88.7,0.2011242466529375,-0.2177495004114542,0.0390058998294608,0.0495152193733475,,0.155697219246861,1.7217630853994488,2.1320071635561044,Transit,1,0,136.1570235,19.7144139
CANDIDATE,0.1196167208271697,-0.0559479780175102,0.0,-0.1075083535203745,78.0,805.0,88.7,-1.2731534460933855,-0.16129690392467,-0.7002815486063141,0.2180307204213299,-0.2395,0.1629943659338937,1.7751479289940826,2.1483446221182985,Transit,1,0,136.1570235,19.7144139
CANDIDATE,0.119766998454592,0.1261265351802205,0.0,-0.1075083535203745,78.0,805.0,88.32,-1.2731534460933855,-0.16129690392467,-0.7002815486063141,0.2180307204213299,-0.2395,0.1224600795897023,1.4670644041273413,2.048366225996757,Transit,1,0,136.1570235,19.7144139
FALSE POSITIVE,-0.9131435042951468,-0.88928901919174,0.0,-0.1075083535203745,78.0,805.0,88.02,-2.321882404373241,-0.3912087048299474,-1.7562643381301328,2.003222702915924,,1.021963297097916,6.035913686434284,2.917299829957891,Transit,1,2,136.0877307,19.7801355
FALSE POSITIVE,-0.3971106241306839,-0.0559479780175102,0.0,-0.1075083535203745,78.0,805.0,88.7,-2.2626171474699417,-0.3443719447991619,-1.464720172110748,1.626825953017243,,0.1629943659338937,1.7751479289940826,2.1483446221182985,Transit,1,2,132.7075113,19.8100975
CANDIDATE,-0.957618281977466,-0.0559479780175102,0.0,-0.1075083535203745,78.0,805.0,88.7,0.6050955896264484,-0.031244009454824,0.0390058998294608,-0.058658281159822,,0.1629943659338937,1.7751479289940826,2.1483446221182985,Transit,1,0,130.2927863,19.8185555
CANDIDATE,-0.957637863607706,-0.0559479780175102,0.0,-0.1075083535203745,78.0,805.0,88.7,0.0245379709818818,-0.1267712121399272,0.0390058998294608,0.3599261339467983,,0.1629943659338937,1.7751479289940826,2.1483446221182985,Transit,1,0,130.0240979,19.8194993
FALSE POSITIVE,-0.9576100850159702,-0.0559479780175102,0.0,-0.1075083535203745,78.0,805.0,88.7,2.548113084676317,0.4414052565448092,2.318475532506434,-1.574733407110592,-0.339,0.1629943659338937,1.7751479289940826,2.1483446221182985,Transit,1,2,129.977531,19.8219052
CANDIDATE,0.8579883870540898,-0.0559479780175102,0.0,-0.1075083535203745,78.0,805.0,88.7,1.2066621370957151,-0.0812820680041638,0.0390058998294608,0.0495152193733475,-0.0065,0.1629943659338937,1.7751479289940826,2.1483446221182985,Transit,1,0,137.3828987,20.048337
CANDIDATE,-0.0590087317679814,-0.0559479780175102,0.0,-0.1075083535203745,78.0,805.0,88.7,0.4881616092711216,6.17370269638399,0.0390058998294608,0.0495152193733475,-0.22,0.1629943659338937,1.7751479289940826,2.1483446221182985,Transit,1,0,126.2049365,20.1529633
CANDIDATE,-1.050242466872642,4.012717105362552,0.0,-0.1075083535203745,78.0,805.0,79.8,-1.2684122255411217,-0.2194553433165453,0.0390058998294608,1.681524118721626,-0.202,0.0048162015081014,0.1696638252688818,1.1945177983233637,Transit,1,0,131.2074245,20.1776135
CANDIDATE,2.6266346249685504,-0.0559479780175102,0.0,-0.1075083535203745,78.0,805.0,88.7,-1.091825949870066,-0.1771117734977699,-0.6386742612366662,0.4413384510871945,,0.1629943659338937,1.7751479289940826,2.1483446221182985,Transit,1,0,123.6562874,20.17911
CANDIDATE,-0.8834242819253866,-0.0559479780175102,0.0,-0.1075083535203745,78.0,805.0,88.7,1.7057360749734392,0.7449145123616399,0.0390058998294608,-2.631306315579152,,0.1629943659338937,1.7751479289940826,2.1483446221182985,Transit,1,0,136.9025177,20.21511
FALSE POSITIVE,0.2403852868647328,-0.0559479780175102,0.0,-0.1075083535203745,78.0,805.0,88.7,-2.335186849800513,-0.3791876298777701,-1.6811003671747935,1.901398516544486,,0.1629943659338937,1.7751479289940826,2.1483446221182985,Transit,1,2,129.9249754,20.2958096
CANDIDATE,-0.3041297575637548,-0.9663205440061644,0.0,-0.1075083535203745,78.0,805.0,88.7,0.2011242466529375,-0.4696456360632444,0.0390058998294608,0.0495152193733475,,1.30395492747115,7.10059171597633,3.038218101251,Transit,1,0,126.8358869,20.4055501
FALSE POSITIVE,-0.9934111112755236,-0.0559479780175102,0.0,-0.1075083535203745,78.0,805.0,88.7,-1.5248251737758052,-0.1288671244559826,-0.838897945188022,-0.2413304011906183,,0.1629943659338937,1.7751479289940826,2.1483446221182985,Transit,1,2,127.8743087,20.4103659
FALSE POSITIVE,-0.9934623422848722,-0.0559479780175102,0.0,-0.1075083535203745,78.0,805.0,88.7,-1.5248251737758052,-0.1288671244559826,-0.838897945188022,-0.2413304011906183,,0.1629943659338937,1.7751479289940826,2.1483446221182985,Transit,1,2,127.8743087,20.4103659
FALSE POSITIVE,-0.9768565506080198,-0.0559479780175102,0.0,-0.1075083535203745,78.0,805.0,88.7,1.3490076082171305,0.5119589190993783,1.0555261414286512,-2.445718214229633,-0.36,0.1629943659338937,1.7751479289940826,2.1483446221182985,Transit,1,2,136.2196232,20.4151247
FALSE POSITIVE,-0.7574068143633496,-0.0559479780175102,0.0,-0.1075083535203745,78.0,805.0,88.7,2.439899563551047,0.6921527913071712,2.226064601451962,-2.5160780215329472,,0.1629943659338937,1.7751479289940826,2.1483446221182985,Transit,1,2,135.585245,20.4303139
FALSE POSITIVE,-0.7127020663723993,-0.0559479780175102,0.0,-0.1075083535203745,78.0,805.0,88.7,-1.022751688201751,-0.0107471697215506,-0.6078706175518421,-0.9641645445359692,-0.277,0.1629943659338937,1.7751479289940826,2.1483446221182985,Transit,1,2,133.2789525,20.4588868
FALSE POSITIVE,-0.9885172975691788,-0.0559479780175102,0.0,-0.1075083535203745,78.0,805.0,88.7,1.120896843891369,0.2833702836741499,0.7782933482652361,-1.6360630787172254,-0.6383,0.1629943659338937,1.7751479289940826,2.1483446221182985,Transit,1,2,127.2828904,20.5702432
FALSE POSITIVE,-0.6393020331185344,-0.0559479780175102,0.0,-0.1075083535203745,78.0,805.0,88.7,-1.7256013502237175,-0.1762270096443293,-0.6366381403890992,0.4342366256174096,,0.1629943659338937,1.7751479289940826,2.1483446221182985,Transit,1,2,137.5123668,20.5937973
FALSE POSITIVE,-0.6611585478668597,-0.0559479780175102,0.0,-0.1075083535203745,78.0,805.0,88.7,1.550400627134852,0.2687284654054511,1.2865534690648308,-1.284781393724939,-0.093,0.1629943659338937,1.7751479289940826,2.1483446221182985,Transit,1,2,127.9352953,20.6637007
CANDIDATE,-0.6611255323275017,-0.0559479780175102,0.0,-0.1075083535203745,78.0,805.0,88.7,-2.418642007480669,-0.4326857064529365,0.0390058998294608,2.4011130570509795,,0.1629943659338937,1.7751479289940826,2.1483446221182985,Transit,1,0,127.794149,20.6641564
FALSE POSITIVE,-0.880582782453543,-0.0559479780175102,0.0,-0.1075083535203745,78.0,805.0,88.7,1.050189763920616,0.0921111771553325,0.7166860608955882,-0.6389385635851548,,0.1629943659338937,1.7751479289940826,2.1483446221182985,Transit,1,2,136.7743166,20.690312
CANDIDATE,1.616398056182964,-0.0559479780175102,0.0,-0.1075083535203745,78.0,805.0,88.7,1.4033623152627277,0.4907439195030617,0.0390058998294608,-2.160986748043625,,0.1629943659338937,1.7751479289940826,2.1483446221182985,Transit,1,0,136.8044416,20.8135797
CANDIDATE,-0.7729705673100532,-1.0377497761068128,0.0,-0.1075083535203745,78.0,805.0,88.7,-1.7969615575154456,-0.3360212751644391,-1.4488100901475365,1.5122090744088343,0.31,1.6661810185050825,8.36118071019869,3.164916190172819,Transit,1,0,128.1350093,20.8446748
CANDIDATE,-0.4934605557190589,4.49591485192576,0.0,-0.1075083535203745,78.0,805.0,88.7,2.0685845866262933,0.2524945270920005,0.0390058998294608,-1.0557357643351368,,0.0038016178643473,0.1449100350199251,1.148338503526429,Transit,1,0,134.6902795,20.8689789
CANDIDATE,-0.4934587797107347,4.59106279080336,0.0,-0.1075083535203745,562.184,1356.0,88.7,1.4074745983947927,0.2695529561429118,0.0390058998294608,-1.4131786356621392,,0.0036362957862537,0.1406778179424657,1.1398605346270572,Transit,1,0,134.6902795,20.8689789
FALSE POSITIVE,-0.694023923444056,-0.0559479780175102,0.0,-0.1075083535203745,78.0,805.0,88.7,0.3585158360575573,-0.0889435771052297,0.2330688550438515,0.3468982819260603,0.189,0.1629943659338937,1.7751479289940826,2.1483446221182985,Transit,1,2,128.1785549,20.8777376
FALSE POSITIVE,-0.8281774445240739,-0.0559479780175102,0.0,-0.1075083535203745,78.0,805.0,88.7,2.7471113034171304,0.7134815137638274,2.534101038300201,-2.4598278012556976,,0.1629943659338937,1.7751479289940826,2.1483446221182985,Transit,1,2,127.8582411,20.9166323
CANDIDATE,1.6409176726439123,-0.0559479780175102,0.0,-0.1075083535203745,78.0,805.0,88.7,-0.0843165825139743,-0.1011835685635603,0.0390058998294608,0.1247663501790318,,0.1629943659338937,1.7751479289940826,2.1483446221182985,Transit,1,0,128.7199403,20.946957
CANDIDATE,-0.7651194720507373,-0.1960052958619187,0.0,-0.1075083535203745,78.0,805.0,88.7,0.9316592501140172,-0.0380673810751885,0.0390058998294608,0.0307024366719285,,0.2072329988175721,2.083333333333333,2.23606797749979,Transit,1,0,134.6329328,20.9512894
FALSE POSITIVE,-0.8736083066875239,-0.0559479780175102,0.0,-0.1075083535203745,78.0,805.0,88.7,1.2357504927798857,-0.0107056608775268,0.9015079230045312,0.1567010488146965,0.057,0.1629943659338937,1.7751479289940826,2.1483446221182985,Transit,1,2,137.317315,21.0025648
CANDIDATE,-0.014692087134518,0.6058228487973192,0.0,-0.1075083535203745,78.0,805.0,88.7,-0.6636647061196981,-0.1472413270010208,-0.1951017921752011,0.5480539609610091,-0.116,0.064304877936277,0.9548799337949914,1.839850364921899,Transit,1,0,128.9278377,21.0637447
FALSE POSITIVE,-1.0117149262955607,-0.0559479780175102,0.0,-0.1075083535203745,78.0,805.0,88.7,0.1838042776967083,0.0540197050846476,0.1006131871991088,-0.8075010965898889,-0.0634,0.1629943659338937,1.7751479289940826,2.1483446221182985,Transit,1,2,137.4853283,21.0715037
CANDIDATE,-0.9696951385812222,-0.0559479780175102,0.0,-0.1075083535203745,78.0,805.0,88.7,1.161463307494158,0.2240638120071483,0.0390058998294608,-1.3144115264796792,,0.1629943659338937,1.7751479289940826,2.1483446221182985,Transit,1,0,128.2828064,21.1399388
FALSE POSITIVE,-1.01608265445924,-0.0559479780175102,0.0,-0.1075083535203745,78.0,805.0,88.7,-0.2802547788065156,-0.0038857009429725,-0.2074232496491307,-0.6515901599518618,,0.1629943659338937,1.7751479289940826,2.1483446221182985,Transit,1,2,134.8894772,21.1694877
FALSE POSITIVE,-0.9449251732545908,-0.0559479780175102,0.0,-0.1075083535203745,78.0,805.0,88.7,0.6213391079981082,-0.0561658056839037,0.4086496240473483,0.1985594903253568,-0.226,0.1629943659338937,1.7751479289940826,2.1483446221182985,Transit,1,2,133.6160492,21.2872925
FALSE POSITIVE,-1.013245708854894,-0.0559479780175102,0.0,-0.1075083535203745,78.0,805.0,88.7,0.2011242466529375,-0.0812820680041638,0.0390058998294608,0.0495152193733475,,0.1629943659338937,1.7751479289940826,2.1483446221182985,Transit,1,2,137.9316123,21.2909949
CANDIDATE,-0.9884730704080416,-0.0559479780175102,0.0,-0.1075083535203745,78.0,805.0,88.7,1.0531651217161695,0.9347577692692316,0.7166860608955882,-3.9857796381247135,-0.0567,0.1629943659338937,1.7751479289940826,2.1483446221182985,Transit,1,0,129.83855,21.3907526
CANDIDATE,-0.988453088037462,-0.0559479780175102,0.0,-0.1075083535203745,78.0,805.0,88.7,1.0531651217161695,0.9347577692692316,0.7166860608955882,-3.9857796381247135,-0.0567,0.1629943659338937,1.7751479289940826,2.1483446221182985,Transit,1,0,129.83855,21.3907526
CANDIDATE,-0.9884731136697829,2.3950550842596354,0.0,-0.1075083535203745,78.0,805.0,88.7,0.2011242466529375,0.940517832145423,0.0390058998294608,0.0495152193733475,,0.0126212721578198,0.3224939532383768,1.402573746636553,Transit,1,0,129.83855,21.3907526
FALSE POSITIVE,-0.989052604693527,-0.0559479780175102,0.0,-0.1075083535203745,78.0,805.0,88.7,1.449419886341863,0.4487744978948029,1.1633388943255356,-2.142079901428698,-0.211,0.1629943659338937,1.7751479289940826,2.1483446221182985,Transit,1,2,127.7771249,21.3980052
CANDIDATE,0.5368928365840644,-0.0559479780175102,0.0,-0.1075083535203745,78.0,805.0,88.7,1.2219380594363003,0.2587492844106681,0.0390058998294608,-1.3896626572853634,,0.1629943659338937,1.7751479289940826,2.1483446221182985,Transit,1,0,136.2543849,21.4285385
FALSE POSITIVE,-1.0196841944164403,-0.0559479780175102,0.0,-0.1075083535203745,78.0,805.0,88.7,-0.2334594157536863,-0.1249146864448864,-0.1766196059643067,0.3524480528229825,0.0285,0.1629943659338937,1.7751479289940826,2.1483446221182985,Transit,1,2,133.4259049,21.4505161
FALSE POSITIVE,-0.8835988088972339,-0.0559479780175102,0.0,-0.1075083535203745,78.0,805.0,88.7,3.405802301570945,1.1071161363996394,3.180977555681504,-3.311858729803058,-0.28,0.1629943659338937,1.7751479289940826,2.1483446221182985,Transit,1,2,133.4538787,21.4911903
FALSE POSITIVE,-1.019326032737751,-0.0559479780175102,0.0,-0.1075083535203745,78.0,805.0,88.7,0.2011242466529375,-0.0812820680041638,0.0390058998294608,0.0495152193733475,,0.1629943659338937,1.7751479289940826,2.1483446221182985,Transit,1,2,128.6412641,21.5530829
FALSE POSITIVE,-0.9507179204049708,-0.0559479780175102,0.0,-0.1075083535203745,78.0,805.0,88.7,0.3124098851768681,1.1160206363642151,0.0390058998294608,0.0495152193733475,-0.598,0.1629943659338937,1.7751479289940826,2.1483446221182985,Transit,1,2,136.0528301,21.562908
FALSE POSITIVE,-0.6497053434169059,-0.0559479780175102,0.0,-0.1075083535203745,78.0,805.0,88.7,-0.1149409968974749,-0.1252370907539486,-0.0842086749098351,0.4297215577690682,-0.3736,0.1629943659338937,1.7751479289940826,2.1483446221182985,Transit,1,2,133.2884088,21.690395
FALSE POSITIVE,-1.022977323697363,-0.0559479780175102,0.0,-0.1075083535203745,78.0,805.0,88.7,1.6573562734197254,0.1739802643136728,1.425169865646539,-0.7259947155359808,,0.1629943659338937,1.7751479289940826,2.1483446221182985,Transit,1,2,132.7698139,21.7013424
FALSE POSITIVE,-1.0229766406172385,-0.0559479780175102,0.0,-0.1075083535203745,78.0,805.0,88.7,0.477385008475032,-0.0723241182952285,0.3100779642559115,0.2621466958561589,-0.281,0.1629943659338937,1.7751479289940826,2.1483446221182985,Transit,1,2,132.7657132,21.7047312
FALSE POSITIVE,-0.9693587216198336,-0.0559479780175102,0.0,-0.1075083535203745,78.0,805.0,88.7,0.3683853155745147,0.0757805744105934,0.2238277619384044,-0.8582956098837243,0.1621,0.1629943659338937,1.7751479289940826,2.1483446221182985,Transit,1,2,135.9645577,21.7455039
FALSE POSITIVE,-0.5303839964700946,-0.0559479780175102,0.0,-0.1075083535203745,78.0,805.0,88.7,0.7297945281311463,0.084332533508117,0.4702569114169962,-0.7450426580211712,-0.178,0.1629943659338937,1.7751479289940826,2.1483446221182985,Transit,1,2,127.6043814,21.7469553
FALSE POSITIVE,-1.0088154788598098,-0.0559479780175102,0.0,-0.1075083535203745,78.0,805.0,88.7,0.3541737488681113,0.0276189430568538,0.2238277619384044,-0.5426641481106305,0.162,0.1629943659338937,1.7751479289940826,2.1483446221182985,Transit,1,2,137.1878696,21.7652377
CANDIDATE,-0.9150819718422072,-0.0559479780175102,0.0,-0.1075083535203745,78.0,805.0,88.7,-0.6648742011585409,-0.0141855804039127,0.0390058998294608,-0.3173340433043602,,0.1629943659338937,1.7751479289940826,2.1483446221182985,Transit,1,0,126.7538167,21.956952
CANDIDATE,-0.2723574240326809,-0.0559479780175102,0.0,-0.1075083535203745,78.0,805.0,88.7,0.5756806702817907,-0.0549455593924618,0.3747656159940419,0.1662955679924214,0.163,0.1629943659338937,1.7751479289940826,2.1483446221182985,Transit,1,0,128.0731788,22.005792
CANDIDATE,-0.2723152666043215,-0.5751544609985165,0.0,-0.1075083535203745,117.665,917.0,88.7,0.5757048601825671,-0.0545571958244027,0.0390058998294608,0.1859078939586498,,0.4462198217972367,3.473911314699386,2.540972666376792,Transit,1,0,128.0731788,22.005792
CANDIDATE,-0.2723421685765638,0.014080680904694,0.0,-0.1075083535203745,78.0,805.0,88.7,0.8228046966181609,0.0204998919996069,0.0390058998294608,-0.3361468260057834,,0.1455463585659765,1.6460905349794237,2.1081851067789192,Transit,1,0,128.0731788,22.005792
CANDIDATE,-0.2723263438870095,0.3642239755157149,0.0,-0.1075083535203745,78.0,805.0,88.7,0.2011242466529375,-0.0261264807395506,0.0390058998294608,0.0495152193733475,,0.0874264213761632,1.1718749999999998,1.9364916731037085,Transit,1,0,128.0731788,22.005792
CANDIDATE,-0.2725310607234324,-0.0559479780175102,0.0,-0.1075083535203745,78.0,805.0,88.7,0.5756806702817907,-0.0549455593924618,0.3747656159940419,0.1662955679924214,0.163,0.1629943659338937,1.7751479289940826,2.1483446221182985,Transit,1,0,128.0731788,22.005792
FALSE POSITIVE,-0.8553256671513509,-0.0559479780175102,0.0,-0.1075083535203745,78.0,805.0,88.7,1.208343335199707,0.1449240734969539,0.8707042793197074,-0.8607412716349083,-0.1595,0.1629943659338937,1.7751479289940826,2.1483446221182985,Transit,1,2,137.2794242,22.2030123
FALSE POSITIVE,0.8192541498466909,-0.0559479780175102,0.0,-0.1075083535203745,78.0,805.0,88.7,-0.1221012075274246,0.053360112494679,-0.115012318594659,-0.968585548470803,-0.257,0.1629943659338937,1.7751479289940826,2.1483446221182985,Transit,1,2,133.3108723,22.2188747
FALSE POSITIVE,0.820304260306979,-0.0559479780175102,0.0,-0.1075083535203745,78.0,805.0,88.7,-0.1221012075274246,0.053360112494679,-0.115012318594659,-0.968585548470803,-0.257,0.1629943659338937,1.7751479289940826,2.1483446221182985,Transit,1,2,133.3108723,22.2188747
CANDIDATE,1.1968246281201944,-0.0559479780175102,0.0,-0.1075083535203745,78.0,805.0,88.7,0.8107097462297324,-0.0204403377225802,0.0390058998294608,-0.1386126076408631,,0.1629943659338937,1.7751479289940826,2.1483446221182985,Transit,1,0,135.7319963,22.3033664
FALSE POSITIVE,-0.9126028463764888,-0.0559479780175102,0.0,-0.1075083535203745,78.0,805.0,88.7,-1.257526770191536,-0.0131728783325902,-0.7064422773432789,-1.0464704688546869,,0.1629943659338937,1.7751479289940826,2.1483446221182985,Transit,1,2,128.7020517,22.3253253
FALSE POSITIVE,-1.0125652472040585,-0.0559479780175102,0.0,-0.1075083535203745,78.0,805.0,88.7,0.4246752146822608,0.1013397872718755,0.0390058998294608,0.0495152193733475,-0.234,0.1629943659338937,1.7751479289940826,2.1483446221182985,Transit,1,2,133.4208162,22.344148
FALSE POSITIVE,-0.95949162921931,-0.0559479780175102,0.0,-0.1075083535203745,78.0,805.0,88.7,1.6972696097015392,0.3379003952068964,1.455973509331363,-1.5221987114168742,,0.1629943659338937,1.7751479289940826,2.1483446221182985,Transit,1,2,128.2791625,22.3581943
CANDIDATE,-0.4928579652024329,-0.8052546284850949,0.0,-0.1075083535203745,78.0,805.0,88.7,0.2011242466529375,-0.1023207971669544,0.0390058998294608,0.0495152193733475,,0.7998680401549698,5.126233499935922,2.80056016805602,Transit,1,0,132.2470045,22.4308666
CANDIDATE,0.0263825897808921,-0.0559479780175102,0.0,-0.1075083535203745,78.0,805.0,88.7,0.4696321452760495,-0.0338317731418472,0.3162386929928763,-0.0367884212694209,,0.1629943659338937,1.7751479289940826,2.1483446221182985,Transit,1,0,126.1744434,22.6888782
CANDIDATE,-0.8285611078607505,-0.0559479780175102,0.0,-0.1075083535203745,78.0,805.0,88.7,0.2011242466529375,-0.1273398264416243,0.0390058998294608,0.0495152193733475,,0.1629943659338937,1.7751479289940826,2.1483446221182985,Transit,1,0,129.2119475,22.7410958
CANDIDATE,-0.8286123388700991,-0.0559479780175102,0.0,-0.1075083535203745,78.0,805.0,88.7,-0.1290678989511597,-0.1294249350859473,-0.115012318594659,0.4437370808816268,,0.1629943659338937,1.7751479289940826,2.1483446221182985,Transit,1,0,129.2119475,22.7410958
CANDIDATE,-0.7167010451154568,-0.0559479780175102,0.0,-0.1075083535203745,78.0,805.0,88.7,-0.0716047896557357,-0.0544411985068565,0.0390058998294608,0.0495152193733475,0.296,0.1629943659338937,1.7751479289940826,2.1483446221182985,Transit,1,0,126.0234932,22.7832013
CANDIDATE,-0.7166840819590281,1.8170788910319,0.0,-0.1075083535203745,78.0,805.0,86.45657,0.0753367626132814,-0.094744580211143,0.0390058998294608,0.3270037642193089,0.29,0.0195213483029761,0.4313131458515338,1.5083199845142594,Transit,1,0,126.0234932,22.7832013
CANDIDATE,-0.7166779000839,2.562262513168183,0.0,-0.1075083535203745,67.6268,805.0,88.7,-0.0716168846061244,-0.0545571958244027,0.0390058998294608,0.0495152193733475,,0.0112480608006171,0.2986560097810275,1.375903977434357,Transit,1,0,126.0234932,22.7832013
CANDIDATE,-0.7498019694889687,-0.72122023777845,0.0,-0.1075083535203745,78.0,805.0,88.7,0.2011242466529375,-0.1307515122518065,0.0390058998294608,0.0495152193733475,,0.6377358100351431,4.40771349862259,2.6967994498529686,Transit,1,0,127.9211671,22.8415869
CANDIDATE,-0.749830431160829,-0.0559479780175102,0.0,-0.1075083535203745,78.0,805.0,88.7,-0.1485044842253639,-0.137629470845134,-0.1211730473316238,0.5152256551470273,0.082,0.1629943659338937,1.7751479289940826,2.1483446221182985,Transit,1,0,127.9211671,22.8415869
CANDIDATE,-0.9798007397919352,-0.0559479780175102,0.0,-0.1075083535203745,78.0,805.0,88.7,0.2011242466529375,-0.0812820680041638,0.0390058998294608,0.0495152193733475,,0.1629943659338937,1.7751479289940826,2.1483446221182985,Transit,1,0,128.1695507,23.0320039
CANDIDATE,-0.979776148907448,0.9384589786777888,0.0,-0.1075083535203745,78.0,805.0,85.1,0.4938220460529064,-0.1057324829771367,0.0390058998294608,0.0071864582951527,-0.281,0.0440975516414074,0.7425558773297692,1.7277368511627202,Transit,1,0,128.1695507,23.0320039
CANDIDATE,-0.9797962929403238,-0.0559479780175102,0.0,-0.1075083535203745,78.0,805.0,88.7,0.2011242466529375,-0.0812820680041638,0.0390058998294608,0.0495152193733475,,0.1629943659338937,1.7751479289940826,2.1483446221182985,Transit,1,0,128.1695507,23.0320039
CANDIDATE,-0.3219945797570187,-0.0559479780175102,0.0,-0.1075083535203745,78.0,805.0,88.7,-1.3107445519006211,-0.0812820680041638,0.0390058998294608,0.0495152193733475,,0.1629943659338937,1.7751479289940826,2.1483446221182985,Transit,1,0,132.7540985,23.0836613
FALSE POSITIVE,-0.9655001158423911,-0.0559479780175102,0.0,-0.1075083535203745,78.0,805.0,88.7,1.8612529470678525,1.119546045034737,1.6407953714403063,-3.9657440245477,0.194,0.1629943659338937,1.7751479289940826,2.1483446221182985,Transit,1,2,136.5483277,23.1235964
CANDIDATE,-1.0199087000840743,-0.0559479780175102,0.0,-0.1075083535203745,78.0,805.0,88.7,0.2543420283620228,2.130058951295637,0.0390058998294608,-4.545506955448745,,0.1629943659338937,1.7751479289940826,2.1483446221182985,Transit,1,0,133.2271026,23.2428226
CANDIDATE,-0.5461006455180316,-0.8122574943773153,0.0,-0.1075083535203745,78.0,805.0,88.7,0.2011242466529375,-0.0045191372750629,0.0390058998294608,0.0495152193733475,,0.8157589981155338,5.193905817174516,2.809757434745082,Transit,1,0,127.6541149,23.2451004
FALSE POSITIVE,-0.4930456983900234,-0.0559479780175102,0.0,-0.1075083535203745,78.0,805.0,88.7,0.0828840116556605,0.0801418461046097,0.0390058998294608,-1.0204617967699752,-0.1769,0.1629943659338937,1.7751479289940826,2.1483446221182985,Transit,1,2,134.213013,23.3304435
FALSE POSITIVE,-0.4570786836601807,-0.0559479780175102,0.0,-0.1075083535203745,78.0,805.0,88.7,0.0378424164091531,1.2892944725203552,0.0390058998294608,0.0495152193733475,,0.1629943659338937,1.7751479289940826,2.1483446221182985,Transit,1,2,133.3328045,23.5317481
FALSE POSITIVE,-1.0023759686780764,-0.0559479780175102,0.0,-0.1075083535203745,78.0,805.0,88.7,2.0376698934334696,0.6208485578743621,1.8256172335492504,-2.4531022314399413,-0.0707,0.1629943659338937,1.7751479289940826,2.1483446221182985,Transit,1,2,135.2256611,23.6101958
FALSE POSITIVE,-1.018814064184328,-0.0559479780175102,0.0,-0.1075083535203745,78.0,805.0,88.7,0.2120097020025231,0.041260000154566,0.1314168308839327,-0.7008326186728303,,0.1629943659338937,1.7751479289940826,2.1483446221182985,Transit,1,2,135.8050393,23.7715847
FALSE POSITIVE,-1.017234441396082,-0.0559479780175102,0.0,-0.1075083535203745,78.0,805.0,88.7,1.6815461741965825,0.2921496884923524,1.455973509331363,-1.3114485132042046,,0.1629943659338937,1.7751479289940826,2.1483446221182985,Transit,1,2,131.9299153,23.7750461
FALSE POSITIVE,-0.9964913472509312,-0.0559479780175102,0.0,-0.1075083535203745,78.0,805.0,88.7,0.4357662841884498,0.1519464601229123,0.2854350493080523,-1.269401943866529,,0.1629943659338937,1.7751479289940826,2.1483446221182985,Transit,1,2,130.9328783,23.7965421
CANDIDATE,-0.9480204369927406,-0.0559479780175102,0.0,-0.1075083535203745,78.0,805.0,88.7,1.5364067695354406,0.8660293586231101,0.0390058998294608,-2.984045991230796,,0.1629943659338937,1.7751479289940826,2.1483446221182985,Transit,1,0,134.3375726,24.1141415
FALSE POSITIVE,-0.0404857618746202,-0.0559479780175102,0.0,-0.1075083535203745,78.0,805.0,88.7,1.1517873471834152,0.463734740172452,0.8090969919500594,-2.399485800740891,,0.1629943659338937,1.7751479289940826,2.1483446221182985,Transit,1,2,129.5703396,24.5120206
CANDIDATE,-0.9465215315058906,-0.0559479780175102,0.0,-0.1075083535203745,78.0,805.0,88.7,-2.055793495827815,-0.3815104193002026,0.0390058998294608,2.048373381399338,,0.1629943659338937,1.7751479289940826,2.1483446221182985,Transit,1,0,131.0553251,24.5162853
FALSE POSITIVE,-0.7718632944280006,-0.0559479780175102,0.0,-0.1075083535203745,78.0,805.0,88.7,1.919816696848623,0.3390489960963244,1.702402658809954,-1.408898727597565,,0.1629943659338937,1.7751479289940826,2.1483446221182985,Transit,1,2,130.2720943,24.5424323
FALSE POSITIVE,0.3850100847155247,-0.0559479780175102,0.0,-0.1075083535203745,78.0,805.0,88.7,-0.1048779981743027,-0.1142520310594634,-0.0842086749098351,0.3304841290190737,,0.1629943659338937,1.7751479289940826,2.1483446221182985,Transit,1,2,132.9302232,24.6172215
FALSE POSITIVE,-0.999712297732016,-0.0559479780175102,0.0,-0.1075083535203745,78.0,805.0,88.7,0.9410570265658266,0.1055759638195184,0.6242751298411162,-0.7774006442676143,0.036,0.1629943659338937,1.7751479289940826,2.1483446221182985,Transit,1,2,131.5960511,24.7569414
CANDIDATE,-0.2936686131481631,4.075742898392536,0.0,-0.1075083535203745,78.0,805.0,88.7,0.2180571771967373,-0.1199478405195627,0.0390058998294608,0.3270037642193089,,0.0046648304101837,0.1660899653979238,1.1881770515720091,Transit,1,0,131.7746924,24.9394118
FALSE POSITIVE,-1.022149658279666,-0.0559479780175102,0.0,-0.1075083535203745,78.0,805.0,88.7,-1.8211514582923027,-0.1903155661974769,-0.6915856799940883,0.5263722288976193,,0.1629943659338937,1.7751479289940826,2.1483446221182985,Transit,1,2,133.8758538,25.0205528
CANDIDATE,-0.9465172053317678,-0.0559479780175102,0.0,-0.1075083535203745,78.0,805.0,88.7,1.4880269679817266,0.7966584138160709,0.0390058998294608,-2.8241373382687174,,0.1629943659338937,1.7751479289940826,2.1483446221182985,Transit,1,0,131.0673398,25.0757683
FALSE POSITIVE,-0.991749177332258,-0.0559479780175102,0.0,-0.1075083535203745,78.0,805.0,88.7,0.41036688837275,0.430669818528769,0.2546314056232284,-2.621335540747398,,0.1629943659338937,1.7751479289940826,2.1483446221182985,Transit,1,2,131.8385066,25.1656263
FALSE POSITIVE,-1.0143655048725653,-0.0559479780175102,0.0,-0.1075083535203745,78.0,805.0,88.7,0.5228499269851348,-0.0812820680041638,0.0390058998294608,0.0495152193733475,,0.1629943659338937,1.7751479289940826,2.1483446221182985,Transit,1,2,130.4122681,25.1826645
FALSE POSITIVE,-0.9499378429026242,-0.0559479780175102,0.0,-0.1075083535203745,78.0,805.0,88.7,-0.9539435154419812,-0.0695595155603776,-0.5863080669724653,-0.4907408678547107,,0.1629943659338937,1.7751479289940826,2.1483446221182985,Transit,1,2,130.7070546,25.1910877
CANDIDATE,-0.4911418402359451,-0.0559479780175102,0.0,-0.1075083535203745,78.0,805.0,88.7,-2.418642007480669,-0.2052399857741192,0.0390058998294608,-2.4008497274867424,,0.1629943659338937,1.7751479289940826,2.1483446221182985,Transit,1,0,132.092118,25.2432742
FALSE POSITIVE,-1.0139410844217849,-0.0559479780175102,0.0,-0.1075083535203745,78.0,805.0,88.7,-1.1825380777832797,-0.0401672736913557,-0.6694779049214901,-0.8061371698440332,,0.1629943659338937,1.7751479289940826,2.1483446221182985,Transit,1,2,130.1406047,25.3181929
CANDIDATE,-0.9572771973018924,-0.0559479780175102,0.0,-0.1075083535203745,78.0,805.0,88.7,0.9679441012793024,0.5117826486658522,0.0390058998294608,-2.278566639927506,,0.1629943659338937,1.7751479289940826,2.1483446221182985,Transit,1,0,131.6535145,25.3374544
CANDIDATE,-0.8865603027776401,-0.0559479780175102,0.0,-0.1075083535203745,78.0,805.0,88.7,1.1239689612900297,0.3894680262278013,0.8090969919500594,-2.095565296199433,,0.1629943659338937,1.7751479289940826,2.1483446221182985,Transit,1,0,207.7914221,-18.4617958
CANDIDATE,0.3326238730295458,-0.0559479780175102,0.0,-0.1075083535203745,78.0,805.0,88.7,0.9752010715123596,0.1936600052954075,0.6550787735259401,-1.2576909866348949,,0.1629943659338937,1.7751479289940826,2.1483446221182985,Transit,1,0,207.1245787,-18.1966339
CANDIDATE,0.8209156170185383,0.5056818665385673,0.0,-0.1075083535203745,78.0,805.0,88.7,0.3462636513140791,-0.0863995967194372,-0.1427355979110006,0.0448120236979948,-0.189,0.0727595004968948,1.0368421107202217,1.8781205660633704,Transit,1,0,205.9042638,-18.0237509
CANDIDATE,-0.7674833448224244,-0.0559479780175102,0.0,-0.1075083535203745,78.0,805.0,88.7,0.8155477263851038,-0.1240037663335677,0.5318641987866443,0.854655287037416,,0.1629943659338937,1.7751479289940826,2.1483446221182985,Transit,1,0,205.1470099,-17.6951755
CONFIRMED,-0.8213986712137661,-0.840268957946197,0.0,-0.1075083535203745,78.0,1149.0,88.7,0.0620323171860101,-0.1171047690110775,-0.115012318594659,0.3270037642193089,-0.03,0.8837053628530506,5.47845142439737,2.847473987257497,Transit,1,1,207.2061241,-17.6098985
CONFIRMED,-0.8213910434857076,-0.9502139524540576,0.0,-0.1075083535203745,78.0,805.0,88.7,0.2011242466529375,-0.0812820680041638,-0.1180926829631414,0.0495152193733475,,1.237123635270819,6.8558539565990175,3.011693009684171,Transit,1,1,207.2061241,-17.6098985
CONFIRMED,-0.8214445514288049,-0.5951686517184823,0.0,-0.1075083535203745,78.0,805.0,88.7,0.2011242466529375,-0.1461040983976267,0.0390058998294608,0.0495152193733475,,0.4674545243636996,3.5832661470930747,2.56073759865792,Transit,1,1,207.2061241,-17.6098985
CONFIRMED,-0.4884634830672049,-0.2730368206763432,0.0,-0.1075083535203745,78.0,805.0,88.7,0.2011242466529375,-0.1461040983976267,0.0390058998294608,0.0495152193733475,,0.2385537180235669,2.288285883183005,2.289142781149547,Transit,1,1,207.2061241,-17.6098985
CONFIRMED,-0.4884424214300282,-0.287042552460784,0.0,-0.1075083535203745,78.0,866.0,88.7,0.0620323171860101,-0.1171047690110775,-0.115012318594659,0.3270037642193089,-0.03,0.2449148198447523,2.32878573230608,2.2992049957180423,Transit,1,1,207.2061241,-17.6098985
CONFIRMED,-0.4885522834834089,-0.0559479780175102,0.0,-0.1075083535203745,78.0,805.0,88.7,-0.1351153741453739,-0.1305564775463245,-0.1119319542261766,0.4566238370321011,,0.1629943659338937,1.7751479289940826,2.1483446221182985,Transit,1,1,207.2061241,-17.6098985
CANDIDATE,-0.942572872998682,-0.0559479780175102,0.0,-0.1075083535203745,78.0,805.0,88.7,0.1237165641669953,-0.0964435997446137,0.0698095435142848,0.2926704357892161,,0.1629943659338937,1.7751479289940826,2.1483446221182985,Transit,1,0,201.4621196,-17.4831758
CANDIDATE,-1.0142255872937005,-1.4684040884995282,0.0,-0.1075083535203745,78.0,805.0,84.35229,0.2640179886727655,-0.0812490883746653,0.0390058998294608,0.1388759372050981,0.19,14.454962133823951,35.30184960751068,4.536748210792277,Transit,1,0,202.9589465,-17.430656
CANDIDATE,-0.3227915065691067,-0.0559479780175102,0.0,-0.1075083535203745,78.0,805.0,88.7,-0.08673557259166,-0.076294751963979,-0.0842086749098351,0.0050229882844876,,0.1629943659338937,1.7751479289940826,2.1483446221182985,Transit,1,0,208.0779538,-17.2255152
CANDIDATE,0.3905583574892939,-0.0559479780175102,0.0,-0.1075083535203745,78.0,805.0,88.7,0.2011242466529375,-0.0812820680041638,0.0390058998294608,0.0495152193733475,,0.1629943659338937,1.7751479289940826,2.1483446221182985,Transit,1,0,203.0872028,-17.0612731
CANDIDATE,2.8051462308762605,-0.0559479780175102,0.0,-0.1075083535203745,78.0,805.0,88.7,0.6897602423454477,0.3888880396400703,0.4394532677321723,-2.3224004236218185,,0.1629943659338937,1.7751479289940826,2.1483446221182985,Transit,1,0,204.641935,-16.9101076
CANDIDATE,-0.676209193793266,-0.7422288354551111,0.0,-0.1075083535203745,78.0,805.0,88.7,0.2011242466529375,-0.2512977442115797,0.0390058998294608,0.0495152193733475,,0.6738257341017433,4.572473708276177,2.721655269759087,Transit,1,0,207.9868012,-16.7067415
CANDIDATE,1.3177506441264888,0.0210835467969142,0.0,-0.1075083535203745,78.0,805.0,88.7,0.2011242466529375,0.2024564685426608,0.0390058998294608,0.0495152193733475,,0.1439410823917703,1.633964679130186,2.104291871495683,Transit,1,0,205.8941425,-16.6906686
CANDIDATE,-0.6067729606560394,-1.1203835936350135,0.0,-0.1075083535203745,78.0,805.0,88.7,0.2011242466529375,-0.41278420589354,0.0390058998294608,0.0495152193733475,,2.2741618525933838,10.288065843621398,3.333333333333333,Transit,1,0,208.3794531,-16.6597257
CANDIDATE,-0.6068389917347551,-0.0559479780175102,0.0,-0.1075083535203745,78.0,805.0,88.7,-1.8138944880592456,-0.2654818279674125,-1.022783376528947,1.0484739808188084,,0.1629943659338937,1.7751479289940826,2.1483446221182985,Transit,1,0,208.3794531,-16.6597257
CANDIDATE,0.7336943682159437,-0.1399823687241553,0.0,-0.1075083535203745,78.0,805.0,88.7,0.2011242466529375,0.1615162388204736,0.0390058998294608,0.0495152193733475,,0.1878181654887196,1.951092611862643,2.1997067253202998,Transit,1,0,206.18678,-16.2174553
CANDIDATE,-0.7919537055140514,-0.0559479780175102,0.0,-0.1075083535203745,78.0,805.0,88.7,-1.904606615972459,-0.2786674250094652,-1.0899014357538097,1.1432433736772174,,0.1629943659338937,1.7751479289940826,2.1483446221182985,Transit,1,0,201.6867614,-16.1053809
CANDIDATE,-0.7916475307867148,-0.0559479780175102,0.0,-0.1075083535203745,78.0,805.0,88.7,-1.904606615972459,-0.2786674250094652,-1.0899014357538097,1.1432433736772174,,0.1629943659338937,1.7751479289940826,2.1483446221182985,Transit,1,0,201.6867614,-16.1053809
CANDIDATE,-0.7918398588266103,-0.0559479780175102,0.0,-0.1075083535203745,78.0,805.0,88.7,0.2011242466529375,-0.0812820680041638,0.0390058998294608,0.0495152193733475,,0.1629943659338937,1.7751479289940826,2.1483446221182985,Transit,1,0,201.6629627,-16.0949766
CANDIDATE,-0.7914588469792841,-0.0559479780175102,0.0,-0.1075083535203745,78.0,805.0,88.7,0.2011242466529375,-0.0812820680041638,0.0390058998294608,0.0495152193733475,,0.1629943659338937,1.7751479289940826,2.1483446221182985,Transit,1,0,201.6629627,-16.0949766
CANDIDATE,-1.002764356652282,0.819410258510042,0.0,-0.1075083535203745,78.0,805.0,88.7,0.2011242466529375,0.0574598216099147,0.0390058998294608,0.0495152193733475,,0.0502007780494135,0.8095800303592511,1.7654696590094991,Transit,1,0,200.769792,-15.8187466
CANDIDATE,1.4733676811897851,-0.0559479780175102,0.0,-0.1075083535203745,78.0,805.0,88.7,-1.211565958715508,-0.1776468395556668,-0.6848797267639021,0.3999032971873168,,0.1629943659338937,1.7751479289940826,2.1483446221182985,Transit,1,0,201.2720189,-15.6251955
CANDIDATE,1.8947142714094505,-0.0559479780175102,0.0,-0.1075083535203745,78.0,805.0,88.7,0.3898054727124216,-0.1107436808179927,0.251551041254746,0.5484772485717876,,0.1629943659338937,1.7751479289940826,2.1483446221182985,Transit,1,0,200.3561232,-15.3772776
CANDIDATE,1.8942588846596864,-0.1119709051552736,0.0,-0.1075083535203745,78.0,805.0,88.7,0.2011242466529375,-0.1119303788656344,0.0390058998294608,0.0495152193733475,,0.1790156560350476,1.889644746787604,2.182178902359924,Transit,1,0,200.3561232,-15.3772776
CANDIDATE,0.5632772617852988,-0.0559479780175102,0.0,-0.1075083535203745,78.0,805.0,88.7,1.4493231267387556,0.0620883420257286,1.1479370724831233,-0.2052568903606473,,0.1629943659338937,1.7751479289940826,2.1483446221182985,Transit,1,0,210.5470248,-15.069495
CANDIDATE,3.033750379258073,-0.0559479780175102,0.0,-0.1075083535203745,78.0,805.0,88.7,1.4493231267387556,0.0620883420257286,1.1479370724831233,-0.2052568903606473,,0.1629943659338937,1.7751479289940826,2.1483446221182985,Transit,1,0,210.5470248,-15.069495
CANDIDATE,-0.3800609442194986,-0.0559479780175102,0.0,-0.1075083535203745,78.0,805.0,88.7,0.9219832898032744,0.1672023818374441,0.0390058998294608,0.0495152193733475,,0.1629943659338937,1.7751479289940826,2.1483446221182985,Transit,1,0,202.5628516,-15.004401
CANDIDATE,4.202967243947342,-0.0139307826641876,0.0,-0.1075083535203745,78.0,805.0,88.7,0.2011242466529375,-0.0642236389532525,0.0390058998294608,0.0495152193733475,,0.1522115914851141,1.6959692464243314,2.123976976214366,Transit,1,0,203.6288001,-14.9473302
CANDIDATE,4.203069705966039,-0.0559479780175102,0.0,-0.1075083535203745,78.0,805.0,88.7,0.631704480480991,-0.0877091154562454,0.4086496240473483,0.4563416452915779,,0.1629943659338937,1.7751479289940826,2.1483446221182985,Transit,1,0,203.6288001,-14.9473302
CANDIDATE,-0.6555275768593333,-0.7296236768491146,0.0,-0.1075083535203745,78.0,805.0,88.7,-0.8765358329560392,-0.1591822273366587,-0.2228250714915426,0.6327114831174029,-0.085,0.6518549150115529,4.472531945059418,2.706659809803834,Transit,1,0,201.2040701,-14.6943019
CANDIDATE,1.8051852364057368,0.3011981824857309,0.0,-0.1075083535203745,78.0,805.0,88.7,0.2011242466529375,-0.1085755544856219,0.0390058998294608,0.0495152193733475,,0.0952382638169938,1.2406819615181814,1.964311813414953,Transit,1,0,200.818058,-14.4242673
CANDIDATE,0.7063370092238375,-0.504131395119617,0.0,-0.1075083535203745,78.0,805.0,88.7,0.2011242466529375,-0.2336707008589714,0.0390058998294608,0.0495152193733475,,0.3804735080161801,3.123698458975427,2.4743582965269675,Transit,1,0,200.3573836,-14.4065123
CANDIDATE,0.0434532869290458,-0.7632374331317724,0.0,-0.1075083535203745,78.0,805.0,88.7,0.2011242466529375,-0.2336707008589714,0.0390058998294608,0.0495152193733475,,0.7126909824526078,4.746647680075946,2.74721127897378,Transit,1,0,200.3573836,-14.4065123
CONFIRMED,0.9783964382019334,-0.3570712113829882,0.0,-0.1075083535203745,78.0,805.0,88.7,0.2011242466529375,-0.0812820680041638,0.7351682471064825,0.0495152193733475,,0.2803583111668351,2.548365860392024,2.3515854050088616,Transit,1,1,202.3313765,-14.3594358
CONFIRMED,0.9782598221770044,-0.3290597478141066,0.0,-0.1075083535203745,78.0,805.0,88.7,0.2011242466529375,0.1243857249196566,0.0390058998294608,0.0495152193733475,,0.265409103902127,2.456952150856862,2.3302069121418523,Transit,1,1,202.3313765,-14.3594358
CANDIDATE,0.2859011925037011,0.0911122057191185,0.0,-0.1075083535203745,78.0,805.0,88.7,0.2011242466529375,0.1243857249196566,0.0390058998294608,0.0495152193733475,,0.1291141014050819,1.5197375919757854,2.066509770954872,Transit,1,0,202.3313765,-14.3594358
CANDIDATE,0.2854913444289132,-0.0559479780175102,0.0,-0.1075083535203745,78.0,805.0,88.7,0.9618966260850884,0.1207693379608635,0.6550787735259401,-0.8489832824465225,,0.1629943659338937,1.7751479289940826,2.1483446221182985,Transit,1,0,202.3313765,-14.3594358
CANDIDATE,-0.9743360987947604,-0.0559479780175102,0.0,-0.1075083535203745,78.0,805.0,88.7,0.2615989985950798,-0.1160482836385244,0.1622204745687567,0.5323452874053198,,0.1629943659338937,1.7751479289940826,2.1483446221182985,Transit,1,0,204.3695477,-14.3488709
CANDIDATE,-0.9743323418540748,-0.6091743835029232,0.0,-0.1075083535203745,78.0,805.0,88.7,0.2011242466529375,-0.1017521828652573,0.0390058998294608,0.0495152193733475,,0.4831221086475979,3.6628918531180368,2.574846452537247,Transit,1,0,204.3695477,-14.3488709
CANDIDATE,-0.9743366350126582,-0.0559479780175102,0.0,-0.1075083535203745,78.0,805.0,88.7,0.2615989985950798,-0.1160482836385244,0.1622204745687567,0.5323452874053198,,0.1629943659338937,1.7751479289940826,2.1483446221182985,Transit,1,0,204.3695477,-14.3488709
CANDIDATE,-0.9610160363641468,-0.0559479780175102,0.0,-0.1075083535203745,78.0,805.0,88.7,0.2011242466529375,-0.0812820680041638,0.0390058998294608,0.0495152193733475,,0.1629943659338937,1.7751479289940826,2.1483446221182985,Transit,1,0,204.298679,-14.1806008
CANDIDATE,-1.0215023260148757,-0.4761199315507353,0.0,-0.1075083535203745,78.0,805.0,88.7,0.2011242466529375,0.0307349494301537,0.0390058998294608,0.0495152193733475,,0.3580986219567645,3.0,2.449489742783178,Transit,1,0,204.298679,-14.1806008
CANDIDATE,-1.0215046029486243,-0.38508267495187,0.0,-0.1075083535203745,78.0,805.0,88.7,0.2011242466529375,0.1615162388204736,0.0390058998294608,0.0495152193733475,,0.2964516189628062,2.644977848310521,2.3735633163877066,Transit,1,0,204.298679,-14.1806008
CANDIDATE,-0.9550244855742896,-0.0559479780175102,0.0,-0.1075083535203745,78.0,805.0,88.7,0.830061666851218,0.049720980963818,0.5318641987866443,-0.4840623299957042,,0.1629943659338937,1.7751479289940826,2.1483446221182985,Transit,1,0,202.1307681,-14.1262594
CANDIDATE,-0.9550319129321782,-0.973323409898385,0.0,-0.1075083535203745,78.0,805.0,88.7,0.2011242466529375,-0.0147541947056097,0.0390058998294608,0.0495152193733475,,1.3345151419950052,7.211105101856859,3.049971406652093,Transit,1,0,202.1307681,-14.1262594
CANDIDATE,-0.9550960086172074,-0.0559479780175102,0.0,-0.1075083535203745,78.0,805.0,88.7,0.830061666851218,0.049720980963818,0.5318641987866443,-0.4840623299957042,,0.1629943659338937,1.7751479289940826,2.1483446221182985,Transit,1,0,202.1307681,-14.1262594
CANDIDATE,-0.9550407929737984,-0.756234567239552,0.0,-0.1075083535203745,78.0,805.0,88.7,0.2011242466529375,0.0534795214980354,0.0390058998294608,0.0495152193733475,,0.6994113710093056,4.687499999999999,2.7386127875258306,Transit,1,0,202.1307681,-14.1262594
CANDIDATE,-0.9933484955974312,-0.0559479780175102,0.0,-0.1075083535203745,78.0,805.0,88.7,0.2011242466529375,-0.0812820680041638,0.0390058998294608,0.0495152193733475,,0.1629943659338937,1.7751479289940826,2.1483446221182985,Transit,1,0,205.0089966,-13.9320171
CANDIDATE,-0.9933223108593195,-1.2674437773716425,0.0,-0.1075083535203745,78.0,805.0,83.74,0.2011242466529375,-0.0812820680041638,0.0390058998294608,0.0495152193733475,,4.350456984484682,15.854141894569956,3.713906763541037,Transit,1,0,205.0089966,-13.9320171
CANDIDATE,0.3599470780154198,-0.0559479780175102,0.0,-0.1075083535203745,78.0,805.0,88.7,0.6897602423454477,-0.0328156593847146,0.4394532677321723,0.0380394219254807,,0.1629943659338937,1.7751479289940826,2.1483446221182985,Transit,1,0,211.4712473,-13.7793982
CANDIDATE,-0.9823053669156404,-0.0559479780175102,0.0,-0.1075083535203745,78.0,805.0,88.7,0.8820699535214603,0.2792592022728803,0.5934714861562922,-1.728810097435229,,0.1629943659338937,1.7751479289940826,2.1483446221182985,Transit,1,0,203.6372848,-13.7126707
CANDIDATE,-0.7098190128596399,0.854424587971144,0.0,-0.1075083535203745,78.0,805.0,88.7,0.2011242466529375,-0.4150586631003282,0.0390058998294608,0.0495152193733475,,0.0482946269433759,0.7889546351084813,1.7541160386140584,Transit,1,0,198.5529306,-13.7068228
CANDIDATE,-0.7098702438689883,-0.0559479780175102,0.0,-0.1075083535203745,78.0,805.0,88.7,-2.3206729093343985,-0.4223790036203759,-1.9472161253323568,2.298489327414728,,0.1629943659338937,1.7751479289940826,2.1483446221182985,Transit,1,0,198.5529306,-13.7068228
CANDIDATE,-0.6182953838919573,-1.2268271551967642,0.0,-0.1075083535203745,78.0,805.0,88.7,0.2011242466529375,-0.1205164548212597,0.0390058998294608,0.0495152193733475,,3.5846660943935054,13.934304399524375,3.595974761140381,Transit,1,0,199.6708697,-13.4961732
CANDIDATE,1.385796809210059,0.133129401072441,0.0,-0.1075083535203745,78.0,805.0,88.7,0.2011242466529375,-0.0016760657665778,0.0390058998294608,0.0495152193733475,,0.1211844640671375,1.4568587696827688,2.044794529772991,Transit,1,0,198.9124602,-12.8270262
CANDIDATE,1.3858195785475471,-0.0559479780175102,0.0,-0.1075083535203745,78.0,805.0,88.7,0.7635394397148614,-0.0211926144437253,0.5010605551018202,-0.0090395667848227,,0.1629943659338937,1.7751479289940826,2.1483446221182985,Transit,1,0,198.9124602,-12.8270262
CANDIDATE,-0.3076350970700675,-0.6021715176107028,0.0,-0.1075083535203745,78.0,805.0,88.7,0.2011242466529375,-0.3564913900255327,0.0390058998294608,0.0495152193733475,,0.4752022330434219,3.622750875498128,2.567762955065477,Transit,1,0,197.6597732,-12.7798456
CANDIDATE,-0.2984283154567024,-0.0559479780175102,0.0,-0.1075083535203745,78.0,805.0,88.7,-0.2657408383404014,0.4323074277176565,0.0390058998294608,0.0495152193733475,,0.1629943659338937,1.7751479289940826,2.1483446221182985,Transit,1,0,207.4185115,-12.7382191
CANDIDATE,-0.2983315457723774,3.935685580548128,0.0,-0.1075083535203745,78.0,805.0,88.7,0.2011242466529375,-0.149515784207809,0.0390058998294608,0.0495152193733475,,0.0050102380355868,0.1741907388590506,1.2024072240843031,Transit,1,0,207.4185115,-12.7382191
CONFIRMED,2.8895066262701463,-0.756234567239552,0.0,-0.1075083535203745,78.0,805.0,88.7,0.2011242466529375,-0.0812820680041638,0.1375775596208975,0.0495152193733475,,0.6994113710093056,4.687499999999999,2.7386127875258306,Transit,1,1,202.488752,-12.7347749
CANDIDATE,0.6690408344181195,-0.0559479780175102,0.0,-0.1075083535203745,78.0,805.0,88.7,-0.0492412263875318,-0.1443351393050472,-0.0534050312250111,0.632335227463372,,0.1629943659338937,1.7751479289940826,2.1483446221182985,Transit,1,0,202.488752,-12.7347749
CANDIDATE,0.6696783758677898,-0.1890024299696981,0.0,-0.1075083535203745,78.0,805.0,88.7,0.2011242466529375,-0.1409865696823533,0.0390058998294608,0.0495152193733475,,0.2046640241264232,2.0660801294743547,2.231424009916805,Transit,1,0,202.488752,-12.7347749
CANDIDATE,0.2305011174610929,0.8754331856478054,0.0,-0.1075083535203745,78.0,805.0,88.7,0.2011242466529375,-0.2689247875641881,0.0390058998294608,0.0495152193733475,,0.0471970642623438,0.7769554998737447,1.7474081133220758,Transit,1,0,204.3571304,-12.2111141
CANDIDATE,-0.6895019330188936,-0.8542746897306379,0.0,-0.1075083535203745,78.0,805.0,88.7,0.2011242466529375,-0.2097889001876955,0.0390058998294608,0.0495152193733475,,0.9205217817133046,5.629574028898481,2.86691089540498,Transit,1,0,205.9108687,-12.2014333
CANDIDATE,0.5608523273428024,-0.2800396865685637,0.0,-0.1075083535203745,78.0,805.0,88.7,0.2011242466529375,-0.0113425088954275,0.0390058998294608,0.0495152193733475,,0.2417063698120101,2.308402585410896,2.2941573387056176,Transit,1,0,203.5568283,-12.1919577
CANDIDATE,-0.157486116404569,-0.0559479780175102,0.0,-0.1075083535203745,78.0,805.0,88.7,0.6679893316462765,0.0231098316443962,0.4394532677321723,-0.3651185113659694,,0.1629943659338937,1.7751479289940826,2.1483446221182985,Transit,1,0,202.131366,-12.1073328
CANDIDATE,-0.157499778007062,0.0070778150124734,0.0,-0.1075083535203745,78.0,805.0,88.7,0.2011242466529375,0.0540481357997324,0.0390058998294608,0.0495152193733475,,0.1471755938101408,1.6583518746285983,2.1121000314262885,Transit,1,0,202.131366,-12.1073328
CANDIDATE,0.4531875150297147,-0.7072145059940091,0.0,-0.1075083535203745,78.0,805.0,88.7,0.2011242466529375,-0.0721842391770111,0.0390058998294608,0.0495152193733475,,0.6150964539394338,4.3027717021047724,2.6806023096526217,Transit,1,0,205.7330059,-11.9943775
CANDIDATE,0.4531827334688423,-0.7795575490677991,0.0,-0.1075083535203745,78.0,805.0,89.28994,0.3123977902264794,-0.0925048084767583,0.0390058998294608,-0.0492518898091125,-0.06,0.7449706958373237,4.88891268968553,2.7675685188209918,Transit,1,0,205.7330059,-11.9943775
CANDIDATE,0.4525044349050678,-0.0559479780175102,0.0,-0.1075083535203745,78.0,805.0,88.7,0.0922696931570812,-0.051442895294008,0.0390058998294608,0.0495152193733475,,0.1629943659338937,1.7751479289940826,2.1483446221182985,Transit,1,0,205.7330059,-11.9943775
CANDIDATE,-0.6081181731148438,-0.8262632261617562,0.0,-0.1075083535203745,78.0,805.0,88.7,0.2011242466529375,-0.1000463399601662,0.0390058998294608,0.0495152193733475,,0.8488263631567753,5.333333333333333,2.8284271247461903,Transit,1,0,206.5823122,-11.5563527
CANDIDATE,0.4781540935855571,-0.9663205440061644,0.0,-0.1075083535203745,78.0,805.0,88.7,0.2011242466529375,0.0045786915520897,0.0390058998294608,0.0495152193733475,,1.30395492747115,7.10059171597633,3.038218101251,Transit,1,0,204.4388528,-11.4446549
CANDIDATE,0.4578358752779365,-0.1329795028319347,0.0,-0.1075083535203745,78.0,805.0,88.7,0.2011242466529375,-0.044890752695553,0.0390058998294608,0.0495152193733475,,0.1855643716884029,1.9354526539894517,2.195285199793807,Transit,1,0,202.1678472,-11.399279
CANDIDATE,0.4576275358399192,-0.0559479780175102,0.0,-0.1075083535203745,78.0,805.0,88.7,0.497450531169435,-0.0523856578062217,0.3254797860983235,0.1128202331636305,,0.1629943659338937,1.7751479289940826,2.1483446221182985,Transit,1,0,202.1678472,-11.399279
CANDIDATE,0.4577129208555001,-0.2823408843236742,0.0,-0.1075083535203745,78.0,805.0,89.27089,0.544620837684306,-0.0669325174865372,0.0390058998294608,0.5151315912335196,0.04,0.242754477013623,2.3150710296197308,2.2958123701478685,Transit,1,0,202.1678472,-11.399279
CANDIDATE,0.5472248788560978,-0.0559479780175102,0.0,-0.1075083535203745,78.0,805.0,88.7,-1.262364750346907,-0.2225497423463805,-0.7064422773432789,0.8714456955984335,,0.1629943659338937,1.7751479289940826,2.1483446221182985,Transit,1,0,200.8482825,-11.3748144
CANDIDATE,1.3519835461132277,-0.4144947116991956,0.0,-0.1075083535203745,78.0,805.0,88.7,-0.4810309552544282,-0.1751034277841759,-0.130414140437071,0.8678712668851652,-0.248,0.3147031962156164,2.7524551900295062,2.3973165074269205,Transit,1,0,201.8001504,-11.2472248
CANDIDATE,-0.0744831731268544,-0.0559479780175102,0.0,-0.1075083535203745,78.0,805.0,88.7,0.6280759953644625,0.0687468154986009,0.4086496240473483,-0.6872874151278061,,0.1629943659338937,1.7751479289940826,2.1483446221182985,Transit,1,0,205.901248,-11.2236222
CANDIDATE,-0.0741503411976533,-0.0559479780175102,0.0,-0.1075083535203745,78.0,805.0,88.7,0.6280759953644625,0.0687468154986009,0.4086496240473483,-0.6872874151278061,,0.1629943659338937,1.7751479289940826,2.1483446221182985,Transit,1,0,205.901248,-11.2236222
CANDIDATE,-0.7881216112147134,-0.0559479780175102,0.0,-0.1075083535203745,78.0,805.0,88.7,-0.1472103245338024,-0.0774439214677087,-0.115012318594659,-0.0099331739631397,,0.1629943659338937,1.7751479289940826,2.1483446221182985,Transit,1,0,204.4397379,-11.1925496
CANDIDATE,-0.7881435984254588,2.1149404485708194,0.0,-0.1075083535203745,78.0,805.0,88.7,0.2011242466529375,-0.1284770550450183,0.0390058998294608,0.0495152193733475,,0.0154692076679686,0.3693444136657433,1.4509525002200232,Transit,1,0,204.4397379,-11.1925496
CANDIDATE,-0.7881967648284939,-0.0559479780175102,0.0,-0.1075083535203745,78.0,805.0,88.7,-0.1472103245338024,-0.0774439214677087,-0.115012318594659,-0.0099331739631397,,0.1629943659338937,1.7751479289940826,2.1483446221182985,Transit,1,0,204.4397379,-11.1925496
FALSE POSITIVE,-0.7881967648284939,-0.0559479780175102,0.0,-0.1075083535203745,78.0,805.0,88.7,-1.262364750346907,-0.1411469189154319,-0.7002815486063141,0.0223777803265474,,0.1629943659338937,1.7751479289940826,2.1483446221182985,Transit,1,2,204.4414384,-11.1922123
FALSE POSITIVE,-0.7881421184185221,1.8908487400197656,0.0,-0.1075083535203745,78.0,805.0,86.29,-1.262364750346907,-0.1411469189154319,-0.7002815486063141,0.0223777803265474,,0.0183969492262676,0.4145879686571496,1.4934802547658488,Transit,1,2,204.4414384,-11.1922123
CANDIDATE,0.5196739804953416,-0.0559479780175102,0.0,-0.1075083535203745,78.0,805.0,88.7,0.2011242466529375,-0.0812820680041638,0.0390058998294608,0.0495152193733475,,0.1629943659338937,1.7751479289940826,2.1483446221182985,Transit,1,0,208.7531273,-11.0799874
CANDIDATE,0.5201038507870498,-0.0559479780175102,0.0,-0.1075083535203745,78.0,805.0,88.7,0.2011242466529375,-0.0812820680041638,0.0390058998294608,0.0495152193733475,,0.1629943659338937,1.7751479289940826,2.1483446221182985,Transit,1,0,208.7531273,-11.0799874
CANDIDATE,0.519687755944522,-0.6161772493951436,0.0,-0.1075083535203745,78.0,805.0,88.7,0.2011242466529375,-0.0943601969431958,0.0390058998294608,0.0495152193733475,,0.4912189601601708,3.7037037037037033,2.581988897471611,Transit,1,0,208.7531273,-11.0799874
CANDIDATE,0.519705857567825,-0.5951686517184823,0.0,-0.1075083535203745,78.0,805.0,88.7,0.2011242466529375,-0.0738900820821022,0.0390058998294608,0.0495152193733475,,0.4674545243636996,3.5832661470930747,2.56073759865792,Transit,1,0,208.7531273,-11.0799874
CANDIDATE,0.5197603901311093,-0.5692224803614003,0.0,-0.1075083535203745,78.0,805.0,89.02783,0.2700654638669797,-0.0659232271010249,0.0390058998294608,0.1388759372050981,0.33,0.4401738513981392,3.442460623694313,2.5352019302241704,Transit,1,0,208.7531273,-11.0799874
CANDIDATE,-0.3564901260516846,-0.0559479780175102,0.0,-0.1075083535203745,78.0,805.0,88.7,1.691222134507325,-0.0084624774573319,1.455973509331363,0.4350361688822189,,0.1629943659338937,1.7751479289940826,2.1483446221182985,Transit,1,0,197.8574379,-11.0424912
CANDIDATE,-0.7380312215814705,-0.0559479780175102,0.0,-0.1075083535203745,78.0,805.0,88.7,1.034466328415659,0.0284263753652637,0.7166860608955882,-0.2271267502510484,,0.1629943659338937,1.7751479289940826,2.1483446221182985,Transit,1,0,204.8157607,-10.9070038
CANDIDATE,-0.1957386033847926,-0.0559479780175102,0.0,-0.1075083535203745,78.0,805.0,88.7,-0.4761929750990568,1.6350460848102593,0.0390058998294608,0.0495152193733475,,0.1629943659338937,1.7751479289940826,2.1483446221182985,Transit,1,0,205.8579439,-10.8969688
CANDIDATE,-0.1957127601867435,3.530178951734866,0.0,-0.1075083535203745,78.0,805.0,83.46981,-0.0431937511933175,0.4615677510686847,0.0390058998294608,-2.494913640993848,0.36,0.0062241748618731,0.2012985647324981,1.2466814031018596,Transit,1,0,205.8579439,-10.8969688
CONFIRMED,0.6580090904050728,-1.092372130066132,0.0,-0.1075083535203745,78.0,805.0,88.7,0.2011242466529375,-0.0812820680041638,0.2546314056232284,0.0495152193733475,,2.0391002070242146,9.566326530612244,3.2732683535398857,Transit,1,1,205.4445125,-10.8625468
CONFIRMED,0.6580090904050728,-0.9032947509761808,0.0,-0.1075083535203745,78.0,805.0,88.7,0.2011242466529375,-0.017199236202907,0.0390058998294608,0.0495152193733475,,1.0667145919261507,6.210858651208531,2.9382126412463507,Transit,1,1,205.4445125,-10.8625468
CONFIRMED,0.6576311194027682,-0.9943320075750464,0.0,-0.1075083535203745,78.0,756.0,88.7,1.0695416845421015,-0.0147541947056097,0.3778459803625243,-0.1433158033162158,-0.18,1.4321252482803812,7.558578987150415,3.0860669992418384,Transit,1,1,205.4445125,-10.8625468
CONFIRMED,1.562168211240563,-0.3048331021653955,0.0,-0.1075083535203745,78.0,805.0,89.42115,0.9776200615900452,-0.0302523461126643,0.0390058998294608,0.0448120236979948,-0.21,0.2533252452155854,2.3817991505032654,2.312179761657297,Transit,1,1,205.4445125,-10.8625468
CONFIRMED,1.5621567127251317,-0.2590310888919023,0.0,-0.1075083535203745,78.0,805.0,88.7,0.2011242466529375,-0.017199236202907,0.0390058998294608,0.0495152193733475,,0.2324110094880258,2.2488334176645863,2.279211529192759,Transit,1,1,205.4445125,-10.8625468
CONFIRMED,1.5638878267464875,-0.0559479780175102,0.0,-0.1075083535203745,78.0,805.0,88.7,1.1312259315230868,-0.0318865436157416,0.8090969919500594,0.2603124495427729,,0.1629943659338937,1.7751479289940826,2.1483446221182985,Transit,1,1,205.4445125,-10.8625468
CONFIRMED,1.5624589756802878,-0.2520282229996821,0.0,-0.1075083535203745,78.0,658.0,88.7,1.0695416845421015,-0.0147541947056097,0.3778459803625243,-0.1433158033162158,-0.18,0.2294186300411844,2.2294887039239004,2.27429413073671,Transit,1,1,205.4445125,-10.8625468
CONFIRMED,1.5621680973938756,-0.0559479780175102,0.0,-0.1075083535203745,78.0,805.0,88.7,1.1312259315230868,-0.0318865436157416,0.8090969919500594,0.2603124495427729,,0.1629943659338937,1.7751479289940826,2.1483446221182985,Transit,1,1,205.4445125,-10.8625468
CONFIRMED,1.5621680973938756,-0.2660339547841229,0.0,-0.1075083535203745,78.0,805.0,88.7,0.2011242466529375,-0.031812623756521,0.0390058998294608,0.0495152193733475,,0.2354556567480987,2.2684310018903595,2.284160962880643,Transit,1,1,205.4445125,-10.8625468
CANDIDATE,-0.5646451324353192,2.7451983788706564,0.0,-0.1075083535203745,78.0,805.0,88.7,0.2011242466529375,-0.295081045442252,0.0390058998294608,0.0495152193733475,,0.0099646220317991,0.2754820936639118,1.3483997249264843,Transit,1,0,205.6712596,-10.7690389
CANDIDATE,-0.5646018706940916,-0.0559479780175102,0.0,-0.1075083535203745,78.0,805.0,88.7,-2.251731692120356,-0.4305329327067115,-1.9954269080634743,2.386768310241146,,0.1629943659338937,1.7751479289940826,2.1483446221182985,Transit,1,0,205.6712596,-10.7690389
CANDIDATE,-0.999568914659985,-0.0559479780175102,0.0,-0.1075083535203745,78.0,805.0,88.7,-2.229960781421185,-0.202160370716128,-0.7389770858031898,0.6057151399408622,,0.1629943659338937,1.7751479289940826,2.1483446221182985,Transit,1,0,202.6413,-10.5554017
CANDIDATE,0.3235916183880278,-0.2345210582691307,0.0,-0.1075083535203745,78.0,805.0,88.7,0.6837127671512334,0.0028728486469985,0.0390058998294608,-0.5148682616692805,-0.159,0.2221590939835334,2.1822050272548315,2.262138543262233,Transit,1,0,204.0629419,-10.2196639
CANDIDATE,2.501653731495665,-0.0559479780175102,0.0,-0.1075083535203745,78.0,805.0,88.7,0.2011242466529375,-0.1423512440064262,0.0390058998294608,0.0495152193733475,,0.1629943659338937,1.7751479289940826,2.1483446221182985,Transit,1,0,198.2697369,-10.1126111
CANDIDATE,-0.3964207132047906,-0.4621141997662945,0.0,-0.1075083535203745,78.0,805.0,88.7,0.2011242466529375,-0.0182796033761314,0.0390058998294608,0.0495152193733475,,0.3475669944577018,2.9408881482207625,2.4373333911071624,Transit,1,0,209.8195173,-10.0721736
CONFIRMED,-1.0161568824994518,-1.0363492029283687,0.0,-0.1075083535203745,78.0,805.0,90.3,0.7804723702586612,-0.0431849097904618,0.0390058998294608,-0.3784755870839782,-0.39,1.6578639905405768,8.333333333333334,3.1622776601683795,Transit,1,1,210.6376171,-10.0236852
CONFIRMED,0.2626579112556554,-0.2660339547841229,0.0,-0.1075083535203745,78.0,805.0,90.0,0.7804723702586612,-0.0431849097904618,0.0390058998294608,-0.3784755870839782,-0.39,0.2354556567480987,2.2684310018903595,2.284160962880643,Transit,1,1,210.6376171,-10.0236852
CONFIRMED,0.2629349002461997,-0.0069279167719674,0.0,-0.1075083535203745,78.0,805.0,88.7,0.2011242466529375,-0.0329498523599151,0.0390058998294608,0.0495152193733475,,0.1505077462903998,1.6832891469932247,2.11999576001272,Transit,1,1,210.6376171,-10.0236852
CANDIDATE,-0.7573782388448019,-0.3640740772752085,0.0,-0.1075083535203745,78.0,805.0,88.7,0.2011242466529375,-0.399706076954508,0.0390058998294608,0.0495152193733475,,0.2842702315741729,2.572016460905349,2.3570226039551585,Transit,1,0,202.3909815,-9.8106709
CANDIDATE,-0.7573704972700559,0.4622640980068005,0.0,-0.1075083535203745,78.0,805.0,86.39,-2.215446840955071,-0.3515711704729482,-1.5089511240777866,1.681853342418901,,0.0768870567424292,1.0756929255261931,1.8954720708196904,Transit,1,0,202.3909815,-9.8106709
CANDIDATE,0.180618280585257,-0.6035720907891469,0.0,-0.1075083535203745,78.0,805.0,88.7,0.7780533801809755,-0.0096366659903363,-0.6633171761845253,-1.0416261773090705,-0.481,0.4767722832067238,3.6307261089145215,2.56917497769354,Transit,1,0,202.8168022,-9.7530058
CANDIDATE,0.4934334575070327,3.9076741169792455,0.0,-0.1075083535203745,78.0,805.0,88.7,0.2011242466529375,0.9348316891284524,0.0390058998294608,0.0495152193733475,,0.0050833790504209,0.175881901166097,1.2053151055354618,Transit,1,0,199.5780236,-9.6918696
CANDIDATE,0.4939446291336435,-0.0559479780175102,0.0,-0.1075083535203745,78.0,805.0,88.7,0.4599561849653067,0.8674508943773527,0.2854350493080523,-4.077162730096868,0.25,0.1629943659338937,1.7751479289940826,2.1483446221182985,Transit,1,0,199.5780236,-9.6918696
CANDIDATE,0.4940271679820383,2.857696646294285,0.0,-0.1075083535203745,78.0,805.0,88.18049,0.4176238586058071,0.3615098296276594,0.0390058998294608,-2.353817770733191,0.29,0.0092710311620758,0.262545663133711,1.332283114726032,Transit,1,0,199.5780236,-9.6918696
CANDIDATE,-1.0446763862000237,-0.0559479780175102,0.0,-0.1075083535203745,78.0,805.0,88.7,0.8143382313462609,0.0556345697014672,0.5318641987866443,-0.5227225984471271,,0.1629943659338937,1.7751479289940826,2.1483446221182985,Transit,1,0,210.272978,-9.5402384
CANDIDATE,-0.970009924671997,-0.0559479780175102,0.0,-0.1075083535203745,78.0,805.0,88.7,0.8143382313462609,0.0556345697014672,0.5318641987866443,-0.5227225984471271,,0.1629943659338937,1.7751479289940826,2.1483446221182985,Transit,1,0,210.272978,-9.5402384
CANDIDATE,-0.1424583536623383,-0.0559479780175102,0.0,-0.1075083535203745,78.0,805.0,88.7,0.3619870868190362,0.5779352365252861,0.2238277619384044,-3.202838654048323,,0.1629943659338937,1.7751479289940826,2.1483446221182985,Transit,1,0,211.663174,-9.5265636
CANDIDATE,-0.1425972466210165,3.018310148667253,0.0,-0.1075083535203745,78.0,805.0,88.7,0.2011242466529375,0.6567792955985983,0.0390058998294608,0.0495152193733475,,0.0083880519109101,0.2455991698748058,1.3102435641608368,Transit,1,0,211.663174,-9.5265636
CANDIDATE,1.261237148480706,0.2101609258868655,0.0,-0.1075083535203745,78.0,805.0,88.7,0.2011242466529375,0.0529109071963383,0.0390058998294608,0.0495152193733475,,0.1082539730681351,1.3512904824107022,2.0067001862719533,Transit,1,0,199.3986621,-9.4890061
CANDIDATE,1.096125297684818,0.0350892785813551,0.0,-0.1075083535203745,78.0,805.0,88.7,0.2011242466529375,0.1939272540172051,0.0390058998294608,0.0495152193733475,,0.1408006616424954,1.6101115002213904,2.096569673443837,Transit,1,0,205.3894368,-9.3908612
CANDIDATE,-0.8021535205509563,-0.0559479780175102,0.0,-0.1075083535203745,78.0,805.0,88.7,0.4938220460529064,-0.0454104661673041,0.3162386929928763,0.0520549450380393,,0.1629943659338937,1.7751479289940826,2.1483446221182985,Transit,1,0,209.2333019,-9.1875616
CANDIDATE,-0.8021107654274878,0.3011981824857309,0.0,-0.1075083535203745,78.0,805.0,88.7,0.2011242466529375,-0.0238520235327624,0.0390058998294608,0.0495152193733475,,0.0952382638169938,1.2406819615181814,1.964311813414953,Transit,1,0,209.2333019,-9.1875616
CANDIDATE,-0.8020860606963132,-0.0559479780175102,0.0,-0.1075083535203745,78.0,805.0,88.7,0.4938220460529064,-0.0454104661673041,0.3162386929928763,0.0520549450380393,,0.1629943659338937,1.7751479289940826,2.1483446221182985,Transit,1,0,209.2333019,-9.1875616
CANDIDATE,-0.9619734870055268,-0.973323409898385,0.0,-0.1075083535203745,78.0,805.0,83.6,-2.025556119856744,-0.2688247114470894,-1.039518996142912,1.0724602787631186,,1.3345151419950052,7.211105101856859,3.049971406652093,Transit,1,0,201.7367736,-8.7634221
CANDIDATE,-0.9619709823784032,-1.176406520772777,0.0,-0.1075083535203745,78.0,805.0,88.7,0.2011242466529375,-0.3672950617577765,0.0390058998294608,0.0495152193733475,,2.8647889756541165,12.0,3.4641016151377544,Transit,1,0,201.7367736,-8.7634221
CANDIDATE,-0.961926809863676,-0.0559479780175102,0.0,-0.1075083535203745,78.0,805.0,88.7,-2.025556119856744,-0.2688247114470894,-1.039518996142912,1.0724602787631186,,0.1629943659338937,1.7751479289940826,2.1483446221182985,Transit,1,0,201.7367736,-8.7634221
CANDIDATE,-0.9619718931519028,-1.2996569604758563,0.0,-0.1075083535203745,78.0,805.0,88.7,0.2011242466529375,-0.4014119198595991,0.0390058998294608,0.0495152193733475,,5.120483861087397,17.673673296257896,3.8161638848608823,Transit,1,0,201.7367736,-8.7634221
CANDIDATE,-0.4292185776963342,2.46508374318184,0.0,-0.1075083535203745,78.0,805.0,88.7,0.0874317130017098,0.9899872763930656,0.8614631862142605,-4.056374605211797,-0.447,0.012020362591278,0.3121748178980228,1.3912166872805047,Transit,1,0,206.2936004,-8.5360205
CANDIDATE,1.86219965747626,-0.7702402990239928,0.0,-0.1075083535203745,78.0,805.0,88.7,0.2011242466529375,-0.4042549913680844,0.0390058998294608,0.0495152193733475,,0.7263089166511463,4.806921967633391,2.755891273047752,Transit,1,0,203.3141917,-8.48463
CANDIDATE,1.862182580473144,-0.3360626137063268,0.0,-0.1075083535203745,78.0,805.0,89.76,-1.7739811517774315,-0.3260972497569206,-1.354627949581187,1.4896337351671316,,0.2690447948585758,2.4793388429752063,2.335496832484569,Transit,1,0,203.3141917,-8.48463
CANDIDATE,-0.3499572615862496,1.1408418029629592,0.0,-0.1075083535203745,78.0,805.0,88.7,0.7441875190933758,0.0273232636199714,-0.0872890392783174,-0.7829504151645322,-0.179,0.0358066057509365,0.6462912228104609,1.6687926411301903,Transit,1,0,200.1193283,-8.4644381
CANDIDATE,-0.3091503964799091,0.0841093398268979,0.0,-0.1075083535203745,78.0,805.0,88.7,0.2011242466529375,0.4287649606180839,0.0390058998294608,0.0495152193733475,,0.1305024132495498,1.530612244897959,2.070196678027062,Transit,1,0,201.2364742,-8.1717857
CANDIDATE,-0.309204587503131,-0.756234567239552,0.0,-0.1075083535203745,78.0,805.0,88.7,0.2011242466529375,0.0591656645150059,0.0390058998294608,0.0495152193733475,,0.6994113710093056,4.687499999999999,2.7386127875258306,Transit,1,0,201.2364742,-8.1717857
CANDIDATE,-0.3091212517279242,-0.7506778281684046,0.0,-0.1075083535203745,78.0,805.0,88.19986,0.7720059049867612,-0.0156110964582672,0.0390058998294608,-0.0962838465626642,0.11,0.68910787248229,4.641349747856043,2.731847081143346,Transit,1,0,201.2364742,-8.1717857
CANDIDATE,-0.3092437507636108,-0.0559479780175102,0.0,-0.1075083535203745,78.0,805.0,88.7,0.8725754174665435,0.0509264432834156,0.0390058998294608,0.0495152193733475,0.198,0.1629943659338937,1.7751479289940826,2.1483446221182985,Transit,1,0,201.2364742,-8.1717857
CANDIDATE,1.0259388148773545,0.4342526344379188,0.0,-0.1075083535203745,78.0,805.0,88.7,0.2011242466529375,0.4287649606180839,0.0390058998294608,0.0495152193733475,,0.0797169762543928,1.1019283746556474,1.9069251784911847,Transit,1,0,201.2364742,-8.1717857
CANDIDATE,1.0261003633268333,-0.5730592385378935,0.0,-0.1075083535203745,78.0,805.0,89.25873,0.7720059049867612,-0.0156110964582672,0.0390058998294608,-0.0962838465626642,0.11,0.4440717617089378,3.46275362999408,2.5389298980786488,Transit,1,0,201.2364742,-8.1717857
CANDIDATE,1.0259501995460982,-0.0559479780175102,0.0,-0.1075083535203745,78.0,805.0,88.7,0.8725754174665435,0.0509264432834156,0.0390058998294608,0.0495152193733475,0.198,0.1629943659338937,1.7751479289940826,2.1483446221182985,Transit,1,0,201.2364742,-8.1717857
CANDIDATE,-0.8238307779975712,-0.0559479780175102,0.0,-0.1075083535203745,78.0,805.0,88.7,0.8095002511908895,0.6516447084542739,0.5318641987866443,-3.250105770585644,,0.1629943659338937,1.7751479289940826,2.1483446221182985,Transit,1,0,202.6052254,-8.130244
CANDIDATE,-0.8237340196979149,-0.0559479780175102,0.0,-0.1075083535203745,78.0,805.0,88.7,0.8095002511908895,0.6516447084542739,0.5318641987866443,-3.250105770585644,,0.1629943659338937,1.7751479289940826,2.1483446221182985,Transit,1,0,202.6052254,-8.130244
CANDIDATE,-0.2550527275416274,-0.0559479780175102,0.0,-0.1075083535203745,78.0,805.0,88.7,0.2011242466529375,-0.0812820680041638,0.0390058998294608,0.0495152193733475,,0.1629943659338937,1.7751479289940826,2.1483446221182985,Transit,1,0,209.019361,-7.95213
CANDIDATE,-0.6845507405820784,-1.0503549347128096,0.0,-0.1075083535203745,78.0,805.0,88.7,0.2011242466529375,-0.2467488297980034,0.0390058998294608,0.0495152193733475,,1.7435990142943756,8.618213157138754,3.188964020716404,Transit,1,0,200.5835238,-7.4965081
CANDIDATE,-0.207065779551749,-0.4172958580560837,0.0,-0.1075083535203745,78.0,805.0,88.7,0.0680797923802243,-0.1722603562756907,-0.5308615083397825,0.5010220042074532,-0.594,0.3165187871149665,2.7630313769843164,2.399616092135431,Transit,1,0,202.262238,-7.3789629
CONFIRMED,0.4666214241477694,-0.0559479780175102,0.0,-0.1075083535203745,78.0,805.0,88.7,-0.6515697557312696,-0.1915733410328307,-0.441530941653793,0.7827904571179888,,0.1629943659338937,1.7751479289940826,2.1483446221182985,Transit,1,1,204.2215065,-7.3180577
CONFIRMED,0.467074481594309,-0.0559479780175102,0.0,-0.1075083535203745,78.0,805.0,88.7,-0.6515697557312696,-0.1915733410328307,-0.441530941653793,0.7827904571179888,,0.1629943659338937,1.7751479289940826,2.1483446221182985,Transit,1,1,204.2215065,-7.3180577
CONFIRMED,0.4666214241477694,-0.0657519902666189,0.0,3.221535886079036,78.0,536.0,89.071,-0.5269917667304563,-0.189318785326602,-0.5462633301821945,0.6656338528448882,-0.137,0.1656559636190036,1.7944204291177015,2.1541520906608187,Transit,1,1,204.2215065,-7.3180577
CANDIDATE,0.6012394397125476,-0.0419422462330693,0.0,-0.1075083535203745,78.0,805.0,88.7,0.2011242466529375,-0.2177495004114542,0.0390058998294608,0.0495152193733475,,0.1592900918854105,1.7481498747159254,2.140129125019265,Transit,1,0,198.478571,-7.1610248
CANDIDATE,2.832377561585369,0.1233253888233323,0.0,-0.1075083535203745,78.0,805.0,88.7,0.6607323614132193,-0.0193031091191861,-0.3152360025460146,-0.64655774057923,-0.137,0.1229753387173389,1.4711767059765084,2.0498001542269693,Transit,1,0,199.2565541,-7.0707387
CANDIDATE,1.1931018414408692,0.116322522931112,0.0,-0.1075083535203745,78.0,805.0,88.7,2.0601181213543933,0.4247846605062045,2.318475532506434,-2.2409410745246663,-0.224,0.1242761954672778,1.4815334266040932,2.053398191319757,Transit,1,0,204.9532151,-6.8889086
CANDIDATE,-0.966139137298998,-0.0559479780175102,0.0,-0.1075083535203745,78.0,805.0,88.7,-0.1181824436015741,-0.1137408468022378,-0.115012318594659,0.3014654117021316,,0.1629943659338937,1.7751479289940826,2.1483446221182985,Transit,1,0,208.154586,-6.7693945
CANDIDATE,-0.1153625005112844,-0.3164545892081096,0.0,-0.1075083535203745,78.0,805.0,88.7,0.3777105223239931,-0.0937915826414987,-0.0965301323837646,0.1388759372050981,-0.13,0.2590282176637697,2.4174131101147784,2.3207749587876303,Transit,1,0,199.377741,-6.3716288
CANDIDATE,-0.0626905336398281,0.4482583662223596,0.0,-0.1075083535203745,78.0,805.0,88.7,0.2011242466529375,-0.0937915826414987,0.0390058998294608,0.0495152193733475,,0.078284969306045,1.0886921178690667,1.9011727515734336,Transit,1,0,203.2217521,-6.3569355
CANDIDATE,-0.0627656724535392,-0.0559479780175102,0.0,-0.1075083535203745,78.0,805.0,88.7,-0.1859141657767735,-0.0806992383449243,-0.1488963266479654,-0.0102153657036629,,0.1629943659338937,1.7751479289940826,2.1483446221182985,Transit,1,0,203.2217521,-6.3569355
CANDIDATE,3.171501797201293,0.0450814508341219,0.0,-0.1075083535203745,78.0,805.0,87.2882,0.671617816762805,0.0631101419258782,0.0390058998294608,-1.0839549383872695,0.03,0.1386158028552183,1.593411637426168,2.091112064636964,Transit,1,0,202.4737957,-6.3510574
FALSE POSITIVE,-0.5490341331133276,1.9048544718042069,0.0,-0.1075083535203745,78.0,805.0,88.7,0.2011242466529375,-0.4298426349444513,0.0390058998294608,0.0495152193733475,,0.018193294820747,0.4115226337448559,1.4907119849998596,Transit,1,2,207.3819041,-6.3241731
CANDIDATE,-0.7159041183033689,-0.0559479780175102,0.0,-0.1075083535203745,78.0,805.0,88.7,-1.4099231450857346,-0.2179905928753737,-0.804613489766813,0.7138416085172801,,0.1629943659338937,1.7751479289940826,2.1483446221182985,Transit,1,0,205.2933875,-5.6633224
CANDIDATE,-0.3164160920724028,-0.0559479780175102,0.0,-0.1075083535203745,78.0,805.0,88.7,-0.276626293689987,-0.1119133204365835,-0.2074232496491307,0.2099882558164719,,0.1629943659338937,1.7751479289940826,2.1483446221182985,Transit,1,0,206.8325575,-5.1060853
CANDIDATE,-0.3164035689367843,1.1835592849055037,0.0,-0.1075083535203745,78.0,805.0,88.7,0.2011242466529375,-0.124496754933139,0.0390058998294608,0.0495152193733475,,0.0343279861128588,0.628374238750792,1.6571045299983225,Transit,1,0,206.8325575,-5.1060853
CANDIDATE,0.3120950383501591,-0.4432064618572993,0.0,-0.1075083535203745,78.0,805.0,88.7,0.2531325333231799,-0.1193792262178656,0.0112826205131192,0.4351772647524826,-0.011,0.3339943412378396,2.8638189646387566,2.4212057782467675,Transit,1,0,206.2070623,-5.0044907
CANDIDATE,0.4991018840747271,-0.8542746897306379,0.0,-0.1075083535203745,78.0,805.0,88.7,0.2011242466529375,-0.2353765437640625,0.0390058998294608,0.0495152193733475,,0.9205217817133046,5.629574028898481,2.86691089540498,Transit,1,0,202.9420287,-4.8529708
CANDIDATE,1.984930143478497,0.1324291144832191,0.0,-0.1075083535203745,78.0,805.0,88.7,0.7212071133553617,0.0079903773622719,-0.2813519944927082,-0.7923568065152418,-0.217,0.1213112260485708,1.457874533130867,2.0451508588738525,Transit,1,0,209.7157599,-4.5483314
CANDIDATE,2.082732075718496,-0.1469852346163755,0.0,-0.1075083535203745,78.0,805.0,88.7,0.2011242466529375,0.2718274133497,0.0390058998294608,0.0495152193733475,,0.190108605842127,1.9669229130128336,2.204155075111935,Transit,1,0,205.2838267,-4.4375428
CANDIDATE,-0.2241111332888116,0.3159042008593937,0.0,-0.1075083535203745,78.0,805.0,88.7,-1.3663813236873923,-0.1972793855503606,41.48838884212858,1.117140637678994,-0.089,0.0933347640448999,1.2240949628390272,1.957713290716747,Transit,1,0,206.717132,-3.314273
CANDIDATE,-0.385721629212447,1.544907164944077,0.0,-0.1075083535203745,78.0,805.0,88.7,1.406990800379256,0.3059442714515226,1.1325352506407116,-1.5354617232213752,-0.268,0.0245602197806469,0.502659992905792,1.567161997158462,Transit,1,0,203.5783492,-3.1555013
CANDIDATE,0.0186771738812927,-0.036339953519293,0.0,-0.1075083535203745,78.0,805.0,88.7,0.3003028398380509,-0.1074383258822278,-0.1273337760685886,0.2188302636861392,-0.206,0.157839811679236,1.7375228484254566,2.1368692158534413,Transit,1,0,202.8286729,-2.5793876
CANDIDATE,0.0301298090978091,-0.0559479780175102,0.0,-0.1075083535203745,78.0,805.0,88.7,0.3244927406149079,0.1103409516677397,0.0390058998294608,0.0495152193733475,,0.1629943659338937,1.7751479289940826,2.1483446221182985,Transit,1,0,289.3770304,-29.0494243
CANDIDATE,0.0302682466697376,0.3590461895294588,0.0,-0.1075083535203745,78.0,805.0,88.88542,0.6184000350537198,-0.0066076576051962,0.0390058998294608,-0.8958271113730587,-0.15,0.0880352461176482,1.177309215088148,1.938732753020504,Transit,1,0,289.3770304,-29.0494243
CANDIDATE,0.0301508707349857,0.4342526344379188,0.0,-0.1075083535203745,78.0,805.0,88.7,0.2011242466529375,0.0534795214980354,0.0390058998294608,0.0495152193733475,,0.0797169762543928,1.1019283746556474,1.9069251784911847,Transit,1,0,289.3770304,-29.0494243
CANDIDATE,0.0303153791983382,0.7843959290489397,0.0,-0.1075083535203745,78.0,805.0,88.7,0.2011242466529375,0.1074978801592545,0.0390058998294608,0.0495152193733475,,0.0522085758793941,0.8310249307479225,1.7770466332772772,Transit,1,0,289.3770304,-29.0494243
CANDIDATE,-1.0233456177312352,0.5042812933601231,0.0,-0.1075083535203745,78.0,805.0,88.7,0.2011242466529375,-0.1455354840959297,0.0390058998294608,0.0495152193733475,,0.0728879751591216,1.0380622837370244,1.8786728732554483,Transit,1,0,289.8767127,-28.5356108
CANDIDATE,-0.3098585228757929,-0.5601543222573804,0.0,-0.1075083535203745,78.0,805.0,88.7,0.2011242466529375,-0.1711231276722966,0.0390058998294608,0.0495152193733475,,0.4311407659631832,3.395201448619285,2.526455763199557,Transit,1,0,290.088861,-28.4766982
CANDIDATE,0.4678259221008968,0.5021070505607723,0.0,-0.1075083535203745,78.0,805.0,88.04885,-0.3104921547775867,-0.1279533612731554,0.0390058998294608,-0.4725395005910856,0.27,0.0730880185050215,1.0399607457777704,1.8795312383465552,Transit,1,0,283.6464363,-28.1888472
CANDIDATE,0.4676938599434651,0.2451752553479675,0.0,-0.1075083535203745,78.0,805.0,88.7,0.2011242466529375,-0.1210850691229568,0.0390058998294608,0.0495152193733475,,0.1029828131726523,1.307061399209228,1.9900743804199783,Transit,1,0,283.6464363,-28.1888472
CANDIDATE,-0.3080290066086138,1.204567882582165,0.0,-0.1075083535203745,78.0,805.0,88.7,0.2011242466529375,0.338355286648254,0.0390058998294608,0.0495152193733475,,0.0336305993573219,0.6198347107438016,1.651445647689541,Transit,1,0,283.5619075,-27.8859846
CANDIDATE,-0.9124998151243544,-0.5461485904729395,0.0,-0.1075083535203745,78.0,805.0,88.7,0.2011242466529375,0.7926781137041915,0.0390058998294608,0.0495152193733475,,0.4176686070351533,3.32409972299169,2.513123449750173,Transit,1,0,293.0785743,-27.8845304
CANDIDATE,-0.9124963997237312,-1.176406520772777,0.0,-0.1075083535203745,78.0,805.0,88.7,0.2011242466529375,-0.0773017678922845,0.0390058998294608,0.0495152193733475,,2.8647889756541165,12.0,3.4641016151377544,Transit,1,0,293.0786854,-27.8842445
CANDIDATE,0.5265844744230188,-0.8962918850839604,0.0,-0.1075083535203745,78.0,805.0,88.7,0.2011242466529375,-0.1796523421977523,0.0390058998294608,0.0495152193733475,,1.0440193059963985,6.122448979591837,2.9277002188456,Transit,1,0,283.0317641,-27.1807287
CANDIDATE,-0.554026651897684,-0.4481084679818536,0.0,-0.1075083535203745,78.0,805.0,88.7,0.2011242466529375,0.0085589916639689,0.0390058998294608,0.0495152193733475,,0.3374443294403778,2.883506343713956,2.425356250363329,Transit,1,0,288.3772959,-27.0171825
CANDIDATE,-0.5540242611172477,-0.5664197513568204,0.0,-0.1075083535203745,78.0,805.0,88.98386,0.5905816491603343,-0.0118468697810327,0.0390058998294608,-0.0962838465626642,0.37,0.4373552388146463,3.4277492428458265,2.532489027708092,Transit,1,0,288.3772959,-27.0171825
CANDIDATE,-0.5060809164086592,-1.1497820028053134,0.0,-0.1075083535203745,78.0,805.0,88.10206,-0.8039661306254683,-0.2173139418563542,0.0390058998294608,0.9384192020154928,-0.28,2.5613926001223235,11.137052199888023,3.400070133176605,Transit,1,0,285.4760265,-26.9630173
CANDIDATE,-0.5060846733493448,-1.092372130066132,0.0,-0.1075083535203745,78.0,805.0,89.13,-0.9793429112576812,-0.1897509321958918,-0.6078706175518421,0.6049155966760529,,2.0391002070242146,9.566326530612244,3.2732683535398857,Transit,1,0,285.4760265,-26.9630173
CANDIDATE,0.1691901224065404,-1.0643606664972505,0.0,-0.1075083535203745,78.0,805.0,88.86,-1.857436309457588,-0.2871864044774903,-1.134831630432494,1.204761173110862,,1.8353490403294757,8.917954815695602,3.2163376045133845,Transit,1,0,288.5022519,-26.284388
CANDIDATE,-0.2330123503930847,4.215800216236944,0.0,-0.1075083535203745,78.0,805.0,88.7,0.2011242466529375,0.0176568204911216,0.0390058998294608,0.0495152193733475,,0.0043504569844846,0.1585414189456996,1.174440439029407,Transit,1,0,280.8765309,-25.4110574
CANDIDATE,-0.6111985229369388,-0.7563678037660174,0.0,-0.1075083535203745,78.0,805.0,87.7082,-0.1786571955437164,-0.137779585020782,0.0390058998294608,0.1859078939586498,0.02,0.6996609366238608,4.688615003565351,2.7387756296955,Transit,1,0,295.0364167,-24.7829615
CANDIDATE,-0.6112152583999927,-0.8682804215150788,0.0,-0.1075083535203745,78.0,805.0,88.7,0.2011242466529375,-0.1392807267772622,0.0390058998294608,0.0495152193733475,,0.9594120315628336,5.787037037037037,2.886751345948129,Transit,1,0,295.0364167,-24.7829615
CANDIDATE,-0.3270895605600721,-0.9246119229355168,0.0,-0.1075083535203745,78.0,805.0,88.43145,-0.1786571955437164,-0.137779585020782,0.0390058998294608,0.1859078939586498,0.02,1.1399823156985571,6.492095469706557,2.9709239576019355,Transit,1,0,295.0364167,-24.7829615
CANDIDATE,-0.3271097114237491,-0.8122574943773153,0.0,-0.1075083535203745,78.0,805.0,88.7,0.2011242466529375,-0.1392807267772622,0.0390058998294608,0.0495152193733475,,0.8157589981155338,5.193905817174516,2.809757434745082,Transit,1,0,295.0364167,-24.7829615
CANDIDATE,-0.8855225902216142,2.044911789648615,0.0,-0.1075083535203745,78.0,805.0,88.7,0.2011242466529375,-0.0949288112448928,0.0390058998294608,0.0495152193733475,,0.0163128016561937,0.3826530612244898,1.4638501094227998,Transit,1,0,281.8272071,-24.774772
CANDIDATE,1.3681225663715713,-0.1959834049031395,0.0,-0.1075083535203745,78.0,805.0,87.72665,0.694598222500819,0.087703279088577,0.0390058998294608,-1.2250508086479286,0.0,0.2072249013990819,2.083279063560298,2.236053415249341,Transit,1,0,282.1927118,-24.0843549
CANDIDATE,-0.4741074157808769,-0.9873291416828258,0.0,-0.1075083535203745,78.0,805.0,88.7,0.2011242466529375,-0.2245728720318187,0.0390058998294608,0.0495152193733475,,1.398561194685816,7.44001488002976,3.07389311747136,Transit,1,0,283.5749543,-24.0374337
CANDIDATE,0.1843567781074492,-0.6161772493951436,0.0,-0.1075083535203745,78.0,805.0,88.7,0.2011242466529375,-0.0985110813455842,0.0390058998294608,0.0495152193733475,,0.4912189601601708,3.7037037037037033,2.581988897471611,Transit,1,0,293.2016762,-23.4151604
CANDIDATE,0.1843560950273247,-0.674245167436485,0.0,-0.1075083535203745,78.0,805.0,88.74416,0.2301521275851658,-0.1053156886939927,0.0390058998294608,0.7032594182477303,0.01,0.5658759211959106,4.0700551860474015,2.643597825586587,Transit,1,0,293.2016762,-23.4151604
CANDIDATE,-0.9509474353268524,-0.0559479780175102,0.0,-0.1075083535203745,78.0,805.0,88.7,0.8336901519677465,0.5140571058726404,0.0390058998294608,0.0495152193733475,,0.1629943659338937,1.7751479289940826,2.1483446221182985,Transit,1,0,291.401691,-23.2608974
CANDIDATE,-0.7381839150356002,2.044911789648615,0.0,-0.1075083535203745,78.0,805.0,88.7,0.2011242466529375,0.1473008812780475,0.0390058998294608,0.0495152193733475,,0.0163128016561937,0.3826530612244898,1.4638501094227998,Transit,1,0,281.3437097,-22.9402478
CANDIDATE,0.4118919060941895,-0.4621141997662945,0.0,-0.1075083535203745,78.0,805.0,88.7,0.2011242466529375,-0.0011074514648807,0.0390058998294608,0.0495152193733475,,0.3475669944577018,2.9408881482207625,2.4373333911071624,Transit,1,0,295.1508935,-22.9361426
CANDIDATE,0.4122304861426394,-0.7022294528828389,0.0,-0.1075083535203745,78.0,805.0,88.70349,0.7526539843652758,-0.0166175437722709,0.0390058998294608,0.0918439804515465,0.19,0.6072972549205515,4.266322683613385,2.674907303744692,Transit,1,0,295.1508935,-22.9361426
CANDIDATE,1.1585531287431683,-0.0909623074786124,0.0,-0.1075083535203745,78.0,805.0,88.7,0.2011242466529375,0.0415386211623974,0.0390058998294608,0.0495152193733475,,0.1727714966734735,1.845444059976932,2.1693045781865616,Transit,1,0,291.9220368,-22.8406872
CANDIDATE,1.1584006880286848,-0.2553230153790446,0.0,-0.1075083535203745,78.0,805.0,88.82627,0.6764557969181764,-0.0021491528655897,0.0390058998294608,0.0448120236979948,0.35,0.2308200815123034,2.2385590155461075,2.2766037588881263,Transit,1,0,291.9220368,-22.8406872
CANDIDATE,-0.6966731358608111,-0.840268957946197,0.0,-0.1075083535203745,78.0,805.0,88.7,0.2011242466529375,-0.2717678590726732,0.0390058998294608,0.0495152193733475,,0.8837053628530506,5.47845142439737,2.847473987257497,Transit,1,0,282.0968532,-22.7573018
CANDIDATE,0.2686260961513825,-0.3290597478141066,0.0,-0.1075083535203745,78.0,805.0,88.7,0.2011242466529375,-0.0898112825296194,0.0390058998294608,0.0495152193733475,,0.265409103902127,2.456952150856862,2.3302069121418523,Transit,1,0,287.1277235,-22.4921765
CANDIDATE,-0.0923771958569801,-0.6091743835029232,0.0,-0.1075083535203745,78.0,805.0,88.7,0.2011242466529375,0.0415386211623974,0.0390058998294608,0.0495152193733475,,0.4831221086475979,3.6628918531180368,2.574846452537247,Transit,1,0,281.6411315,-22.4822622
CANDIDATE,0.0293196760699779,0.5338671412388937,0.0,-0.1075083535203745,78.0,805.0,86.84458,0.4950315410917493,0.4349787777070292,0.0390058998294608,-2.6830414680080583,-0.22,0.0702370224389779,1.0127374802902298,1.8671083976570773,Transit,1,0,284.0130886,-22.4396719
CANDIDATE,2.5975354116585945,0.4342526344379188,0.0,-0.1075083535203745,78.0,805.0,88.7,0.2011242466529375,-0.4326857064529365,0.0390058998294608,0.0495152193733475,,0.0797169762543928,1.1019283746556474,1.9069251784911847,Transit,1,0,281.4724948,-21.5678736
CANDIDATE,-0.7648572831295603,-0.5461485904729395,0.0,-0.1075083535203745,78.0,805.0,88.7,0.2011242466529375,-0.333178203655954,0.0390058998294608,0.0495152193733475,,0.4176686070351533,3.32409972299169,2.513123449750173,Transit,1,0,291.673532,-21.5401303
CANDIDATE,-0.1028021370259653,1.8418286787742224,0.0,-0.1075083535203745,78.0,805.0,88.7,0.2011242466529375,0.0057159201554838,0.0390058998294608,0.0495152193733475,,0.0191341455615295,0.4255907731920373,1.5032920560056575,Transit,1,0,283.2954698,-21.1985855
CANDIDATE,2.315275319485772,1.7858057516364598,0.0,-0.1075083535203745,78.0,805.0,88.7,0.2011242466529375,0.0057159201554838,0.0390058998294608,0.0495152193733475,,0.0200256937437795,0.4387103378435192,1.5147458753604863,Transit,1,0,283.2954698,-21.1985855
CANDIDATE,1.3756104906979505,-0.6297513595403175,0.0,-0.1075083535203745,78.0,805.0,89.11339,1.359820493864385,0.261806723510893,0.0390058998294608,-1.7424023329370049,-0.06,0.5074363403067863,3.784779061130479,2.596004521834771,Transit,1,0,290.052055,-19.843218
CANDIDATE,-0.7357570451994174,4.41851336570625,0.0,-0.1075083535203745,78.0,805.0,57.29731,0.157582425254595,-0.0752132475621512,0.0390058998294608,-0.8017631978659554,0.07,0.0039435752120444,0.1484953680013415,1.1553765222771084,Transit,1,0,282.7778385,-19.284618
CANDIDATE,-0.1232444482228968,0.3152039142701717,0.0,-0.1075083535203745,78.0,805.0,88.7,0.2011242466529375,0.0256742821450499,0.0390058998294608,0.0495152193733475,,0.0934242508691497,1.2248772570915292,1.9580259994945128,Transit,1,0,288.2245357,-19.0444581
CANDIDATE,-0.1232570852052028,0.544608998296886,0.0,-0.1075083535203745,78.0,805.0,89.67939,0.7974053008024611,0.1271133677248974,0.0390058998294608,-1.6483384194299016,-0.29,0.0693063655243979,1.0037716018566918,1.8629621770638989,Transit,1,0,288.2245357,-19.0444581
CANDIDATE,0.0349818410698631,1.1016257539665248,0.0,-0.1075083535203745,78.0,805.0,88.7,1.0078574375611165,0.4981359054251231,1.9673139944994404,-1.9493429426526387,-0.162,0.0372397270037068,0.6634229339448029,1.679743354821577,Transit,1,0,282.116081,-18.9933747
CANDIDATE,0.2368054747413698,1.9743854580560485,0.0,-0.1075083535203745,42.5453,651.38,88.7,0.6184000350537198,0.0494707906710713,0.0390058998294608,-0.5666034140981889,,0.017225543286477,0.3967967506317869,1.4771933309245804,Transit,1,0,285.4688322,-18.4681649
CANDIDATE,-0.5068702154926886,-0.378920152966716,0.0,-0.1075083535203745,1073.998,805.0,89.9891,1.3815914045635562,0.2672784989361236,1.0185617690068625,-1.4225850270128488,-0.184,0.2928074419299643,2.623257330806286,2.3686753215940093,Transit,1,0,282.0973715,-18.3183158
CANDIDATE,-0.5072153986490102,-0.0601496975528426,0.0,-0.1075083535203745,78.0,805.0,88.7,1.3815914045635562,0.2672784989361236,1.0185617690068625,-1.4225850270128488,-0.184,0.1641280166720151,1.783369367302161,2.1508277798981963,Transit,1,0,282.0973715,-18.3183158
CANDIDATE,-0.8344538124027041,-0.6161772493951436,0.0,-0.1075083535203745,78.0,805.0,88.7,0.2011242466529375,0.0438130783691856,0.0390058998294608,0.0495152193733475,,0.4912189601601708,3.7037037037037033,2.581988897471611,Transit,1,0,284.8455006,-17.988768
CANDIDATE,-0.8932518695253683,-1.2695446371393089,0.0,-0.1075083535203745,78.0,805.0,88.7,0.2011242466529375,-0.0505768957125234,0.0390058998294608,0.0495152193733475,,4.395773882390431,15.964048961738166,3.720326659021623,Transit,1,0,286.0818194,-17.9389031
CANDIDATE,-1.0182729508789203,-0.7072145059940091,0.0,-0.1075083535203745,78.0,805.0,88.7,0.2011242466529375,-0.321237303320316,0.0390058998294608,0.0495152193733475,,0.6150964539394338,4.3027717021047724,2.6806023096526217,Transit,1,0,283.2284684,-17.8445713
CANDIDATE,-0.5857010772775584,-0.2590310888919023,0.0,-0.1075083535203745,78.0,805.0,88.7,0.2011242466529375,-0.2541408157200649,0.0390058998294608,0.0495152193733475,,0.2324110094880258,2.2488334176645863,2.279211529192759,Transit,1,0,288.7950464,-17.5013251
CANDIDATE,-0.8759122221012702,-1.159599642631448,0.0,-0.1075083535203745,78.0,805.0,88.7,0.2011242466529375,-0.2632386445472176,0.0390058998294608,0.0495152193733475,,2.668042644536231,11.444091796875,3.4232659844072884,Transit,1,0,286.3115516,-17.4933728
CANDIDATE,-0.9745314597104094,-0.840268957946197,0.0,-0.1075083535203745,78.0,805.0,88.7,0.2011242466529375,-0.1830640280079345,0.0390058998294608,0.0495152193733475,,0.8837053628530506,5.47845142439737,2.847473987257497,Transit,1,0,288.4196985,-17.1548189
CANDIDATE,1.933046451070883,-0.4901256633351761,0.0,-0.1075083535203745,78.0,805.0,88.7,0.2011242466529375,0.2115542973698133,0.0390058998294608,0.0495152193733475,,0.3690600752518189,3.0609121518212428,2.461829819586655,Transit,1,0,288.169811,-16.6470643
CANDIDATE,-0.7148646980470312,-0.2450253571074615,0.0,-0.1075083535203745,78.0,805.0,88.7,0.2011242466529375,-0.3235117605271042,0.0390058998294608,0.0495152193733475,,0.2264774015945749,2.210392528873252,2.2694084234167016,Transit,1,0,16.2943175,-1.2654462
CANDIDATE,-0.5215222841663636,-1.0503549347128096,0.0,-0.1075083535203745,78.0,805.0,88.7,0.2011242466529375,-0.1307515122518065,0.0390058998294608,0.0495152193733475,,1.7435990142943756,8.618213157138754,3.188964020716404,Transit,1,0,12.7736909,-1.1958844
CANDIDATE,-0.1676002561168401,-0.1819995640774778,0.0,-0.1075083535203745,78.0,805.0,88.7,0.2011242466529375,0.4799402477708179,0.0390058998294608,0.0495152193733475,,0.2021373364827768,2.049040366095212,2.2268088570756164,Transit,1,0,18.2449774,-1.0608041
CANDIDATE,-0.9910883542350056,0.9293762616155792,0.0,-0.1075083535203745,512.916,1325.0,88.7,-0.4048327678073288,-0.0829879109092549,0.0390058998294608,-0.1314637502143223,,0.0445271455209412,0.7473706835640338,1.730530771226444,Transit,1,0,19.6268781,-0.0563983
CANDIDATE,-0.9910891739311554,2.46508374318184,0.0,-0.1075083535203745,78.0,805.0,88.7,0.2011242466529375,-0.1580449987332646,0.0390058998294608,0.0495152193733475,,0.012020362591278,0.3121748178980228,1.3912166872805047,Transit,1,0,19.6268781,-0.0563983
CANDIDATE,-0.2714630444561433,-0.5603097158515287,0.0,-0.1075083535203745,78.0,805.0,89.05208,0.2398280878959086,-0.0873258694169017,0.0390058998294608,0.9384192020154928,0.26,0.4312934671195707,3.3960030747995624,2.5266048776056933,Transit,1,0,21.0079792,0.274431
CANDIDATE,-0.2713180037763433,-0.4831227974429558,0.0,-0.1075083535203745,78.0,805.0,88.7,0.2011242466529375,-0.0869682110211342,0.0390058998294608,0.0495152193733475,,0.3635242670835195,3.03022650943158,2.4556365272101743,Transit,1,0,21.0079792,0.274431
CANDIDATE,-0.7968698559404724,0.8871279716878132,0.0,-0.1075083535203745,448.655,1282.0,88.7,0.2519230382843371,-0.0488710528074323,0.0390058998294608,-0.0492518898091125,,0.0466004692290987,0.7703942180850789,1.7437072175443848,Transit,1,0,18.5884331,1.0047964
CANDIDATE,-0.7968658485370743,0.8894389174322462,0.0,-0.1075083535203745,78.0,805.0,88.7,0.2011242466529375,-0.0574002673328879,0.0390058998294608,0.0495152193733475,,0.0464837706656733,0.7691075148213427,1.7429786813223802,Transit,1,0,18.5884331,1.0047964
CANDIDATE,-0.6630257473875818,-1.0993749959583523,0.0,-0.1075083535203745,78.0,805.0,88.7,0.2011242466529375,-0.1301828979501095,0.0390058998294608,0.0495152193733475,,2.0947090082442674,9.739469198928656,3.287979746107146,Transit,1,0,10.8020706,1.4705845
CANDIDATE,-0.6630405474569491,-1.1328583238637675,0.0,-0.1075083535203745,78.0,805.0,87.88513,0.0015575652438677,-0.1313246754679171,0.0390058998294608,0.9854511587690484,-0.03,2.390510255578035,10.636038377154986,3.3611685049527558,Transit,1,0,10.8020706,1.4705845
CANDIDATE,-0.7858401383984621,-0.8472718238384175,0.0,-0.1075083535203745,78.0,805.0,88.7,0.2011242466529375,-0.0949288112448928,0.0390058998294608,0.0495152193733475,,0.9018631301124268,5.553241704845203,2.857142857142857,Transit,1,0,21.1061587,1.7049101
CANDIDATE,0.848986908587588,0.014080680904694,0.0,-0.1075083535203745,78.0,805.0,88.7,0.2011242466529375,0.154124252898412,0.0390058998294608,0.0495152193733475,,0.1455463585659765,1.6460905349794237,2.1081851067789192,Transit,1,0,20.1332675,1.7790852
CANDIDATE,-0.4940738478243043,-1.327668424044738,0.0,-0.1075083535203745,78.0,805.0,88.7,0.2011242466529375,-0.426999563435966,0.0390058998294608,0.0495152193733475,,5.9448985627528135,19.52311536859641,3.912303982179758,Transit,1,0,13.0588652,1.9389164
CANDIDATE,-0.689497379151396,-1.1974151184494384,0.0,-0.1075083535203745,78.0,805.0,88.7,0.2011242466529375,-0.3832162622052937,0.0390058998294608,0.0495152193733475,,3.138899666862191,12.75374641300882,3.517262290563295,Transit,1,0,17.5982731,2.113902
CANDIDATE,-0.3690792927489261,-0.4551113338740742,0.0,-0.1075083535203745,78.0,805.0,88.7,0.2011242466529375,-0.1387121124755651,0.0390058998294608,0.0495152193733475,,0.3424557976124969,2.911985245941421,2.431322695419324,Transit,1,0,17.5404862,2.3725166
CANDIDATE,-0.6235198083786313,-1.008337739359487,0.0,-0.1075083535203745,78.0,805.0,88.7,0.2011242466529375,-0.2364569109372869,0.0390058998294608,0.0495152193733475,,1.502545323909757,7.804370447450572,3.110855084191276,Transit,1,0,13.7868519,2.3936565
CANDIDATE,0.1194675816666218,0.0280864126891348,0.0,-0.1075083535203745,78.0,805.0,88.7,0.2011242466529375,-0.071615624875314,0.0390058998294608,0.0495152193733475,,0.1423593264826594,1.6219723183391,2.100420126042015,Transit,1,0,16.291589,2.4446141
CANDIDATE,3.648532737642108,1.1345392236599603,0.0,-0.1075083535203745,78.0,805.0,88.7,0.2011242466529375,-0.1569077701298705,0.0390058998294608,0.0495152193733475,,0.0360319088338651,0.6489994591671174,1.6705381391691136,Transit,1,0,18.2813835,2.4802441
CANDIDATE,3.648628824246308,1.0353407010987157,0.0,-0.1075083535203745,78.0,805.0,89.5491,-0.2717883135346156,-0.1602466733094356,0.0390058998294608,0.1859078939586498,-0.15,0.0398410545963205,0.6939689488598643,1.698753330445951,Transit,1,0,18.2813835,2.4802441
CANDIDATE,1.6057486093463444,0.5252898910367845,0.0,-0.1075083535203745,78.0,805.0,88.7,0.2011242466529375,0.1120467945728309,0.0390058998294608,0.0495152193733475,,0.0709921414374213,1.0199831702776905,1.870439059165649,Transit,1,0,18.1618438,2.5217995
CANDIDATE,1.6056463750210224,0.3072527833046198,0.0,-0.1075083535203745,78.0,805.0,89.00659,1.1336449216007725,0.0620980084688574,0.0390058998294608,-0.4725395005910856,0.1,0.0944483643792831,1.233812357804479,1.9615870714037007,Transit,1,0,18.1618438,2.5217995
CANDIDATE,1.6059921274107811,0.2241666576713064,0.0,-0.1075083535203745,78.0,805.0,88.7,0.2011242466529375,0.047793378481065,0.0390058998294608,0.0495152193733475,,0.1061032953945969,1.3333333333333333,2.0,Transit,1,0,18.1618438,2.5217995
CANDIDATE,0.0165330992167136,0.0420921444735757,0.0,-0.1075083535203745,78.0,805.0,88.7,0.2011242466529375,-0.2348079294623655,0.0390058998294608,0.0495152193733475,,0.1392646680392635,1.5983803079546055,2.0927403192454674,Transit,1,0,9.9874639,2.8313412
CANDIDATE,-0.3359521836373027,-1.0993749959583523,0.0,-0.1075083535203745,78.0,805.0,88.7,0.2011242466529375,-0.136437655268777,0.0390058998294608,0.0495152193733475,,2.0947090082442674,9.739469198928656,3.287979746107146,Transit,1,0,18.8315922,2.9648061
CANDIDATE,-0.5770339289626643,-0.9663205440061644,0.0,-0.1075083535203745,78.0,805.0,88.7,0.2011242466529375,-0.0721842391770111,0.0390058998294608,0.0495152193733475,,1.30395492747115,7.10059171597633,3.038218101251,Transit,1,0,17.1423772,2.9994981
CANDIDATE,-0.5770433782377218,-0.948980971862146,0.0,-0.1075083535203745,78.0,805.0,89.21783,0.307559810071108,-0.0905641278650663,0.0390058998294608,0.5151315912335196,0.09,1.2321975714820357,6.837642450721197,3.009690991217251,Transit,1,0,17.1423772,2.9994981
CANDIDATE,-0.7048074816784807,0.7843959290489397,0.0,-0.1075083535203745,78.0,805.0,88.7,0.2011242466529375,-0.1034580257703485,0.0390058998294608,0.0495152193733475,,0.0522085758793941,0.8310249307479225,1.7770466332772772,Transit,1,0,22.1213485,3.112815
CANDIDATE,-0.5470216652194305,-0.1259766369397144,0.0,-0.1075083535203745,78.0,805.0,88.7,0.2011242466529375,-0.2279845578420009,0.0390058998294608,0.0495152193733475,,0.1833464944418634,1.92,2.1908902300206643,Transit,1,0,14.5527365,3.5290844
FALSE POSITIVE,-0.5408648363626136,-0.8159690133001922,0.0,-0.1075083535203745,594.594,805.0,89.9707,1.0477707738429305,0.1501439527865327,0.3532030654146651,-1.215644417297215,0.03,0.8243521225467304,5.230316804342335,2.814668872804994,Transit,1,2,18.8306493,3.8385118
CANDIDATE,0.3667323405869118,-0.3640740772752085,0.0,-0.1075083535203745,78.0,805.0,88.7,0.2011242466529375,-0.0028132943699719,0.0390058998294608,0.0495152193733475,,0.2842702315741729,2.572016460905349,2.3570226039551585,Transit,1,0,15.7219909,4.590852
CANDIDATE,4.097294748664473,3.1443617347272204,0.0,-0.1075083535203745,78.0,805.0,88.7,0.2011242466529375,0.35257064419068,0.0390058998294608,0.0495152193733475,,0.0077720425527427,0.2334226174845211,1.2936924547063018,Transit,1,0,17.0869954,4.622991
CANDIDATE,0.2946217349150054,2.216007888978514,0.0,-0.1075083535203745,78.0,805.0,87.70224,0.2579705134785513,-0.0085113782872778,0.0390058998294608,-1.319114722155032,0.05,0.0143512593465563,0.3513280539416588,1.4329251954155304,Transit,1,0,8.6971419,4.6577408
CANDIDATE,0.2946236703086918,1.4146538593487774,0.0,-0.1075083535203745,78.0,805.0,88.7,0.2011242466529375,-0.0943601969431958,0.0390058998294608,0.0495152193733475,,0.0275930090216437,0.5432322317790855,1.5978709238739222,Transit,1,0,8.6971419,4.6577408
CANDIDATE,0.1468943871380673,-0.2380224912152412,0.0,-0.1075083535203745,78.0,805.0,88.7,0.2011242466529375,-0.2205925719199394,0.0390058998294608,0.0495152193733475,,0.2235862358489626,2.191540653079115,2.264554068289192,Transit,1,0,9.8474615,4.7177967
CANDIDATE,0.1468943871380673,-0.0559479780175102,0.0,-0.1075083535203745,78.0,805.0,88.7,-0.0903640577081886,-0.2194553433165453,0.0390058998294608,0.0495152193733475,,0.1629943659338937,1.7751479289940826,2.1483446221182985,Transit,1,0,9.8474615,4.7177967
CANDIDATE,-0.6190854799027987,-1.022343471143928,0.0,-0.1075083535203745,78.0,805.0,88.7,0.2011242466529375,-0.2205925719199394,0.0390058998294608,0.0495152193733475,,1.5776590197274862,8.06234883095942,3.1362502409359,Transit,1,0,9.8474615,4.7177967
CANDIDATE,-0.5706801453365742,-0.4691170656585151,0.0,-0.1075083535203745,78.0,805.0,88.7,0.2011242466529375,-0.1040266400720455,0.0390058998294608,0.0495152193733475,,0.3527804131312593,2.970223509319077,2.4433888871261047,Transit,1,0,22.3524285,4.7348697
CANDIDATE,1.1378501086319963,-0.2520282229996821,0.0,-0.1075083535203745,78.0,805.0,88.7,0.2011242466529375,0.0449503069725797,0.0390058998294608,0.0495152193733475,,0.2294186300411844,2.2294887039239004,2.27429413073671,Transit,1,0,15.435753,4.9254702
CANDIDATE,1.1375938397385668,-0.3248630843479484,0.0,-0.1075083535203745,78.0,805.0,88.87009,0.7720059049867612,0.0848903441380817,0.0390058998294608,-1.2250508086479286,-0.05,0.2632616588593323,2.443681291324011,2.3270539525750333,Transit,1,0,15.435753,4.9254702
CANDIDATE,-0.6514930779497942,-0.6091743835029232,0.0,-0.1075083535203745,78.0,805.0,88.7,0.2011242466529375,0.0506364499895501,0.0390058998294608,0.0495152193733475,,0.4831221086475979,3.6628918531180368,2.574846452537247,Transit,1,0,15.3501157,5.0380381
CANDIDATE,-0.8531341184181089,-0.9803262757906054,0.0,-0.1075083535203745,78.0,805.0,88.7,-1.588928410834476,-0.2205925719199394,-0.792692479660786,0.7549945706766388,-0.307,1.3660378340025503,7.32421875,3.061862178478973,Transit,1,0,11.8772391,5.3862102
CANDIDATE,0.4673500429473929,-0.167993832293037,0.0,-0.1075083535203745,78.0,805.0,88.7,0.2011242466529375,-0.2512977442115797,0.0390058998294608,0.0495152193733475,,0.1972073774659357,2.015587207739855,2.2176638128637185,Transit,1,0,22.8779687,5.4159179
CANDIDATE,-0.48594860974163,1.5266997136243043,0.0,-0.1075083535203745,78.0,805.0,88.7,0.2011242466529375,0.1376344381491978,0.0390058998294608,0.0495152193733475,,0.0249565086704349,0.5080526342529086,1.5713484026367723,Transit,1,0,12.2361482,5.4164335
CANDIDATE,-0.4859663698248709,1.1345392236599603,0.0,-0.1075083535203745,78.0,805.0,88.7,0.2011242466529375,0.0932825226168284,0.0390058998294608,0.0495152193733475,,0.0360319088338651,0.6489994591671174,1.6705381391691136,Transit,1,0,12.2361482,5.4164335
CANDIDATE,-0.8044688718644563,-0.3710769431674291,0.0,-0.1075083535203745,78.0,805.0,88.7,0.2011242466529375,-0.2166122718080601,0.0390058998294608,0.0495152193733475,,0.2882552706709212,2.5959978366684697,2.362497692874473,Transit,1,0,10.3285748,5.4309818
CANDIDATE,-0.3077512206912574,-0.504131395119617,0.0,-0.1075083535203745,78.0,805.0,88.7,0.2011242466529375,-0.4065294485748725,0.0390058998294608,0.0495152193733475,,0.3804735080161801,3.123698458975427,2.4743582965269675,Transit,1,0,16.9728645,5.5508114
CANDIDATE,-1.0405581577150316,2.992216868106373,0.0,-0.1075083535203745,329.3049,1086.47,88.7,-1.991690258769144,-0.3744988363459763,0.0390058998294608,1.8629263759200785,,0.0085236347360845,0.2482386354385109,1.3137497770403337,Transit,1,0,23.3042282,5.6452094
CANDIDATE,0.8653922162478562,2.262000632307448,0.0,-0.1075083535203745,78.0,805.0,88.7,0.2011242466529375,-0.2353765437640625,0.0390058998294608,0.0495152193733475,,0.0138781058026334,0.3435629192541249,1.4249409997581928,Transit,1,0,16.5208588,6.0084398
CANDIDATE,-0.2505182139808468,-0.3500683454907677,0.0,-0.1075083535203745,78.0,805.0,88.7,0.2011242466529375,-0.1654369846553262,0.0390058998294608,0.0495152193733475,,0.2765178401076458,2.52503997979968,2.346185661017325,Transit,1,0,13.27676,6.1002238
FALSE POSITIVE,-0.247834847557859,-0.3903348243710351,0.0,-0.1075083535203745,104.428,805.0,89.9968,0.0934791881959241,-0.0261264807395506,1.5329826185434228,0.6044923090652702,0.108,0.2996053332917219,2.6637032967490333,2.3777531931110563,Transit,1,2,16.0826795,6.110996
CANDIDATE,-0.5487135408414933,1.4545701949344336,0.0,-0.1075083535203745,78.0,805.0,88.7,0.8578800527446034,0.101243122840587,0.1036935515675912,-1.112174112439402,0.027,0.026612960078187,0.5302918386009063,1.588268955883893,Transit,1,0,16.643421,6.2494097
CONFIRMED,-0.9952376675288294,-1.1834093866649975,0.0,-0.1075083535203745,78.0,805.0,92.6,0.6050955896264484,-0.0659294818583436,0.0390058998294608,0.0918439804515465,0.28,2.952480602014551,12.243648607284973,3.481553119113957,Transit,1,1,16.7615005,6.588798
CANDIDATE,-0.0057512513830155,-0.5391457245807192,0.0,-0.1075083535203745,78.0,805.0,88.7,0.2011242466529375,-0.0420476811870678,0.0390058998294608,0.0495152193733475,,0.411142653997773,3.289383514706285,2.506535958866141,Transit,1,0,19.1262521,6.5933274
CANDIDATE,-0.2269166572074236,0.2101609258868655,0.0,-0.1075083535203745,78.0,805.0,88.7,0.2011242466529375,-0.2063772143775133,0.0390058998294608,0.0495152193733475,,0.1082539730681351,1.3512904824107022,2.0067001862719533,Transit,1,0,18.0414099,7.3506132
CANDIDATE,0.1059209643280003,-0.6932087742095683,0.0,-0.1075083535203745,78.0,805.0,88.7,0.2011242466529375,-0.1080069401839248,0.0390058998294608,0.0495152193733475,,0.5935161253851388,4.201533559749309,2.664693550105965,Transit,1,0,14.2352359,7.3780069
CONFIRMED,-1.0017378579949687,-0.756234567239552,0.0,-0.1075083535203745,78.0,805.0,91.3,0.4587466899264639,-0.0033819086716688,0.0390058998294608,0.0918439804515465,-0.23,0.6994113710093056,4.687499999999999,2.7386127875258306,Transit,1,1,13.4321524,7.9952914
CONFIRMED,-1.0017378579949687,-0.840268957946197,0.0,-0.1075083535203745,78.0,805.0,88.7,0.2011242466529375,-0.0812820680041638,0.2238277619384044,0.0495152193733475,,0.8837053628530506,5.47845142439737,2.847473987257497,Transit,1,1,13.4321524,7.9952914
CONFIRMED,-1.001729205646723,-0.6651973106406867,0.0,-0.1075083535203745,78.0,805.0,88.7,0.2011242466529375,0.0040100772503926,0.0390058998294608,0.0495152193733475,,0.5532919191323351,4.00948912426075,2.633707687836883,Transit,1,1,13.4321524,7.9952914
CANDIDATE,-0.5942563142986979,-0.9643586491092636,0.0,-0.1075083535203745,78.0,805.0,89.04528,-0.9188681593155388,-0.2184204652874566,0.0390058998294608,0.9854511587690484,-0.2,1.2955608833835257,7.070086156953242,3.034949632961491,Transit,1,0,13.8121855,8.0227068
CANDIDATE,-0.5942634866400066,-0.4901256633351761,0.0,-0.1075083535203745,78.0,805.0,88.7,0.2011242466529375,-0.0409104525836737,0.0390058998294608,0.0495152193733475,,0.3690600752518189,3.0609121518212428,2.461829819586655,Transit,1,0,13.8121855,8.0227068
CANDIDATE,-0.5942304711006487,-1.0363492029283687,0.0,-0.1075083535203745,78.0,805.0,88.7,0.2011242466529375,-0.2592583444353383,0.0390058998294608,0.0495152193733475,,1.6578639905405768,8.333333333333334,3.1622776601683795,Transit,1,0,13.8121855,8.0227068
CANDIDATE,-0.338531949574719,-0.0559479780175102,0.0,-0.1075083535203745,78.0,805.0,88.7,-1.8042185277485028,-0.1796523421977523,0.0390058998294608,0.0495152193733475,,0.1629943659338937,1.7751479289940826,2.1483446221182985,Transit,1,0,13.830524,8.0569102
CANDIDATE,-0.3385638266472025,0.4762698297912414,0.0,-0.1075083535203745,78.0,805.0,88.7,0.2011242466529375,-0.1785151135943582,0.0390058998294608,0.0495152193733475,,0.0755222298897857,1.0629251700680271,1.889822365046136,Transit,1,0,13.830524,8.0569102
CANDIDATE,-0.3111279134407618,2.822229903685081,0.0,-0.1075083535203745,78.0,805.0,88.7,0.2011242466529375,0.1421833525627741,0.0390058998294608,0.0495152193733475,,0.009482548578377,0.2665239282961791,1.3373015960759795,Transit,1,0,18.5290506,8.187656
CANDIDATE,0.5975451147050824,0.2241666576713064,0.0,-0.1075083535203745,78.0,805.0,88.7,0.2011242466529375,-0.2498193470271674,0.0390058998294608,0.0495152193733475,,0.1061032953945969,1.3333333333333333,2.0,Transit,1,0,9.4888351,8.2511033
CANDIDATE,-0.0817473306506007,0.3362125119468332,0.0,-0.1075083535203745,78.0,805.0,88.7,0.2011242466529375,0.101243122840587,0.0390058998294608,0.0495152193733475,,0.0907886145813932,1.2017304919083478,1.9487094073848927,Transit,1,0,14.7017474,8.402543
CANDIDATE,1.219415567849203,-0.0489451121252899,0.0,-0.1075083535203745,78.0,805.0,88.7,0.2011242466529375,-0.0198717234208831,0.0390058998294608,0.0495152193733475,,0.1611280364623956,1.7615713216188842,2.14422506967559,Transit,1,0,16.2769235,8.4445808
CANDIDATE,3.3951680732087213,0.6233300135278701,0.0,-0.1075083535203745,78.0,805.0,88.7,0.2011242466529375,0.1933586397155081,0.0390058998294608,0.0495152193733475,,0.0629633734232775,0.9415530918249652,1.8333969940564223,Transit,1,0,12.6775686,8.5805773
CANDIDATE,-0.2116612010903107,2.6751697199484523,0.0,-0.1075083535203745,78.0,805.0,88.7,0.2011242466529375,0.0307349494301537,0.0390058998294608,0.0495152193733475,,0.0104316394197692,0.2840236686390532,1.3587324409735149,Transit,1,0,17.3668367,8.9882823
CANDIDATE,-0.3151956555830338,-0.0559479780175102,0.0,-0.1075083535203745,78.0,805.0,88.7,0.75023499428759,0.0932825226168284,0.0390058998294608,0.0495152193733475,,0.1629943659338937,1.7751479289940826,2.1483446221182985,Transit,1,0,14.2523556,9.3860363
CANDIDATE,-0.3152651020623729,0.854424587971144,0.0,-0.1075083535203745,78.0,805.0,88.7,0.2011242466529375,0.0915766797117373,0.0390058998294608,0.0495152193733475,,0.0482946269433759,0.7889546351084813,1.7541160386140584,Transit,1,0,14.2523556,9.3860363
CANDIDATE,0.6434594837500949,0.2311695235635266,0.0,-0.1075083535203745,78.0,805.0,88.7,0.2011242466529375,0.0915766797117373,0.0390058998294608,0.0495152193733475,,0.1050492968917351,1.3244886921777907,1.9966749769191652,Transit,1,0,14.2523556,9.3860363
CANDIDATE,0.4284520452493779,0.95246471046223,0.0,-0.1075083535203745,78.0,805.0,88.7,0.2011242466529375,-0.109712783089016,0.0390058998294608,0.0495152193733475,,0.0434458743072127,0.7352220370551906,1.7234549688642782,Transit,1,0,17.0257216,9.7367126
CANDIDATE,-0.2688987616682191,-0.6511915788562458,0.0,-0.1075083535203745,78.0,805.0,88.7,0.2011242466529375,-0.1859070995164197,0.0390058998294608,0.0495152193733475,,0.5345378846701558,3.918367346938776,2.6186146828319083,Transit,1,0,12.702046,9.9175983
CANDIDATE,3.5786206253513773,0.6233300135278701,0.0,-0.1075083535203745,78.0,805.0,88.7,0.2011242466529375,0.0438130783691856,0.0390058998294608,0.0495152193733475,,0.0629633734232775,0.9415530918249652,1.8333969940564223,Transit,1,0,13.4241418,10.0448468
CANDIDATE,2.2690687059940977,0.1657823011288932,0.0,-0.1075083535203745,78.0,805.0,89.32575,0.8046622710355181,0.1100606248170031,0.0390058998294608,-1.27208276540148,0.01,0.1154647859158165,1.4106497340762123,2.0283836879744324,Transit,1,0,17.0781004,10.1368432
CANDIDATE,0.0822260532708756,0.0210835467969142,0.0,-0.1075083535203745,78.0,805.0,88.7,0.2011242466529375,-0.1847698709130256,0.0390058998294608,0.0495152193733475,,0.1439410823917703,1.633964679130186,2.104291871495683,Transit,1,0,15.1592415,10.1994919
CANDIDATE,0.0823888540339164,-0.0559479780175102,0.0,-0.1075083535203745,78.0,805.0,88.7,-1.2563172751526932,-0.3127080887948604,0.0390058998294608,0.0495152193733475,,0.1629943659338937,1.7751479289940826,2.1483446221182985,Transit,1,0,15.1592415,10.1994919
CANDIDATE,-0.6360247285271662,0.1821494623179838,0.0,-0.1075083535203745,78.0,805.0,88.7,0.2011242466529375,0.1956330969222962,0.0390058998294608,0.0495152193733475,,0.1127328912640533,1.3883104262113009,2.0203050891044216,Transit,1,0,15.3707811,10.3665191
CANDIDATE,-0.3526990313598946,-1.2548386187656455,0.0,-0.1075083535203745,78.0,805.0,88.7,0.2011242466529375,-0.4611164215377886,0.0390058998294608,0.0495152193733475,,4.091228531727086,15.217920623326028,3.676073110469039,Transit,1,0,17.1818313,10.5175356
CANDIDATE,2.558337997172609,0.8684303197555848,0.0,-0.1075083535203745,78.0,805.0,88.7,0.2011242466529375,0.2587492844106681,0.0390058998294608,0.0495152193733475,,0.0475591885020225,0.7809246147438568,1.749635530559413,Transit,1,0,15.5229242,10.5925016
CONFIRMED,-1.016990354098208,-0.6161772493951436,0.0,-0.1075083535203745,78.0,805.0,88.7,0.2011242466529375,-0.0204403377225802,0.0390058998294608,0.0495152193733475,,0.4912189601601708,3.7037037037037033,2.581988897471611,Transit,1,1,13.0800239,10.7947051
CONFIRMED,-1.0169935418054563,-0.8542746897306379,0.0,-2.213638382654695,78.0,805.0,80.2,0.568810738461163,-0.1000463399601662,0.1930241182535807,0.3740357209728605,0.025,0.9205217817133046,5.629574028898481,2.86691089540498,Transit,1,1,13.0800239,10.7947051
CONFIRMED,-1.016996160279268,-0.604972663967591,0.0,-0.1075083535203745,78.0,805.0,88.7,0.2011242466529375,0.0079903773622719,0.0390058998294608,0.0495152193733475,,0.4783492575092821,3.6387277067282495,2.570589332316328,Transit,1,1,13.0800239,10.7947051
CONFIRMED,-1.0170044710874508,-0.756234567239552,0.0,-0.1075083535203745,78.0,805.0,89.7,0.5966291243545485,-0.031812623756521,0.0390058998294608,0.5621635479870712,0.01,0.6994113710093056,4.687499999999999,2.7386127875258306,Transit,1,1,13.0800239,10.7947051
CONFIRMED,-1.0169945664256437,-0.7082261470036652,0.0,-0.1075083535203745,78.0,805.0,79.52751,0.568810738461163,-0.0565877174957629,0.3068096976609518,0.2799718074657572,0.08,0.6166954611345512,4.31022547660974,2.681762471046327,Transit,1,1,13.0800239,10.7947051
CONFIRMED,-1.0169909233316454,-0.6021715176107028,0.0,-0.1075083535203745,78.0,2119.0,88.7,0.6014671045099199,-0.0147541947056097,0.3162386929928763,-0.1433158033162158,0.13,0.4752022330434219,3.622750875498128,2.567762955065477,Transit,1,1,13.0800239,10.7947051
CONFIRMED,0.4365397139251967,0.7773930631567194,0.0,-0.1075083535203745,78.0,805.0,88.7,0.2011242466529375,0.0079903773622719,0.0390058998294608,0.0495152193733475,,0.0526229277305787,0.8354160720128654,1.77938947758178,Transit,1,1,13.0800239,10.7947051
CONFIRMED,0.4366508282921392,0.017513184641827,0.0,-0.1075083535203745,78.0,805.0,88.63009,0.568810738461163,-0.0565877174957629,0.3068096976609518,0.2799718074657572,0.08,0.1447565549519582,1.6401301572361997,2.1062741125771223,Transit,1,1,13.0800239,10.7947051
CONFIRMED,0.4365748925516159,0.0350892785813551,0.0,-0.1075083535203745,78.0,741.0,88.7,0.6014671045099199,-0.0147541947056097,0.3162386929928763,-0.1433158033162158,0.13,0.1408006616424954,1.6101115002213904,2.096569673443837,Transit,1,1,13.0800239,10.7947051
CONFIRMED,0.4368214844766135,-0.1049680392630533,0.0,-2.213638382654695,78.0,805.0,87.2,0.568810738461163,-0.1000463399601662,0.1930241182535807,0.3740357209728605,0.025,0.176901319870848,1.874736365198644,2.177862025921883,Transit,1,1,13.0800239,10.7947051
CONFIRMED,0.436530264650139,0.0841093398268979,0.0,-0.1075083535203745,78.0,805.0,88.7,0.2011242466529375,-0.0204403377225802,0.0390058998294608,0.0495152193733475,,0.1305024132495498,1.530612244897959,2.070196678027062,Transit,1,1,13.0800239,10.7947051
CONFIRMED,0.4360666809388786,-0.3360626137063268,0.0,-0.1075083535203745,78.0,805.0,90.2,0.5966291243545485,-0.031812623756521,0.0390058998294608,0.5621635479870712,0.01,0.2690447948585758,2.4793388429752063,2.335496832484569,Transit,1,1,13.0800239,10.7947051
CANDIDATE,-0.1559605707928578,-0.2240167594308003,0.0,-0.1075083535203745,78.0,805.0,88.7,0.2011242466529375,0.0836160794879787,0.0390058998294608,0.0495152193733475,,0.2179498767867969,2.1545532892846886,2.2549380840084865,Transit,1,0,13.5724016,10.9092439
CANDIDATE,-0.1560951375774132,-0.4403028915838716,0.0,-0.1075083535203745,78.0,805.0,88.85849,1.0235808730660734,0.0424017776723736,0.0390058998294608,-0.707699284358848,0.01,0.3319729886636705,2.8522526157642782,2.4187573845675625,Transit,1,0,13.5724016,10.9092439
CANDIDATE,0.9430743649564448,0.0701036080424571,0.0,-0.1075083535203745,78.0,805.0,88.7,0.2011242466529375,0.0836160794879787,0.0390058998294608,0.0495152193733475,,0.1333393239907688,1.5527146628021329,2.0776300831933314,Transit,1,0,13.5724016,10.9092439
CANDIDATE,-0.7941236233766796,-0.8682804215150788,0.0,-0.1075083535203745,78.0,805.0,88.7,0.2011242466529375,-0.0249892521361565,0.0390058998294608,0.0495152193733475,,0.9594120315628336,5.787037037037037,2.886751345948129,Transit,1,0,14.0322943,11.7069365
CANDIDATE,-0.7258113985845593,-0.9789257026121612,0.0,-0.1075083535203745,78.0,805.0,88.7,0.0245379709818818,-0.0170286519123979,1.881063792181933,0.6797434398709545,0.035,1.359654489987156,7.301384099045709,3.0594728982255424,Transit,1,0,263.960982,-21.3840777
FALSE POSITIVE,-0.98265908857352,-0.0559479780175102,0.0,-0.1075083535203745,78.0,805.0,88.7,0.2011242466529375,-0.0812820680041638,0.0390058998294608,0.0495152193733475,,0.1629943659338937,1.7751479289940826,2.1483446221182985,Transit,1,2,129.4024617,14.6121276
CANDIDATE,-0.4897408429002944,0.6303328794200906,0.0,-0.1075083535203745,78.0,1000.0,88.7,0.4466517395380354,-0.005780323796227,0.2854350493080523,-0.2655518589187,,0.0624372198324745,0.9363003651571424,1.83083459309206,Transit,1,0,182.4450314,-10.1116203
CANDIDATE,1.0464949727617268,-0.2310196253230206,0.0,-0.1075083535203745,78.0,571.0,88.7,0.1116216137785668,-0.1375538451430083,0.0698095435142848,0.6620123921748639,,0.2207440721731497,2.172928927116342,2.259730731464128,Transit,1,0,186.3564273,-8.7528167
CANDIDATE,0.307166615250832,1.0294962352766548,0.0,-0.1075083535203745,78.0,812.0,88.7,0.9062598542983172,0.0032651925151695,0.5934714861562922,-0.1278893215010497,,0.040081904284695,0.6967629554362025,1.700460603795407,Transit,1,0,192.0993966,-8.5275804
CANDIDATE,-0.6052599381799465,-0.924303348652842,0.0,-0.1075083535203745,78.0,1142.0,88.7,0.5687865485603856,-0.0190807809272225,0.3716852516255595,-0.1097349861941806,0.211,1.1388746118612751,6.4878892733564,2.9704426289300225,Transit,1,0,185.4282484,-7.4110169
CANDIDATE,1.1468929510154466,0.0631007421502368,0.0,-0.1075083535203745,78.0,644.0,88.7,0.5966291243545485,-0.0371610098782834,0.3778459803625243,0.0302321171043941,,0.1347886518534765,1.5639458353425693,2.081376939407881,Transit,1,0,184.071828,-6.3856514
CANDIDATE,1.146595811161225,0.1144825479293945,0.0,-0.1075083535203745,78.0,805.0,89.26947,0.5942101342768628,-0.056234608014409,0.0390058998294608,0.3270037642193089,0.06,0.1246210316324868,1.484272756960232,2.0543467085696165,Transit,1,0,184.071828,-6.3856514
CANDIDATE,-0.9858860729290392,-1.172905087826667,0.0,-0.1075083535203745,78.0,805.0,88.7,-2.4319464529079404,-0.4781748505886999,-2.2620262834268887,3.0548572559253624,-0.096,2.8222433050500744,11.880894037276308,3.4554737023254405,Transit,1,0,186.2676323,-6.1638387
CANDIDATE,0.2541573206444877,-0.6021715176107028,0.0,-0.1075083535203745,78.0,516.0,88.7,-1.3727674574924826,-0.1392369434760315,-0.7557281072389973,-0.0539550854844652,-0.148,0.4752022330434219,3.622750875498128,2.567762955065477,Transit,1,0,189.0515603,-5.3353818
CONFIRMED,-0.999139876587562,-0.9873291416828258,0.0,-0.1075083535203745,78.0,932.0,88.7,-1.95177692248733,-0.3309600392650338,-1.3835710531874474,1.5258483418673665,,1.398561194685816,7.44001488002976,3.07389311747136,Transit,1,1,189.5748998,-5.2446247
CONFIRMED,-0.9991418119812484,-1.1063778618505729,0.0,-0.1075083535203745,78.0,805.0,89.7,-1.6179562917667043,-0.3900396338256582,0.0390058998294608,2.4434418181291786,-0.18,2.152358358868607,9.917355371900824,3.302891295379082,Transit,1,1,189.5748998,-5.2446247
CANDIDATE,1.8303248619264896,3.970699910009229,0.0,-0.1075083535203745,78.0,914.0,88.7,0.3510290617671195,0.5130336001295857,0.2238277619384044,-2.9654683683131418,-0.027,0.0049207716315154,0.1721108680841909,1.1988017970052405,Transit,1,0,188.5274815,-4.8499667
CANDIDATE,0.1229116716550913,0.0280864126891348,0.0,-0.1075083535203745,78.0,805.0,88.7,0.1938672764198804,-0.0750273106854963,0.2453903125177811,0.2376430463875582,0.148,0.1423593264826594,1.6219723183391,2.100420126042015,Transit,1,0,189.5154836,-3.7426434
CANDIDATE,-0.9618374402140346,-0.8124943032903268,0.0,-0.1075083535203745,78.0,805.0,89.13006,-0.9732954360634668,-0.2349370049088507,0.0390058998294608,1.1735789857832593,-0.33,0.8163036951883039,5.196217603338464,2.8100700354492445,Transit,1,0,187.197804,-2.3425792
CANDIDATE,3.153476109638675,1.694768495037594,0.0,-0.1075083535203745,78.0,498.0,88.7,0.4309283040330784,-0.1003710187264352,0.2854350493080523,0.4811745184574535,,0.0215964370841841,0.461361014994233,1.5339299776947408,Transit,1,0,186.320783,-2.1286035
CANDIDATE,1.2915761522168958,0.2311695235635266,0.0,-0.1075083535203745,78.0,1349.0,88.7,5.620871515707735,0.7768990668320988,4.998392533086118,-1.864967612236764,,0.1050492968917351,1.3244886921777907,1.9966749769191652,Transit,1,0,187.5813965,-1.9426386
CONFIRMED,0.7550576991142739,-0.4621141997662945,0.0,-0.1075083535203745,78.0,739.0,88.7,0.9268212699586456,-0.0060481411323263,0.6150340367356686,-0.0477938991497533,,0.3475669944577018,2.9408881482207625,2.4373333911071624,Transit,1,1,186.4860415,-1.4047214
CONFIRMED,0.7555007904217949,-0.4343179062548171,0.0,-0.1075083535203745,78.0,805.0,89.44224,0.9074693493371602,-0.0175898742281729,0.0390058998294608,-0.3784755870839782,-0.15,0.3278576503865776,2.828631475449619,2.413733977496084,Transit,1,1,186.4860415,-1.4047214
CANDIDATE,0.2468449479101431,0.8334159902944828,0.0,-0.1075083535203745,78.0,946.0,88.7,0.7320925687049473,0.1257219685286447,0.4702569114169962,-0.994876412296042,,0.0494264867405557,0.8012339002063177,1.7609018126512477,Transit,1,0,190.7982936,0.8635072
CANDIDATE,-0.6224450956491868,-0.3080511501374451,0.0,-0.1075083535203745,78.0,870.0,88.7,-0.3128264802025538,-0.15405958109267,-0.2320661645969898,0.5819640017803192,-0.034,0.2548875258780268,2.391581632653061,2.3145502494313788,Transit,1,0,187.1349231,1.6134271
CANDIDATE,-0.6224597818718668,-0.2394219019179469,0.0,-0.1075083535203745,78.0,805.0,86.98942,-0.2258275020585874,-0.1578118668695688,0.0390058998294608,0.7973233317548377,-0.12,0.2241600378170779,2.1952885673989018,2.265521642968271,Transit,1,0,187.1349231,1.6134271
CANDIDATE,-0.7248284462851925,-0.0559479780175102,0.0,-0.1075083535203745,78.0,805.0,88.7,-1.8634837846518024,-0.3145492619037554,-1.1315325601938495,1.6217935336446156,,0.1629943659338937,1.7751479289940826,2.1483446221182985,Transit,1,0,289.5273235,-16.3430978
CANDIDATE,0.0145406683398062,-0.2807399731577857,0.0,-0.1075083535203745,78.0,805.0,88.7,-0.5729525782064846,-0.175672042085873,-0.4476916703907577,0.5997891133899134,-0.117,0.2420246836910009,2.310428832919606,2.29466060894063,Transit,1,0,255.5980784,-21.7131268
CANDIDATE,0.9944500734446964,0.7787936363351634,0.0,-0.1075083535203745,78.0,805.0,88.7,-1.336143947716321,-0.3007671884592225,2.321555896874916,1.5451314441363238,-0.12,0.0525397075123803,0.8345350638252418,1.77892016741205,Transit,1,0,258.2351419,-26.0969068
CANDIDATE,0.1827646321835849,-0.1525875273301519,0.0,-0.1075083535203745,78.0,805.0,88.7,-0.3709669067197291,-0.1984166141537547,-0.4630934922331697,0.8443552885083894,-0.368,0.191967845602405,1.979726283044106,2.2077332512906964,Transit,1,0,351.7535428,-11.8109993
CANDIDATE,-0.4969455622069946,-0.3545151653323278,0.0,-0.1075083535203745,41.3052,706.0,88.7,-1.337353442755164,-0.1682800561638114,0.0390058998294608,0.2329398507122056,,0.2789483457320159,2.539814597947278,2.349610180610413,Transit,1,0,355.128863,-11.0214947
CANDIDATE,-0.4970907850414946,-0.0559479780175102,0.0,-0.1075083535203745,78.0,805.0,88.7,0.2011242466529375,-0.0812820680041638,0.0390058998294608,0.0495152193733475,,0.1629943659338937,1.7751479289940826,2.1483446221182985,Transit,1,0,355.128863,-11.0214947
FALSE POSITIVE,0.1387201949797932,-0.9664606013240088,0.0,-0.1075083535203745,175.686,805.0,89.9955,0.9546396558520313,0.061440121721794,0.048246992934908,-0.909936698399125,-0.147,1.3045569380468138,7.10277701771487,3.038451837305602,Transit,1,2,349.9867362,-8.9050571
CANDIDATE,2.32849997839231,4.044930288466766,0.0,-0.1075083535203745,78.0,805.0,88.7,-0.26936932345693,-0.1677114418621144,0.1283364665154504,1.0089671371458242,-0.12,0.0047380289920459,0.1678229293559448,1.1912643244191734,Transit,1,0,357.0730126,-8.7006553
CANDIDATE,-0.1661692032557049,-0.0559479780175102,0.0,-0.1075083535203745,78.0,805.0,88.7,-0.1750287104271879,-0.1227909120280479,0.0390058998294608,0.0495152193733475,,0.1629943659338937,1.7751479289940826,2.1483446221182985,Transit,1,0,350.0195346,-8.4343947
CANDIDATE,0.2641667214043129,-0.0559479780175102,0.0,-0.1075083535203745,78.0,805.0,88.7,-0.1750287104271879,-0.1227909120280479,0.0390058998294608,0.0495152193733475,,0.1629943659338937,1.7751479289940826,2.1483446221182985,Transit,1,0,350.0195346,-8.4343947
FALSE POSITIVE,-0.8485696631785312,-1.592096640134981,0.0,-0.1075083535203745,232.818,805.0,90.0112,-0.7326059233337403,-0.2052399857741192,-0.302914545072085,1.0465927025486663,-0.368,42.68070052141773,72.65639531279062,5.433926670016638,Transit,1,2,348.0387584,-8.2921344
CANDIDATE,-0.2755147342154861,0.8180096853315977,0.0,-0.1075083535203745,78.0,805.0,88.7,-0.6624552110808553,-0.137006269570474,0.0420862641979432,0.6421178744681123,-0.051,0.0502790943817165,0.8104218083428063,1.765928401295794,Transit,1,0,346.0424212,-7.9825154
CANDIDATE,1.2718654198334611,0.435653207616363,0.0,-0.1075083535203745,78.0,805.0,88.7,-0.6624552110808553,-0.137006269570474,0.0420862641979432,0.6421178744681123,-0.051,0.0795722118050646,1.1005939171641657,1.9063475849057732,Transit,1,0,346.0424212,-7.9825154
CANDIDATE,-0.3094100807739623,-1.0363492029283687,0.0,-0.1075083535203745,78.0,805.0,88.7,0.9026313691817888,-0.0175972662140949,-0.2228250714915426,-0.5619002184228362,-0.422,1.6578639905405768,8.333333333333334,3.1622776601683795,Transit,1,0,354.2581572,-7.8639765
CANDIDATE,-0.7417995719820435,0.5771110986392155,0.0,-0.1075083535203745,78.0,805.0,88.7,0.7756343901032898,0.009696220267363,0.0297648067240136,-0.54779063139677,-0.063,0.0665886705521777,0.9773566022393196,1.8505830254940128,Transit,1,0,353.7202859,-7.3941695
CANDIDATE,1.3583861699682305,-0.1357806491888228,0.0,-0.1075083535203745,78.0,805.0,88.7,-1.8054280227873456,-0.3064533314761928,-1.2362649487222508,1.3475972257714035,0.091,0.1864615387367052,1.941685991835857,2.1970506083620243,Transit,1,0,352.9768715,-6.6955881
FALSE POSITIVE,-0.9822142895656876,4.053543813514197,0.0,-0.1075083535203745,4001.692,805.0,140.52,-1.676012053631161,-0.2791598449947348,-1.0945681877720608,1.1453598117311266,-0.101,0.0047174133488026,0.1673357659548124,1.1903988687978238,Transit,1,2,352.0865075,-5.7778541
FALSE POSITIVE,-0.9821915202281992,-0.0559479780175102,0.0,-0.1075083535203745,78.0,805.0,88.7,0.2011242466529375,-0.0812820680041638,0.0390058998294608,0.0495152193733475,,0.1629943659338937,1.7751479289940826,2.1483446221182985,Transit,1,2,352.0865075,-5.7778541
CANDIDATE,-0.3538773445749104,-0.0559479780175102,0.0,-0.1075083535203745,78.0,805.0,88.7,-1.388152234386563,-0.1853384852147226,0.0390058998294608,0.0495152193733475,,0.1629943659338937,1.7751479289940826,2.1483446221182985,Transit,1,0,347.4535633,-5.4664297
CANDIDATE,-0.6433275381397657,2.9952006912229256,0.0,-0.1075083535203745,78.0,805.0,88.7,-0.799128150470097,-0.1489471699061119,-0.0903694036467998,0.6515242658188218,-0.095,0.0085079832588797,0.2479346578126721,1.3133474081151415,Transit,1,0,352.1761121,-3.8464108
CANDIDATE,-0.5474058977895444,-0.0769565756941716,0.0,-0.1075083535203745,78.0,805.0,88.7,-0.1411628493395882,-0.1273398264416243,0.1221757377784855,0.5856795263638512,0.049,0.1687692291446467,1.8168329573498467,2.160847218196859,Transit,1,0,353.7077699,-3.8349446
CANDIDATE,-0.0985476863162899,-0.0559479780175102,0.0,-0.1075083535203745,78.0,805.0,88.7,0.0003480702050249,-0.2041027571707251,0.0390058998294608,0.0495152193733475,,0.1629943659338937,1.7751479289940826,2.1483446221182985,Transit,1,0,350.2702189,-3.7521409
CANDIDATE,-0.6283025077180336,-0.0559479780175102,0.0,-0.1075083535203745,78.0,805.0,88.7,-1.0446556433551948,-0.162593913146841,0.0390058998294608,0.0495152193733475,,0.1629943659338937,1.7751479289940826,2.1483446221182985,Transit,1,0,355.5083421,-3.6505699
CANDIDATE,0.8086509133805041,-0.1035674660846091,0.0,-0.1075083535203745,78.0,805.0,88.7,-0.292349729194944,-0.1421237982857474,0.4425336321006543,0.9619351803922684,-0.05,0.1764824534628343,1.871775866070693,2.177001720920541,Transit,1,0,354.1624687,-3.2611299
CANDIDATE,0.8511041154339308,0.0175821138508041,0.0,-0.1075083535203745,78.0,805.0,88.7,0.2410375829347514,-0.0721842391770111,-0.0472443024880463,0.0071864582951527,-0.14,0.1447407532485525,1.640010796737745,2.1062357904982054,Transit,1,0,349.6506778,-2.8591956
CANDIDATE,-0.8740371671591146,-1.1834093866649975,0.0,-0.1075083535203745,78.0,986.0,87.19,-1.415970620279949,-0.2859832166150993,-1.0606841797187545,1.281752486316429,,2.952480602014551,12.243648607284973,3.481553119113957,Transit,1,0,353.7831638,-2.7844255
CANDIDATE,-0.9344271425122682,4.117059807156636,0.0,-0.1075083535203745,78.0,805.0,88.7,-1.858645804496431,-0.2387882295742448,-1.0083179854545536,0.7738073533780577,-0.361,0.0045690252446601,0.1638080322203847,1.1840747222089798,Transit,1,0,354.2752059,-2.7205541
CANDIDATE,-0.6972883633597431,1.4440658960961033,0.0,-0.1075083535203745,78.0,805.0,88.7,-0.2173610367866875,-0.150653012811203,-0.3090752738090498,0.4916156128567437,-0.125,0.0268663079102633,0.5336520065938042,1.5907789963624173,Transit,1,0,351.0241094,-2.5555671
CANDIDATE,-0.9588529493027652,-0.322056881921886,0.0,-0.1075083535203745,78.0,928.0,86.19,-2.070307436293929,-0.2785912306930378,-1.9170254741568604,-0.383178782759335,,0.2618386260305334,2.434867299732164,2.3249527748763854,Transit,1,0,348.6795029,-2.4404113
CANDIDATE,-0.9588118506485988,3.1359582956565566,0.0,-0.1075083535203745,78.0,805.0,88.7,0.5276879071405062,0.4065890028518993,0.8984275586360493,-2.1092515956147166,-0.376,0.0078111963460851,0.2342059143082716,1.2947764033293967,Transit,1,0,348.6795029,-2.4404113
CANDIDATE,-0.7006486621862559,-1.1974151184494384,0.0,-0.1075083535203745,78.0,851.0,88.21,-0.8608123974510822,-0.3291979035440746,-1.821534178733906,0.6421178744681123,,3.138899666862191,12.75374641300882,3.517262290563295,Transit,1,0,349.3875149,-2.4390121
CANDIDATE,-0.0209839381626401,-0.8752832874072992,0.0,-0.1075083535203745,78.0,516.0,89.3,-0.8608123974510822,-0.3291979035440746,-1.821534178733906,0.6421178744681123,,0.9796806367176184,5.868257616509365,2.8968272975116056,Transit,1,0,349.3875149,-2.4390121
CANDIDATE,0.5020846672856851,-0.0559479780175102,0.0,-0.1075083535203745,78.0,805.0,88.7,1.8387805292461523,0.337786672346557,0.0390058998294608,0.0495152193733475,,0.1629943659338937,1.7751479289940826,2.1483446221182985,Transit,1,0,349.8478712,-1.9405959
CANDIDATE,-0.6223494644317363,-0.0559479780175102,0.0,-0.1075083535203745,78.0,805.0,88.7,-0.5209442915362421,-0.242199915384427,0.0390058998294608,0.0495152193733475,,0.1629943659338937,1.7751479289940826,2.1483446221182985,Transit,1,0,344.4629047,-1.8198006
CANDIDATE,-0.2236368479889318,-0.1182734844582719,0.0,-0.1075083535203745,78.0,805.0,88.7,0.6546848862190051,0.113184023176225,0.8922668298990845,-0.6700737189560059,-0.128,0.180947463086635,1.9032148629661507,2.186086119279843,Transit,1,0,350.0155012,-1.7437843
CANDIDATE,0.9408388714018509,0.0750056141670114,0.0,-0.1075083535203745,78.0,805.0,88.7,-0.1919616409709877,-0.1381434981738681,0.3470423366777003,0.8772776582358747,-0.154,0.1323371357150684,1.5449246714041782,2.075019291284649,Transit,1,0,345.9314466,-1.4652536
CANDIDATE,-0.5737735875277248,2.453879157754288,0.0,-0.1075083535203745,78.0,805.0,88.7,0.9364972302693884,0.2433966982648478,0.5503463849975386,-1.5777904842995742,-0.084,0.0121139058510221,0.3137923012941631,1.3930152874979889,Transit,1,0,348.7721002,-0.830983
CANDIDATE,0.2176886974097794,0.2479764017048557,0.0,-0.1075083535203745,78.0,805.0,88.7,-1.755838726194789,-0.3155511603033455,-1.1438540176677792,1.6250857706173607,0.205,0.1025760349214957,1.3036172336460137,1.9887620991164336,Transit,1,0,350.1831527,-0.0590058
CANDIDATE,-0.2611048174459985,-0.2940454183530046,0.0,-0.1075083535203745,78.0,805.0,88.7,0.7490254992487472,0.0267546493182743,-0.2474679864394018,-0.914639894074482,-0.187,0.2481803080585548,2.3494400501213883,2.3042861179277057,Transit,1,0,347.8976872,0.5153821
CANDIDATE,0.4303292632785949,-1.0132397454840414,0.0,-0.1075083535203745,78.0,805.0,88.7,-2.267455127625313,-0.5014880369582787,-2.3698390363237727,3.5722087802144427,0.394,1.5282816794432217,7.89323608866472,3.119673075391651,Transit,1,0,75.5563777,14.7101176
CANDIDATE,1.6745480979607132,-1.523048382437688,0.0,-0.1075083535203745,78.0,805.0,88.7,-2.267455127625313,-0.5014880369582787,-2.3698390363237727,3.5722087802144427,0.394,22.244287645292918,47.0542103715322,4.874666782214325,Transit,1,0,75.5563777,14.7101176
CANDIDATE,1.069233799337721,-0.4936270962812863,0.0,-0.1075083535203745,78.0,805.0,88.7,-0.799128150470097,-0.2621014159438235,-1.1684969326156385,0.8161361144562568,-0.162,0.3718701653253869,3.0764300592853706,2.464944090053283,Transit,1,0,70.9953724,16.2730809
CONFIRMED,-0.3784320372002595,-0.0559479780175102,0.0,-0.1075083535203745,78.0,805.0,86.21,1.3090217022329853,0.3298260721227984,1.3851251288562676,-1.5213521361953088,0.141,0.1629943659338937,1.7751479289940826,2.1483446221182985,Transit,1,1,78.9198197,16.2786991
CANDIDATE,-0.8628801917898827,-1.127386459527234,0.0,-0.1075083535203745,78.0,452.0,89.13,-2.48274524453934,-0.4378032351682099,-2.298990655848677,1.3711132041481795,,2.3385211585667736,10.48126473927854,3.3488734331156853,Transit,1,0,77.5234499,16.8450859
CANDIDATE,0.0791669927793321,-0.0559479780175102,0.0,-0.1075083535203745,78.0,805.0,88.7,0.2664369787504512,-0.0204403377225802,0.0390058998294608,0.0495152193733475,,0.1629943659338937,1.7751479289940826,2.1483446221182985,Transit,1,0,73.9932162,16.9493593
CANDIDATE,-0.2738721542090853,-0.5902666455939282,0.0,-0.1075083535203745,78.0,805.0,88.7,-0.3177491250106438,-0.1847698709130256,-0.1796999703327891,0.9196064193140736,-0.412,0.4621310698267721,3.556009671160969,2.555854018899104,Transit,1,0,74.0079876,17.5977628
CANDIDATE,-0.6033013053197875,0.4510911795388125,0.0,-0.1075083535203745,197.5133,956.13,88.7,-0.0407747611156318,-0.0728540668244102,0.0390058998294608,-0.0022199330555567,,0.0779995086641811,1.0860439472823094,1.900015576692384,Transit,1,0,74.7008149,18.16905
CANDIDATE,-0.6032346056103686,-0.0559479780175102,0.0,-0.1075083535203745,78.0,805.0,88.7,-0.1375343642230596,-0.0602433388413732,0.0390058998294608,0.0495152193733475,,0.1629943659338937,1.7751479289940826,2.1483446221182985,Transit,1,0,74.7008149,18.16905
CANDIDATE,0.0228584211709434,-0.0559479780175102,0.0,-0.1075083535203745,78.0,805.0,88.7,-0.0359367809602605,0.1330855237356214,0.0390058998294608,0.0495152193733475,,0.1629943659338937,1.7751479289940826,2.1483446221182985,Transit,1,0,73.6995075,18.3215571
CANDIDATE,-0.9986799359702996,-1.1007755691367964,0.0,-0.1075083535203745,78.0,805.0,88.7,-0.5790000534006988,-0.1017521828652573,-0.0965301323837646,0.2141270680107824,-0.038,2.1060726852105702,9.774661470891056,3.290945898939588,Transit,1,0,73.992015,18.8833322
CANDIDATE,-0.4868045091378125,-0.2786391133901195,0.0,-0.1075083535203745,78.0,805.0,88.7,1.3852198896800847,0.1512811813899268,0.3716852516255595,-1.2109412216218622,-0.088,0.2410714146996806,2.304358078810582,2.2931517908428454,Transit,1,0,73.8415994,19.2809257
CANDIDATE,-0.4867321709526124,-0.2301092527570319,0.0,-0.1075083535203745,538.64,1342.0,88.7,1.3223261476602566,0.1558300958035032,0.0390058998294608,-0.848795154619507,,0.2203781358873034,2.170526828951519,2.259105958761941,Transit,1,0,73.8415994,19.2809257
CANDIDATE,-0.720412447126038,-1.2091799331483686,0.0,-0.1075083535203745,133.976,805.0,89.9893,-0.8293655264411681,-0.150653012811203,-0.0195210231717047,0.7079626139230871,-0.087,3.3078098470637305,13.207273721100062,3.5481225050655425,Transit,1,0,71.9316438,19.8490823
CANDIDATE,0.5820372604819124,-0.3927858274333122,0.0,-0.1075083535203745,78.0,805.0,88.7,0.0656608023025386,-0.1051638686754396,0.4579354539430667,0.6327114831174029,-0.098,0.3010923814000563,2.6725099612241072,2.3797160771474157,Transit,1,0,71.665688,21.3717772
CANDIDATE,0.4842562760324023,-0.0559479780175102,0.0,-0.1075083535203745,78.0,805.0,88.7,-0.3141206398941153,-0.1398493410789592,0.0390058998294608,0.0495152193733475,,0.1629943659338937,1.7751479289940826,2.1483446221182985,Transit,1,0,68.7061785,21.7686992
CANDIDATE,-0.6979960343688772,-0.7675091813260269,0.0,-0.1075083535203745,109.437,805.0,89.9954,0.6220285201702482,-0.1290456693467154,-0.5370222370767473,0.0636248063994138,-0.13,0.720956995741689,4.783279167546474,2.752496298540084,Transit,1,0,75.4259195,22.6615625
CANDIDATE,-0.1216699485355857,0.1675835012621654,0.0,-0.1075083535203745,704.732,805.0,87.5945,0.6220285201702482,-0.1290456693467154,-0.5370222370767473,0.0636248063994138,-0.13,0.1151598487149461,1.408164998785974,2.027489892565685,Transit,1,0,75.4259195,22.6615625
CANDIDATE,-0.7299687380698475,-0.1869015702020322,0.0,-0.1075083535203745,78.0,805.0,88.7,-1.2926021263179786,-0.1751034277841759,-0.1673785128588598,0.8490584841837421,-0.223,0.203901617536932,2.060945950146748,2.230036452102096,Transit,1,0,71.6844921,22.6740681
CANDIDATE,-0.9398513679354014,0.9755741679065576,0.0,-0.1075083535203745,78.0,805.0,88.7,0.4551182048099353,0.1609476245187765,0.5349445631551263,-1.1545028735175968,-0.1,0.0423983940130618,0.723356562522812,1.7164589360527718,Transit,1,0,70.8878625,23.8821947
CANDIDATE,0.3416177613373961,-0.705113646226343,0.0,-0.1075083535203745,58.958,805.0,89.9995,0.1140406038562525,-0.0175972662140949,0.4918194619963727,-0.0680646725105315,0.028,0.611793437096366,4.287354198695287,2.6781978221216622,Transit,1,0,71.9946922,24.0250298
CANDIDATE,0.2792366074208968,-0.0314379473947389,0.0,-0.1075083535203745,78.0,805.0,88.7,0.2083812168859946,-0.1006149542618633,0.266952863097158,0.4633964388046111,0.024,0.1565852240671271,1.7283034900928604,2.1340289820887364,Transit,1,0,74.8320695,24.7957033
CANDIDATE,-0.2140679200628164,-0.1574195047957842,0.0,-0.1075083535203745,321.73,805.0,90.0133,1.0622847143090446,0.1615162388204736,0.571908935576915,-1.1262836994654684,-0.163,0.193590961952978,1.990869867469668,2.2108334653756216,Transit,1,0,73.272889,24.916703
CANDIDATE,-0.3575942112264888,0.0743053275777895,0.0,-0.1075083535203745,78.0,805.0,88.7,-0.7713097645767114,-0.1063010972788337,0.476417640153961,0.6609306571695355,-0.024,0.1324796891703788,1.5460339333834592,2.0753916590384374,Transit,1,0,75.7580536,24.9899779
CANDIDATE,-0.4941128972380966,-1.1722048012374449,0.0,-0.1075083535203745,78.0,805.0,88.7,-1.557481539824562,-0.215475043204666,-0.7865317509238212,0.7032594182477303,0.079,2.8138354357942994,11.85728570920402,3.453755843058285,Transit,1,0,67.7006996,25.7166832
CANDIDATE,0.9673251893883448,0.7801942095136076,0.0,-0.1075083535203745,78.0,805.0,88.7,0.5555062930338917,0.0210685063013039,0.109854280304556,-0.5713066097735457,0.091,0.0524566626792166,0.8336554485358092,1.7784512283852094,Transit,1,0,66.9226992,25.945608
CANDIDATE,-0.0088136134284946,2.004995454062959,0.0,-0.1075083535203745,78.0,805.0,88.7,0.9377067253082312,0.2394163981529685,0.8029362632130946,-1.394365852960716,0.085,0.0168212397572469,0.3905633515074394,1.4713574200056685,Transit,1,0,72.3833733,27.6961582
CANDIDATE,-0.5450339020567082,0.7318744348572868,0.0,-0.1075083535203745,78.0,805.0,88.7,-0.3310535704379151,-0.1733975848790848,-0.0318424806456343,0.93371600634014,-0.238,0.0554260342108851,0.8648259087428494,1.7948472107862312,Transit,1,0,157.9272674,0.3538401
CANDIDATE,1.0169499358237517,3.72700017695996,0.0,-0.1075083535203745,78.0,805.0,88.7,0.2277331375074801,-0.0869682110211342,0.1036935515675912,0.2282366550368487,-0.152,0.0055910965972085,0.1874062851445348,1.2245918069816442,Transit,1,0,160.5751257,3.9245804
CANDIDATE,-0.4272159006175571,-0.2114116008248034,0.0,-0.1075083535203745,78.0,805.0,88.7,-1.0446556433551948,-0.1591822273366587,-0.2012625209121659,0.670337048520245,0.004,0.2130380047102595,2.1220594445438663,2.2463876244150995,Transit,1,0,153.3500149,3.9601293
CANDIDATE,-0.4271948959037243,0.1987742659461152,0.0,-0.1075083535203745,37.7733,690.0,88.7,-1.1344001752373338,-0.0943601969431958,0.0390058998294608,-0.3784755870839782,,0.1100455111115967,1.3661583559846595,2.0121973476689545,Transit,1,0,153.3500149,3.9601293
CANDIDATE,0.1102544246387599,-0.2282184789661324,0.0,-0.1075083535203745,78.0,805.0,88.7,-1.0446556433551948,-0.1591822273366587,-0.2012625209121659,0.670337048520245,0.004,0.2196206948315903,2.1655505659666403,2.2578100080134007,Transit,1,0,153.3500149,3.9601293
CANDIDATE,-0.6360199469662937,2.0316063444533965,0.0,-0.1075083535203745,78.0,805.0,88.7,-0.6697121813139123,-0.1989852284554517,-0.3213967312829794,0.9478255933662064,-0.413,0.0164799757837906,0.3852629103126244,1.466339763647824,Transit,1,0,159.3178694,5.2068962
CANDIDATE,-0.6747484269467088,0.4343226630968412,0.0,-0.1075083535203745,95.4633,870.0,88.7,-0.5776696088579713,-0.0773017678922845,0.0390058998294608,-0.2373797168233233,,0.0797097296957413,1.1018615941532823,1.906896286342088,Transit,1,0,154.2501533,6.8664785
CANDIDATE,-0.6747606085422649,0.2591809871324084,0.0,-0.1075083535203745,78.0,805.0,88.7,-0.5971424789833415,-0.1176733833127745,0.0082022561446368,0.4351772647524826,0.072,0.1009701772625591,1.2899758129535073,1.983538814721859,Transit,1,0,154.2501533,6.8664785
CANDIDATE,0.556300850625593,-0.0909623074786124,0.0,-0.1075083535203745,78.0,805.0,88.7,0.9098883394148458,0.0108334488707571,-0.0133602944347399,-0.604228979501031,-0.074,0.1727714966734735,1.845444059976932,2.1693045781865616,Transit,1,0,159.1314923,9.2415816
CANDIDATE,-0.0537435501672036,-0.2212156130739122,0.0,-0.1075083535203745,78.0,805.0,88.7,-0.1847046707379306,-0.1387121124755651,0.3870870734679715,0.8819808539112315,-0.114,0.2168454031661472,2.1472682453382808,2.253029545296665,Transit,1,0,158.8611011,9.2538391
CANDIDATE,0.7509168673986647,-0.0727548561588392,0.0,-0.1075083535203745,78.0,805.0,88.7,-0.1847046707379306,-0.1387121124755651,0.3870870734679715,0.8819808539112315,-0.114,0.1675926857092311,1.8083793063539213,2.158329236508578,Transit,1,0,158.8611011,9.2538391
CANDIDATE,-0.882347975342318,1.666757031468712,0.0,-0.1075083535203745,78.0,873.0,88.26,-0.5523911625461562,-0.2262787149369098,-0.74648701413355,0.8678712668851652,,0.022112664983856,0.468684091299661,1.5399810070180362,Transit,1,0,160.7500654,10.0992036
CANDIDATE,0.7647858985561197,-0.9803262757906054,0.0,-0.1075083535203745,78.0,417.0,89.49,-1.5332916390477052,-0.2859832166150993,-1.0760860015611664,1.2629397036150056,,1.3660378340025503,7.32421875,3.061862178478973,Transit,1,0,154.3844246,10.2604619
CANDIDATE,-0.7893048346373583,2.30401782766077,0.0,-0.1075083535203745,78.0,805.0,88.7,1.3259546327767853,0.4230788176011135,2.1521358566083846,-1.5683840929488604,-0.184,0.013463861743834,0.3366918343812867,1.417762410016672,Transit,1,0,154.7816362,11.3463588
CANDIDATE,0.4060596541432671,-0.2765382536224533,0.0,-0.1075083535203745,78.0,805.0,88.7,0.9885055169396308,0.1364972095458037,0.2084259400959927,-1.253269982700057,-0.148,0.2401231453637205,2.2983112200680877,2.291645945135413,Transit,1,0,161.4732113,12.3015708
CANDIDATE,2.202252768215016,0.6842549467901878,0.0,-0.1075083535203745,78.0,805.0,88.7,0.2712749589058226,0.4230788176011135,-0.5216204152343353,-3.223908970673915,-0.442,0.0585757362088113,0.8972868960446023,1.811457473647977,Transit,1,0,162.690781,12.3893543
CANDIDATE,-0.3197532800213649,-0.3570712113829882,0.0,-0.1075083535203745,78.0,805.0,88.7,0.2422470779735943,-0.0574002673328879,0.0051218917761544,-0.0915806508873073,0.125,0.2803583111668351,2.548365860392024,2.3515854050088616,Transit,1,0,233.20237,-25.443527
CANDIDATE,2.096249775998507,-0.0902620208893902,0.0,-0.1075083535203745,78.0,805.0,88.7,0.2422470779735943,-0.0574002673328879,0.0051218917761544,-0.0915806508873073,0.125,0.172568395405083,1.8439975038420453,2.168879349410902,Transit,1,0,233.20237,-25.443527
CANDIDATE,0.946509233363232,0.0631007421502368,0.0,-0.1075083535203745,78.0,805.0,88.7,-1.501844768037791,-0.1802209564994493,-0.6848797267639021,0.40695809070035,-0.244,0.1347886518534765,1.5639458353425693,2.081376939407881,Transit,1,0,236.8723452,-25.1948121
CANDIDATE,-0.2256678728928817,-0.3017485708344468,0.0,-0.1075083535203745,78.0,805.0,88.7,1.4952839382147838,0.2161032117833897,0.6150340367356686,-1.394365852960716,-0.097,0.2518397447120323,2.372478771751923,2.309914448127912,Transit,1,0,229.9787393,-23.4024701
CANDIDATE,-0.9596498761148532,-0.0559479780175102,0.0,-0.1075083535203745,78.0,805.0,88.7,-1.9554054076038587,-0.2495919013064886,-1.6336319522564802,-0.1574253903422821,,0.1629943659338937,1.7751479289940826,2.1483446221182985,Transit,1,0,232.9330474,-23.1722821
CANDIDATE,1.0566937005627666,0.116322522931112,0.0,-0.1075083535203745,78.0,805.0,88.7,0.3994814330231644,-0.1324573551568977,-0.6232724393942541,0.0307024366719285,-0.411,0.1242761954672778,1.4815334266040932,2.053398191319757,Transit,1,0,233.0555558,-23.0298765
CANDIDATE,0.662165177576799,-0.6371858470718049,0.0,-0.1075083535203745,78.0,805.0,88.7,0.845785102356175,0.0637145789285822,-0.0503246668565287,-0.9804846335294524,-0.235,0.5166219301612963,3.8303169587283343,2.603778219616477,Transit,1,0,232.4182876,-22.8049652
CANDIDATE,-0.1776820633698778,-0.4817222242645116,0.0,-0.1075083535203745,78.0,805.0,88.7,0.457537194887621,-0.0773017678922845,-0.0934497680152822,-0.0069231287309135,0.107,0.3624304134539122,3.0241447718585186,2.45440346836908,Transit,1,0,230.5333707,-22.0292743
CANDIDATE,-0.1922815348739549,-0.1939044360942524,0.0,-0.1075083535203745,78.0,805.0,88.7,-0.2850927589618869,-0.1426924125874444,0.3901674378364539,0.9196064193140736,-0.074,0.2064578138414264,2.0781347493743514,2.2346717438466364,Transit,1,0,231.0747251,-20.9992293
CANDIDATE,1.1403439203203949,-0.253428796178126,0.0,-0.1075083535203745,78.0,805.0,88.7,-0.2850927589618869,-0.1426924125874444,0.3901674378364539,0.9196064193140736,-0.074,0.2300129785285735,2.233337626304548,2.2752750642007973,Transit,1,0,231.0747251,-20.9992293
CANDIDATE,0.2035570219443979,-0.2324201985014649,0.0,-0.1075083535203745,78.0,805.0,88.7,-0.5560196476626847,-0.1802209564994493,-0.1427355979110006,0.9196064193140736,-0.302,0.2213086347443893,2.176632256529172,2.260692933224345,Transit,1,0,236.2746666,-20.5129632
CANDIDATE,1.705078136438429,-0.1329795028319347,0.0,-0.1075083535203745,78.0,805.0,88.7,-0.3129111448552724,-0.1392807267772622,0.4117299884158303,0.9102000279633642,-0.028,0.1855643716884029,1.9354526539894517,2.195285199793807,Transit,1,0,236.5195393,-19.8817214
CANDIDATE,0.0914268010098063,-0.0545474048390662,0.0,-0.1075083535203745,78.0,805.0,88.7,0.2894173844884653,-0.0744586963837993,-0.0102799300662575,0.0495152193733475,0.08,0.1626188030266131,1.7724200801015717,2.147518812123491,Transit,1,0,232.6377985,-19.1889985
CANDIDATE,0.0798133004239355,2.542115267996264,0.0,-0.1075083535203745,78.0,805.0,88.7,1.4662560572825554,0.7676590844295216,4.450087675496251,-1.9681557253540576,-0.069,0.0114026175741311,0.3013856203897419,1.379037078783334,Transit,1,0,227.5096887,-18.8126177
CANDIDATE,1.5747753657144203,2.2017759856343524,0.0,-0.1075083535203745,78.0,805.0,88.7,1.4662560572825554,0.7676590844295216,4.450087675496251,-1.9681557253540576,-0.069,0.014502021272077,0.3537842651853641,1.4354231294080364,Transit,1,0,227.5096887,-18.8126177
CANDIDATE,-0.8888695689856962,2.141551338961257,0.0,-0.1075083535203745,78.0,805.0,88.7,0.204752731769466,0.560683478611798,0.5811500286823627,-2.8993884690744016,-0.102,0.0151639032560713,0.3644686332827166,1.4461400408591931,Transit,1,0,236.8409339,-17.6108162
CANDIDATE,0.9987815983617696,-0.523039133028612,0.0,-0.1075083535203745,78.0,805.0,88.7,-1.0156277624229666,-0.2103575144893926,-0.4168880267059338,1.013670332821177,-0.29,0.396640516228682,3.2115710764838328,2.491579196181259,Transit,1,0,229.4212195,-17.5227493
CANDIDATE,2.206835097384522,2.3600407547985336,0.0,-0.1075083535203745,78.0,805.0,88.7,1.2062146239313434,0.1780060535696878,0.5010605551018202,-1.2626763740507707,-0.197,0.0129367895348977,0.3278464585752339,1.408357580439061,Transit,1,0,234.5423454,-17.0637715
CANDIDATE,-0.8283718946662235,-0.8976924582624045,0.0,-0.1075083535203745,78.0,805.0,88.7,-0.924915634509753,-0.1779464992926611,-0.2536287151763666,0.8020265274301904,-0.324,1.0485064888637734,6.139979246870146,2.929793676545238,Transit,1,0,234.295942,-16.8373887
CANDIDATE,-0.9907455049357768,-0.8731824276396329,0.0,-0.1075083535203745,78.0,805.0,88.7,-1.84534135906916,-0.3485307898017741,-1.4888548269378077,1.6627113360202028,-0.095,0.9735405949383352,5.843712822420767,2.8937934401973058,Transit,1,0,233.0616398,-16.6228989
CANDIDATE,-0.8879264630269339,-0.0559479780175102,0.0,-0.1075083535203745,78.0,805.0,88.7,0.2011242466529375,-0.0812820680041638,0.0390058998294608,0.0495152193733475,,0.1629943659338937,1.7751479289940826,2.1483446221182985,Transit,1,0,236.6759133,-15.4472232
CANDIDATE,3.011913901526737,-0.1609909664008164,0.0,-0.1075083535203745,78.0,805.0,88.7,-1.2454318198031076,-0.189887399628299,-0.6848797267639021,0.5010220042074532,-0.183,0.1948024361042841,1.9991670137442727,2.2131333406899523,Transit,1,0,231.0235725,-14.9437223
CANDIDATE,0.9580975738311782,-0.4270998703051925,0.0,-0.1075083535203745,78.0,407.0,89.57,-1.1414152464626226,-0.2444743725912152,-0.8142550302401628,1.013670332821177,,0.3229844399836745,2.800532101099209,2.407717061715384,Transit,1,0,231.1595105,-14.2891781
CANDIDATE,1.436522908499771,0.7248715689650662,0.0,-0.1075083535203745,78.0,805.0,88.7,0.3305402158091221,-0.0210089520242772,0.7844540770022009,0.1717983069325876,0.119,0.0558748258393523,0.8694880345766409,1.797261263270374,Transit,1,0,236.4460428,-14.2076757
FALSE POSITIVE,-0.7077171753161015,-0.0559479780175102,0.0,-0.1075083535203745,78.0,805.0,88.7,0.0209094858653533,0.0066768783253517,0.0082022561446368,-0.5555038723043529,,0.1629943659338937,1.7751479289940826,2.1483446221182985,Transit,1,2,140.5973449,14.5366841
FALSE POSITIVE,-1.0244739522504644,-0.0559479780175102,0.0,-0.1075083535203745,78.0,805.0,88.7,-0.3504054910594007,-0.0559349482774147,-0.2690305370187786,-0.3107495693588656,,0.1629943659338937,1.7751479289940826,2.1483446221182985,Transit,1,2,139.7384159,15.1904093
CANDIDATE,1.3001605339900204,-0.0559479780175102,0.0,-0.1075083535203745,78.0,805.0,88.7,-2.5879713129186674,-0.3314723607508628,0.0390058998294608,-1.328521113505741,,0.1629943659338937,1.7751479289940826,2.1483446221182985,Transit,1,0,139.7986584,15.3540233
FALSE POSITIVE,-0.9353650115234085,-0.0559479780175102,0.0,-0.1075083535203745,78.0,805.0,88.7,-2.065469456138558,-0.2444061388750115,-0.9215964873886688,0.898489070731726,,0.1629943659338937,1.7751479289940826,2.1483446221182985,Transit,1,2,140.514907,15.8078269
CANDIDATE,1.1472560081016965,-0.0559479780175102,0.0,-0.1075083535203745,78.0,805.0,88.7,0.6268665003256196,-0.0824192966075579,0.0390058998294608,0.2094238723354297,,0.1629943659338937,1.7751479289940826,2.1483446221182985,Transit,1,0,140.3346059,15.8487794
CANDIDATE,-0.3016238781264878,-0.0559479780175102,0.0,-0.1075083535203745,78.0,805.0,88.7,0.2906268795273082,0.0142451346809393,0.0390058998294608,-0.64655774057923,,0.1629943659338937,1.7751479289940826,2.1483446221182985,Transit,1,0,139.3244438,15.9798204
CANDIDATE,-0.5819631489888034,-1.0993749959583523,0.0,-0.1075083535203745,78.0,805.0,88.7,-0.4991733808370709,-0.1915932425333901,-0.5000578646549585,0.7220722009491535,-0.319,2.0947090082442674,9.739469198928656,3.287979746107146,Transit,1,0,139.3005504,17.0846276
FALSE POSITIVE,-1.0139323182268518,-0.0559479780175102,0.0,-0.1075083535203745,78.0,805.0,88.7,0.014862010671139,0.1385442210319131,0.0082022561446368,-1.3941306931769488,,0.1629943659338937,1.7751479289940826,2.1483446221182985,Transit,1,2,140.8619176,17.3896491
FALSE POSITIVE,-0.7627809472440087,-0.0559479780175102,0.0,-0.1075083535203745,78.0,805.0,88.7,0.9902592847459528,0.8069844495348892,0.6550787735259401,-3.6612591365252,-0.408,0.1629943659338937,1.7751479289940826,2.1483446221182985,Transit,1,2,139.9816627,17.5099047
FALSE POSITIVE,-1.0032967606861003,-0.0559479780175102,0.0,-0.1075083535203745,78.0,805.0,88.7,0.1999147516140946,0.4227603935921632,0.1314168308839327,-2.6768802816733444,,0.1629943659338937,1.7751479289940826,2.1483446221182985,Transit,1,2,140.2393372,18.0478072
FALSE POSITIVE,-1.0204978566915823,-0.0559479780175102,0.0,-0.1075083535203745,78.0,805.0,88.7,0.081589851964099,0.0170654616173567,0.0390058998294608,-0.604887426895581,-0.1545,0.1629943659338937,1.7751479289940826,2.1483446221182985,Transit,1,2,139.8120865,18.088564
FALSE POSITIVE,0.2100616524313474,-0.0559479780175102,0.0,-0.1075083535203745,78.0,805.0,88.7,1.067122694464416,0.3922599224491337,0.7474897045804121,-2.1438671157853326,,0.1629943659338937,1.7751479289940826,2.1483446221182985,Transit,1,2,139.4047224,19.1600695
FALSE POSITIVE,-0.3991084058019011,-0.0559479780175102,0.0,-0.1075083535203745,78.0,805.0,88.7,-0.229455987175116,0.9446289135466924,0.0390058998294608,0.0495152193733475,,0.1629943659338937,1.7751479289940826,2.1483446221182985,Transit,1,2,139.1099983,19.423595
FALSE POSITIVE,-0.7537966220579035,-0.0559479780175102,0.0,-0.1075083535203745,78.0,805.0,88.7,1.186197481038494,0.1179660694534971,0.8707042793197074,-0.7041718876023314,-0.082,0.1629943659338937,1.7751479289940826,2.1483446221182985,Transit,1,2,140.4054055,20.727007
FALSE POSITIVE,-1.0199600449401105,-0.0559479780175102,0.0,-0.1075083535203745,78.0,805.0,88.7,1.1545208059712004,0.1309930231053764,0.8399006356348834,-0.7984239289364501,-0.556,0.1629943659338937,1.7751479289940826,2.1483446221182985,Transit,1,2,140.4590282,20.727052
FALSE POSITIVE,-1.025798558458842,-0.0559479780175102,0.0,-0.1075083535203745,78.0,805.0,88.7,2.8027480752039016,0.5316272877950791,2.564904681985025,-1.8246612252989705,,0.1629943659338937,1.7751479289940826,2.1483446221182985,Transit,1,2,141.1568825,20.8291125
FALSE POSITIVE,-1.0246022574672105,-0.0559479780175102,0.0,-0.1075083535203745,78.0,805.0,88.7,2.229447426792392,0.1959913239323653,2.041242739343018,-0.5586550134068387,,0.1629943659338937,1.7751479289940826,2.1483446221182985,Transit,1,2,139.6565309,21.3558369
FALSE POSITIVE,-0.9930127617161671,-0.0559479780175102,0.0,-0.1075083535203745,78.0,805.0,88.7,0.4368548297234079,0.3296384294032383,0.2854350493080523,-2.166066199373009,-0.106,0.1629943659338937,1.7751479289940826,2.1483446221182985,Transit,1,2,140.7023884,21.6148163
FALSE POSITIVE,-0.4883712672503775,-0.0559479780175102,0.0,-0.1075083535203745,78.0,805.0,88.7,0.408141417501279,-0.0055358196464973,0.2546314056232284,-0.2886915816414491,-0.445,0.1629943659338937,1.7751479289940826,2.1483446221182985,Transit,1,2,139.5721481,21.6537781
CANDIDATE,2.4382188126402102,-0.0559479780175102,0.0,-0.1075083535203745,78.0,805.0,88.7,1.887160330799866,0.4293335749197809,0.0390058998294608,-1.794137485365913,,0.1629943659338937,1.7751479289940826,2.1483446221182985,Transit,1,0,137.2848381,23.5200298
FALSE POSITIVE,-0.9303005416325892,-0.0559479780175102,0.0,-0.1075083535203745,78.0,805.0,88.7,1.692431629546168,0.0318039443173441,1.455973509331363,0.1530795881446722,,0.1629943659338937,1.7751479289940826,2.1483446221182985,Transit,1,2,136.2675399,23.7352853
FALSE POSITIVE,-1.0146087952436271,-0.0559479780175102,0.0,-0.1075083535203745,78.0,805.0,88.7,0.654068043749195,0.0239911838120268,0.4394532677321723,-0.3711856337871778,-0.201,0.1629943659338937,1.7751479289940826,2.1483446221182985,Transit,1,2,136.6576761,24.2037699
FALSE POSITIVE,-0.1630862349597988,-0.0559479780175102,0.0,-0.1075083535203745,78.0,805.0,88.7,0.7133574905532719,0.1336882548954203,0.4640961826800314,-1.0452476379790947,-0.1157,0.1629943659338937,1.7751479289940826,2.1483446221182985,Transit,1,2,136.196376,24.4027825
FALSE POSITIVE,-1.0047931615458268,-0.0559479780175102,0.0,-0.1075083535203745,78.0,805.0,88.7,0.7553995381034495,0.3304515478546651,0.5010605551018202,-2.0260050321609304,-0.279,0.1629943659338937,1.7751479289940826,2.1483446221182985,Transit,1,2,136.3026696,24.412541
FALSE POSITIVE,1.9105673087889417,-0.0559479780175102,0.0,-0.1075083535203745,78.0,805.0,88.7,1.0416628238967738,0.1755553259293736,0.7166860608955882,-1.1224741109684286,-0.3396,0.1629943659338937,1.7751479289940826,2.1483446221182985,Transit,1,2,136.0728142,24.4257827
CANDIDATE,0.2425697771033534,-0.0524465450714,0.0,-0.1075083535203745,78.0,805.0,88.7,1.0888936051635871,0.0512050642912473,0.0698095435142848,-0.8205759805673745,-0.278,0.1620576190028629,1.768340081269963,2.146281880766889,Transit,1,0,135.273,24.7573387
FALSE POSITIVE,-1.0068865744344944,-0.0559479780175102,0.0,-0.1075083535203745,78.0,805.0,88.7,-0.869278862722982,0.0879773511819951,-0.5462633301821945,-1.566032495111184,,0.1629943659338937,1.7751479289940826,2.1483446221182985,Transit,1,2,137.3018782,25.0710794
FALSE POSITIVE,-0.6978787722808129,-0.0559479780175102,0.0,-0.1075083535203745,78.0,805.0,88.7,-0.497963885798228,1.575301780130951,0.0390058998294608,0.0495152193733475,,0.1629943659338937,1.7751479289940826,2.1483446221182985,Transit,1,2,133.6422031,25.4182681
CANDIDATE,0.1672200054803714,-0.0069279167719674,0.0,-0.1075083535203745,78.0,805.0,88.7,-0.2173610367866875,-0.175672042085873,-0.1365748691740358,0.8819808539112315,-0.387,0.1505077462903998,1.6832891469932247,2.11999576001272,Transit,1,0,207.2171095,-1.6609545
FALSE POSITIVE,-0.0021051973710255,-0.0559479780175102,0.0,-0.1075083535203745,78.0,805.0,88.7,0.2011242466529375,-0.0812820680041638,0.0390058998294608,0.0495152193733475,,0.1629943659338937,1.7751479289940826,2.1483446221182985,Transit,1,2,131.65,19.0138889
FALSE POSITIVE,-0.2599953814768846,-0.0559479780175102,0.0,-0.1075083535203745,78.0,805.0,88.7,0.2011242466529375,-0.0812820680041638,0.0390058998294608,0.0495152193733475,,0.1629943659338937,1.7751479289940826,2.1483446221182985,Transit,1,2,130.2001583,19.6859
CONFIRMED,-0.4278720446159554,-0.0559479780175102,0.0,-0.1075083535203745,78.0,805.0,88.57,-2.1428771386245,-0.3972610354572107,-1.7784090775751524,2.0954053381528897,0.04,0.1629943659338937,1.7751479289940826,2.1483446221182985,Transit,1,1,134.7188514,21.0747961
CONFIRMED,-0.4278726252340614,-0.4335355040601429,0.0,-0.1075083535203745,3.9983,393.0,88.7,-2.0642599610997148,-0.3900396338256582,0.0390058998294608,2.0201542073472054,,0.3273246992386587,2.825565244088527,2.413079590620681,Transit,1,1,134.7188514,21.0747961
CONFIRMED,-0.4278820175857753,-0.0559479780175102,0.0,-0.1075083535203745,78.0,805.0,88.7,-2.0920783469931004,-0.3974316197477199,0.0390058998294608,2.1753596646339264,,0.1629943659338937,1.7751479289940826,2.1483446221182985,Transit,1,1,134.7188514,21.0747961
CONFIRMED,-0.9443993154053,-0.6511915788562458,0.0,-0.1075083535203745,78.0,1043.5,85.08,-1.0458651383940378,-0.2018282999639369,-0.6417546256051485,1.0324831155226002,-0.28,0.5345378846701558,3.918367346938776,2.6186146828319083,Transit,1,1,351.7717763,-1.2853435
CONFIRMED,-0.9443972092415824,-0.6956947916013065,0.0,-0.1075083535203745,325.749,1183.0,88.7,-1.1135968605692372,-0.2137692002995748,0.0390058998294608,0.8124205898727247,,0.5972720990278256,4.219240746731037,2.667496683657649,Transit,1,1,351.7717763,-1.2853435
CONFIRMED,-0.944397277549595,-0.0559479780175102,0.0,-0.1075083535203745,78.0,805.0,86.1,-1.0458651383940378,-0.2018282999639369,-0.6417546256051485,1.0324831155226002,-0.28,0.1629943659338937,1.7751479289940826,2.1483446221182985,Transit,1,1,351.7717763,-1.2853435
CONFIRMED,-0.6667200723950468,-0.924303348652842,0.0,-0.1075083535203745,78.0,721.9,87.81,-1.0458651383940378,-0.2018282999639369,-0.6417546256051485,1.0324831155226002,-0.28,1.1388746118612751,6.4878892733564,2.9704426289300225,Transit,1,1,351.7717763,-1.2853435
CONFIRMED,-0.6667093138830836,-0.0559479780175102,0.0,-0.1075083535203745,78.0,805.0,88.19,-1.0458651383940378,-0.2018282999639369,-0.6417546256051485,1.0324831155226002,-0.28,0.1629943659338937,1.7751479289940826,2.1483446221182985,Transit,1,1,351.7717763,-1.2853435
CONFIRMED,-0.3760250791497101,-0.406091272628531,0.0,-0.1075083535203745,78.0,604.9,87.39,-1.0458651383940378,-0.2018282999639369,-0.6417546256051485,1.0324831155226002,-0.28,0.3093390536285623,2.7210884353741496,2.390457218668787,Transit,1,1,351.7717763,-1.2853435
CONFIRMED,-0.6494343917161967,-0.0559479780175102,0.0,-0.1075083535203745,78.0,805.0,87.04,-0.8825833081502534,-0.2211611862216364,-0.6848797267639021,0.8772776582358747,-0.127,0.1629943659338937,1.7751479289940826,2.1483446221182985,Transit,1,1,99.8979924,25.4824005
CONFIRMED,-0.6494343165773829,-0.0559479780175102,0.0,-0.1075083535203745,78.0,805.0,88.7,0.2011242466529375,-0.0812820680041638,0.0390058998294608,0.0495152193733475,,0.1629943659338937,1.7751479289940826,2.1483446221182985,Transit,1,1,99.8979924,25.4824005
CONFIRMED,-0.6494343996854648,-0.0559479780175102,0.0,-0.1075083535203745,78.0,805.0,88.7,0.2011242466529375,-0.0812820680041638,0.0390058998294608,0.0495152193733475,,0.1629943659338937,1.7751479289940826,2.1483446221182985,Transit,1,1,99.8979924,25.4824005
CONFIRMED,-0.649434342762121,-0.0559479780175102,0.0,-0.1075083535203745,78.0,805.0,88.7,-0.8825833081502534,-0.2211611862216364,-0.6848797267639021,0.8772776582358747,-0.127,0.1629943659338937,1.7751479289940826,2.1483446221182985,Transit,1,1,99.8979924,25.4824005
CONFIRMED,-0.7643090544061875,-0.0559479780175102,0.0,-0.1075083535203745,78.0,805.0,88.7,1.7492778963717817,0.2399850124546655,1.3204374771181375,-1.130986895140821,-0.077,0.1629943659338937,1.7751479289940826,2.1483446221182985,Transit,1,1,100.8480137,27.2521823
CONFIRMED,-0.7643088836361562,-0.0559479780175102,0.0,-0.1075083535203745,78.0,805.0,82.13,1.7492778963717817,0.2399850124546655,1.3204374771181375,-1.130986895140821,-0.077,0.1629943659338937,1.7751479289940826,2.1483446221182985,Transit,1,1,100.8480137,27.2521823
CONFIRMED,-0.7643089075439606,-0.0559479780175102,0.0,-0.1075083535203745,78.0,805.0,88.7,0.2011242466529375,-0.0812820680041638,0.0390058998294608,0.0495152193733475,,0.1629943659338937,1.7751479289940826,2.1483446221182985,Transit,1,1,100.8480137,27.2521823
CONFIRMED,-0.7643079728626567,-0.0559479780175102,0.0,-0.1075083535203745,78.0,805.0,82.6,1.7516968864494673,-0.0812820680041638,0.0390058998294608,-1.0369229816337178,,0.1629943659338937,1.7751479289940826,2.1483446221182985,Transit,1,1,100.8480137,27.2521823
CONFIRMED,-0.6700063025667103,-0.0559479780175102,0.0,-0.1075083535203745,78.0,805.0,88.3,1.1372734067173011,0.2490828412818182,0.4086496240473483,-1.7047767675341627,-0.39,0.1629943659338937,1.7751479289940826,2.1483446221182985,Transit,1,1,289.4007603,-22.3900092
CONFIRMED,-0.7242488527994296,3.5575308223682245,0.0,-0.1075083535203745,78.0,1446.0,88.7,1.4964934332536266,0.0932825226168284,0.9015079230045312,-0.5666034140981889,-0.1,0.0061306634118402,0.1992772877032628,1.2435400084345174,Transit,1,1,289.202402,-19.3559227
CONFIRMED,-0.7242324588764381,4.317377514301653,0.0,-0.1075083535203745,78.0,805.0,83.11682,1.3489350385147991,0.164143236894314,1.0689719318970767,-1.2250508086479286,0.14,0.0041399167386933,0.1533841766340855,1.164770737551756,Transit,1,1,289.202402,-19.3559227
CONFIRMED,-0.7242468035590557,3.585542285937107,0.0,-0.1075083535203745,78.0,805.0,88.7,0.2011242466529375,0.1217132377016805,0.0390058998294608,0.0495152193733475,,0.0060368283679219,0.1972386587771203,1.2403473458920846,Transit,1,1,289.202402,-19.3559227
CONFIRMED,-0.7242364435104985,2.107937582678599,0.0,-0.1075083535203745,78.0,805.0,88.7,0.2011242466529375,-0.1045952543737426,0.0390058998294608,0.0495152193733475,,0.0155509110612089,0.3706437773542829,1.4522269427144885,Transit,1,1,289.202402,-19.3559227
CONFIRMED,-0.7241875737212939,-0.0559479780175102,0.0,-0.1075083535203745,566.4817,1244.27,88.7,0.7986147958413039,-0.0812820680041638,0.0390058998294608,-0.1997541514204811,,0.1629943659338937,1.7751479289940826,2.1483446221182985,Transit,1,1,289.202402,-19.3559227
CONFIRMED,0.0054398779924487,-0.3150540160296657,0.0,-0.1075083535203745,240.0,805.0,88.4,1.415457265651156,0.0989686656337988,0.6242751298411162,-0.8958271113730587,-0.24,0.2583319056239181,2.4130788875706326,2.319734019081177,Transit,1,1,183.4724742,-0.3934357
CONFIRMED,0.0061161273158491,-0.2520282229996821,0.0,-0.1075083535203745,78.0,1046.0,88.7,1.3997338301461988,0.1615162388204736,0.6550787735259401,-1.0839549383872695,-0.22,0.2294186300411844,2.2294887039239004,2.27429413073671,Transit,1,1,183.4724742,-0.3934357
CONFIRMED,0.0056391096954708,-0.1960052958619187,0.0,6.210881733882587,78.0,1146.0,87.62,1.3719154442528134,0.1563987101052002,0.4918194619963727,-1.1592060691929538,-0.278,0.2072329988175721,2.083333333333333,2.23606797749979,Transit,1,1,183.4724742,-0.3934357
CONFIRMED,0.0057148177426191,-0.2453849262595635,0.0,-0.1075083535203745,78.0,805.0,88.50403,1.452951611855284,0.1521881212011336,0.7757428065681325,-1.3661466789085834,-0.23,0.2266271934713311,2.2113670554135,2.2696585184968203,Transit,1,1,183.4724742,-0.3934357
CONFIRMED,0.0055275399417785,-0.0559479780175102,0.0,-2.213638382654695,78.0,805.0,88.7,1.5049598985255266,0.1495753384848356,0.0390058998294608,0.0495152193733475,,0.1629943659338937,1.7751479289940826,2.1483446221182985,Transit,1,1,183.4724742,-0.3934357
CONFIRMED,1.3151799859240676,1.1898618642085017,0.0,-0.1075083535203745,97.0,799.0,88.7,1.5049598985255266,0.1495753384848356,0.8830257367936369,-0.8911239156977019,-0.22,0.0341167616329963,0.6257939434723462,1.6554007606816554,Transit,1,1,183.4724742,-0.3934357
CONFIRMED,1.315190687512687,-0.0559479780175102,0.0,-0.1075083535203745,78.0,805.0,89.4,1.415457265651156,0.0989686656337988,0.6242751298411162,-0.8958271113730587,-0.24,0.1629943659338937,1.7751479289940826,2.1483446221182985,Transit,1,1,183.4724742,-0.3934357
CONFIRMED,1.31529201106451,1.130375221560324,0.0,-0.1075083535203745,78.0,805.0,89.25565,1.452951611855284,0.1521881212011336,0.7757428065681325,-1.3661466789085834,-0.23,0.0361818004744043,0.6507980921843272,1.671694367946709,Transit,1,1,183.4724742,-0.3934357
CONFIRMED,1.3153029403465042,0.8894389174322462,0.0,-0.1075083535203745,83.0,805.0,89.42,1.415457265651156,0.0989686656337988,0.6242751298411162,-0.8958271113730587,-0.24,0.0464837706656733,0.7691075148213427,1.7429786813223802,Transit,1,1,183.4724742,-0.3934357
CONFIRMED,1.315215278397175,0.95946757635445,0.0,-0.1075083535203745,78.0,805.0,88.7,1.6670322337304682,0.1346207823502034,1.425169865646539,-0.5045682631402538,,0.0431248469825115,0.7315957933241883,1.721325931647741,Transit,1,1,183.4724742,-0.3934357
CONFIRMED,1.3151242010472215,1.4748785060218728,0.0,-0.1075083535203745,78.0,805.0,88.304,1.359820493864385,0.166633767535747,0.4825783688909258,0.0495152193733475,-0.27,0.026132114589905,0.5238848717590955,1.5834497138333856,Transit,1,1,183.4724742,-0.3934357
CONFIRMED,1.3151799859240676,-0.0559479780175102,0.0,-2.213638382654695,78.0,805.0,88.89,1.5049598985255266,0.1495753384848356,0.0390058998294608,0.0495152193733475,,0.1629943659338937,1.7751479289940826,2.1483446221182985,Transit,1,1,183.4724742,-0.3934357
CONFIRMED,1.3153348174189876,1.1415420895521808,0.0,-0.1075083535203745,78.0,804.0,88.7,1.3997338301461988,0.1615162388204736,0.6550787735259401,-1.0839549383872695,-0.22,0.0357816881417047,0.6459913544823727,1.668599034465448,Transit,1,1,183.4724742,-0.3934357
CONFIRMED,1.3153484790214804,1.204567882582165,0.0,2.678018459205662,78.0,874.0,88.48,1.3719154442528134,0.1563987101052002,0.4918194619963727,-1.1592060691929538,-0.278,0.0336305993573219,0.6198347107438016,1.651445647689541,Transit,1,1,183.4724742,-0.3934357
CONFIRMED,-0.3111279134407618,-0.0559479780175102,0.0,-0.1075083535203745,78.0,805.0,88.7,0.2011242466529375,-0.0812820680041638,0.0390058998294608,0.0495152193733475,,0.1629943659338937,1.7751479289940826,2.1483446221182985,Transit,1,1,8.7401487,4.3807215
CONFIRMED,-0.9727845961383124,-0.7863468905760999,0.0,-0.1075083535203745,78.0,1860.0,88.4,0.3027218299157366,-0.1011835685635603,0.048246992934908,0.1859078939586498,0.0,0.7589738259702813,4.949986573161421,2.77617166155343,Transit,1,1,8.7401487,4.3807215
CONFIRMED,-0.9727845961383124,-0.6161772493951436,0.0,-0.1075083535203745,78.0,805.0,88.7,0.2011242466529375,-0.071615624875314,0.0390058998294608,0.0495152193733475,,0.4912189601601708,3.7037037037037033,2.581988897471611,Transit,1,1,8.7401487,4.3807215
CONFIRMED,-0.9727803838108772,-0.7395853096037251,0.0,-0.1075083535203745,78.0,805.0,83.83362,0.2978838497603652,-0.0962843877401385,0.0707952601121991,0.2799718074657572,-0.01,0.6691371604739318,4.551238426779406,2.718489803612413,Transit,1,1,8.7401487,4.3807215
CONFIRMED,-0.9727850515250624,-0.6862059083173478,0.0,-0.1075083535203745,78.0,1669.0,88.7,0.4938220460529064,-0.0773017678922845,0.2238277619384044,0.2329398507122056,-0.02,0.5831038012729731,4.152249134948097,2.6568446566202857,Transit,1,1,8.7401487,4.3807215
CONFIRMED,-0.9727852792184372,-0.756234567239552,0.0,-0.1075083535203745,78.0,805.0,90.2,0.3849674925570502,-0.1000463399601662,0.0390058998294608,0.5621635479870712,-0.1,0.6994113710093056,4.687499999999999,2.7386127875258306,Transit,1,1,8.7401487,4.3807215
CONFIRMED,-0.3111279134407618,-0.0559479780175102,0.0,-0.1075083535203745,78.0,805.0,88.7,0.2011242466529375,-0.0812820680041638,0.0390058998294608,0.0495152193733475,,0.1629943659338937,1.7751479289940826,2.1483446221182985,Transit,1,1,8.7401487,4.3807215
CONFIRMED,2.3191598823079507,-0.2660339547841229,0.0,-0.1075083535203745,78.0,805.0,90.0,0.3849674925570502,-0.1000463399601662,0.0390058998294608,0.5621635479870712,-0.1,0.2354556567480987,2.2684310018903595,2.284160962880643,Transit,1,1,8.7401487,4.3807215
CONFIRMED,2.315131303426159,0.2241666576713064,0.0,-0.1075083535203745,78.0,805.0,88.7,0.2011242466529375,-0.071615624875314,0.0390058998294608,0.0495152193733475,,0.1061032953945969,1.3333333333333333,2.0,Transit,1,1,8.7401487,4.3807215
CONFIRMED,2.3149588256946854,0.1261265351802205,0.0,-0.1075083535203745,78.0,531.0,88.7,0.4938220460529064,-0.0773017678922845,0.2238277619384044,0.2329398507122056,-0.02,0.1224600795897023,1.4670644041273413,2.048366225996757,Transit,1,1,8.7401487,4.3807215
CONFIRMED,2.3157648602417686,0.1191236692880002,0.0,-0.1075083535203745,78.0,500.0,89.27,0.3027218299157366,-0.1011835685635603,0.048246992934908,0.1859078939586498,0.0,0.1237536613437491,1.477377654662973,2.051956704170308,Transit,1,1,8.7401487,4.3807215
CONFIRMED,2.3157172723264186,0.1055812751224523,0.0,-0.1075083535203745,78.0,805.0,89.32952,0.2978838497603652,-0.0962843877401385,0.0707952601121991,0.2799718074657572,-0.01,0.1263073891406806,1.497632744306865,2.058953996600549,Transit,1,1,8.7401487,4.3807215
CONFIRMED,-0.3111279134407618,-0.0559479780175102,0.0,-0.1075083535203745,78.0,805.0,89.5,0.2011242466529375,-0.0812820680041638,0.0390058998294608,0.0495152193733475,,0.1629943659338937,1.7751479289940826,2.1483446221182985,Transit,1,1,8.7401487,4.3807215
CONFIRMED,-0.1244478077091498,-0.0559479780175102,0.0,1.047466178585543,78.0,805.0,88.7,0.1708868706818663,-0.071615624875314,-0.0934497680152822,0.0495152193733475,0.04,0.1629943659338937,1.7751479289940826,2.1483446221182985,Radial Velocity,0,1,8.7401487,4.3807215
CONFIRMED,-0.116808694981849,-0.0559479780175102,0.0,9.743745008559513,78.0,859.5,88.7,0.2180571771967373,-0.0767331535905874,-0.0472443024880463,-0.0492518898091125,0.037,0.1629943659338937,1.7751479289940826,2.1483446221182985,Radial Velocity,0,1,8.7401487,4.3807215
CONFIRMED,-0.113313601677406,-0.0559479780175102,0.0,7.569675301066019,88.9,805.0,88.7,0.1708868706818663,-0.0829879109092549,-0.0226013875401871,-0.0492518898091125,0.04,0.1629943659338937,1.7751479289940826,2.1483446221182985,Radial Velocity,0,1,8.7401487,4.3807215
CONFIRMED,-0.113313601677406,-0.0559479780175102,0.0,-0.1075083535203745,88.9,776.0,88.7,0.1708868706818663,-0.0761645392888904,-0.0041192013292927,-0.0492518898091125,0.04,0.1629943659338937,1.7751479289940826,2.1483446221182985,Radial Velocity,0,1,8.7401487,4.3807215
CONFIRMED,0.6952669360605898,0.1564732234295833,0.0,-0.1075083535203745,111.9729,829.66,88.7,1.1394142129360534,0.1249429669353198,0.0390058998294608,-0.7811161688511422,,0.1170580637085535,1.423596939207765,2.0330219747232903,Transit,1,1,129.6894456,23.6852651
CONFIRMED,0.6955017645933143,0.2241666576713064,0.0,-0.1075083535203745,78.0,805.0,88.7,1.6210714222544398,0.245671155471636,0.0390058998294608,-1.0181101989322947,,0.1061032953945969,1.3333333333333333,2.0,Transit,1,1,129.6894456,23.6852651
CONFIRMED,-1.0001113303714972,-0.0559479780175102,0.0,-0.1075083535203745,78.0,805.0,88.7,1.161463307494158,0.1239876949084687,0.0390058998294608,-0.6700737189560059,,0.1629943659338937,1.7751479289940826,2.1483446221182985,Transit,1,1,140.3390845,14.3678691
CONFIRMED,-1.0001142664957818,-0.7486422421137199,0.0,-0.1075083535203745,6635.8567,2301.94,88.7,0.955849150890874,0.1416431689761619,0.0390058998294608,-0.9797321222213948,,0.6853840812764335,4.624614079853663,2.729381137038206,Transit,1,1,140.3390845,14.3678691
CONFIRMED,0.2629693519911199,3.0060503854127925,0.0,-0.1075083535203745,275.6427,1039.22,88.7,0.5917911441991771,0.4435375601761731,0.0390058998294608,-2.58507390209041,,0.0084513937287889,0.246834036186179,1.3118874356336243,Transit,1,1,154.6710977,10.1288464
CONFIRMED,0.2629955122225935,-0.0559479780175102,0.0,3.4389428568283846,78.0,805.0,87.68,0.4587466899264639,0.3701976875432885,0.0390058998294608,0.0495152193733475,,0.1629943659338937,1.7751479289940826,2.1483446221182985,Transit,1,1,154.6710977,10.1288464
CONFIRMED,0.2629971743842301,-0.0559479780175102,0.0,3.221535886079036,78.0,805.0,87.9,0.4587466899264639,0.3701976875432885,0.7782933482652361,-2.052813247510456,0.45,0.1629943659338937,1.7751479289940826,2.1483446221182985,Transit,1,1,154.6710977,10.1288464
CONFIRMED,-0.0459833045644655,-0.0602407348094414,0.0,-0.1075083535203745,28.6373,644.0,88.7,-0.1282212524239699,-0.1341631980619888,0.0390058998294608,0.4680996344799679,,0.1641526952930006,1.7835481301757024,2.150881676991752,Transit,1,1,353.9543517,0.4447043
CONFIRMED,0.6907690667190359,-0.1657739238052032,0.0,-0.1075083535203745,115.206,912.0,88.7,1.4908450914222304,0.1728885248544145,0.0390058998294608,-0.8251851123292235,,0.1964407464758834,2.0103601737348904,2.2162246424186947,Transit,1,1,126.6158279,10.0803708
CONFIRMED,0.6907967086947467,-0.0559479780175102,0.0,-0.1075083535203745,78.0,805.0,88.8,1.3380495831652135,0.1916527968104169,0.9261508379523904,0.0495152193733475,,0.1629943659338937,1.7751479289940826,2.1483446221182985,Transit,1,1,126.6158279,10.0803708
CONFIRMED,0.6906944743694244,0.1541379987491022,0.0,-0.1075083535203745,78.0,805.0,88.4,1.3053932171164568,0.2240638120071483,0.8707042793197074,-1.4131786356621392,-0.11,0.1174623385810864,1.426872770511296,2.034190510862431,Transit,1,1,126.6158279,10.0803708
CONFIRMED,2.52665446405774,-0.0839594415863919,0.0,-0.1075083535203745,78.0,805.0,89.58,1.3053932171164568,0.2240638120071483,0.8707042793197074,-1.4131786356621392,-0.11,0.1707547292503188,1.8310546875,2.165063509461097,Transit,1,1,126.6158279,10.0803708
CONFIRMED,2.5276426533047287,-0.0559479780175102,0.0,-0.1075083535203745,78.0,805.0,87.5,1.3380495831652135,0.1916527968104169,0.9261508379523904,0.0495152193733475,,0.1629943659338937,1.7751479289940826,2.1483446221182985,Transit,1,1,126.6158279,10.0803708
CONFIRMED,2.528956538754981,-0.2661706157120094,0.0,-0.1075083535203745,55.6175,696.5,88.7,1.4908450914222304,0.1722232461214289,0.0390058998294608,-0.8251851123292235,,0.2355156006218705,2.268815993766529,2.2842578720936557,Transit,1,1,126.6158279,10.0803708
CONFIRMED,-0.3111279134407618,-0.0559479780175102,0.0,-0.1075083535203745,78.0,805.0,89.91,1.3380495831652135,0.1916527968104169,0.9261508379523904,0.0495152193733475,,0.1629943659338937,1.7751479289940826,2.1483446221182985,Transit,1,1,126.6158279,10.0803708
CONFIRMED,4.200451232154893,-0.0559479780175102,0.0,-0.1075083535203745,78.0,805.0,88.7,1.3053932171164568,0.1956330969222962,0.8399006356348834,-1.319114722155032,-0.11,0.1629943659338937,1.7751479289940826,2.1483446221182985,Transit,1,1,126.6158279,10.0803708
CONFIRMED,1.116007938566289,0.7386741195985104,0.0,-0.1075083535203745,78.0,805.0,89.50414,0.6268665003256196,-0.0590992868663587,0.2798534290723625,0.2329398507122056,-0.03,0.0549948512901083,0.8603348383753315,1.7925124835776896,Transit,1,1,172.1216476,1.6906217
CONFIRMED,1.1157536050665453,0.2101609258868655,0.0,-0.1075083535203745,78.0,805.0,88.7,0.2011242466529375,-0.1620252988451439,0.0390058998294608,0.0495152193733475,,0.1082539730681351,1.3512904824107022,2.0067001862719533,Transit,1,1,172.1216476,1.6906217
CONFIRMED,1.114302287495046,-0.0559479780175102,0.0,-0.1075083535203745,78.0,805.0,88.7,0.4998695212471207,-0.0210527353255079,0.3254797860983235,-0.1263842988849387,-0.07,0.1629943659338937,1.7751479289940826,2.1483446221182985,Transit,1,1,172.1216476,1.6906217
CONFIRMED,1.1159926831101716,0.8684303197555848,0.0,-0.1075083535203745,78.0,703.0,88.7,0.6377519556752053,-0.0431849097904618,0.2238277619384044,0.0495152193733475,-0.04,0.0475591885020225,0.7809246147438568,1.749635530559413,Transit,1,1,172.1216476,1.6906217
CONFIRMED,1.1160151109075975,0.8054045267256011,0.0,-0.1075083535203745,78.0,805.0,88.7,0.4043194131785358,-0.0829879109092549,0.0390058998294608,0.0495152193733475,,0.0509913270740464,0.8180572503732386,1.770073238295383,Transit,1,1,172.1216476,1.6906217
CONFIRMED,1.1156272352434855,1.1835592849055037,0.0,-0.1075083535203745,54.1,805.0,88.7,0.5579252831115774,0.0421072354640946,0.1622204745687567,-0.6935896973327816,,0.0343279861128588,0.628374238750792,1.6571045299983225,Transit,1,1,172.1216476,1.6906217
CONFIRMED,-0.8914731288807878,0.6443386112045315,0.0,-0.1075083535203745,78.0,805.0,88.7,0.2011242466529375,0.127399380718651,0.0390058998294608,0.0495152193733475,,0.0614023700200213,0.9259259259259258,1.8257418583505536,Transit,1,1,129.6010863,20.1060074
CONFIRMED,-0.8914652734593543,0.5743099522823273,0.0,4.3085707398257815,78.0,805.0,85.1,1.2098431090478718,0.1046548086507692,0.9631152103741794,0.0495152193733475,0.14,0.0668172355837694,0.979591836734694,1.8516401995451028,Transit,1,1,129.6010863,20.1060074
CONFIRMED,-0.8914856520164063,-0.8122574943773153,0.0,-0.1075083535203745,78.0,805.0,88.7,0.2011242466529375,0.1518497956916238,0.0390058998294608,0.0495152193733475,,0.8157589981155338,5.193905817174516,2.809757434745082,Transit,1,1,129.6010863,20.1060074
CONFIRMED,-0.8914670950063535,-0.0559479780175102,0.0,-0.1075083535203745,78.0,805.0,88.7,1.2043882864226905,0.1202462128033022,0.8799453724251549,-0.7123554480774489,0.2808,0.1629943659338937,1.7751479289940826,2.1483446221182985,Transit,1,1,129.6010863,20.1060074
CONFIRMED,-0.8914557103376094,-0.0559479780175102,0.0,-0.1075083535203745,78.0,805.0,88.7,1.2043882864226905,0.1202462128033022,0.8799453724251549,-0.7123554480774489,0.2808,0.1629943659338937,1.7751479289940826,2.1483446221182985,Transit,1,1,129.6010863,20.1060074
CONFIRMED,-0.8914650457659794,1.393645261672116,0.0,-0.1075083535203745,78.0,805.0,76.72,0.2011242466529375,0.3218654718990398,0.0390058998294608,0.0495152193733475,,0.0281282034765438,0.5502340787476673,1.6029950554357946,Transit,1,1,129.6010863,20.1060074
CONFIRMED,-0.891519204912129,-0.0559479780175102,0.0,-0.1075083535203745,78.0,805.0,88.7,1.2043882864226905,0.1202462128033022,0.8799453724251549,-0.7123554480774489,0.2808,0.1629943659338937,1.7751479289940826,2.1483446221182985,Transit,1,1,129.6010863,20.1060074
CONFIRMED,-0.8914668217743035,0.5392956228212253,0.0,-2.213638382654695,990.0,1094.0,87.3,1.2098431090478718,0.1046548086507692,0.9631152103741794,-0.5666034140981889,0.14,0.0697646390364736,1.0081915563957151,1.865009616480628,Transit,1,1,129.6010863,20.1060074
CONFIRMED,-0.891474722734412,0.637335745312311,0.0,-0.1075083535203745,78.0,1748.0,88.7,1.2678988709123284,0.1217132377016805,1.1171334287982992,-0.6136353708517447,0.26,0.0619169123548796,0.9310914719780262,1.828282906008016,Transit,1,1,129.6010863,20.1060074
CONFIRMED,-0.8914667648509599,0.5354370437146118,0.0,-0.1075083535203745,757.167,1461.0,88.7,1.204400381373079,0.1217132377016805,0.0390058998294608,-0.707699284358848,,0.0700999732095136,1.011419656131448,1.8665007075670264,Transit,1,1,129.6010863,20.1060074
CONFIRMED,0.588806573132494,-0.4761199315507353,0.0,-0.1075083535203745,78.0,618.0,88.7,-0.2330844722916445,-0.1398493410789592,-0.145815962279483,0.5151315912335196,0.07,0.3580986219567645,3.0,2.449489742783178,Transit,1,1,130.3439097,18.9338205
CONFIRMED,0.5888529201189513,-0.5181371269040579,0.0,-0.1075083535203745,78.0,805.0,88.7,0.2011242466529375,-0.1842012566113286,0.0390058998294608,0.0495152193733475,,0.3923624583577739,3.1884366032522053,2.487080016869035,Transit,1,1,130.3439097,18.9338205
CONFIRMED,0.588917129650668,-0.3401200882100113,0.0,-0.1075083535203745,78.0,805.0,88.85718,-0.2149420467090018,-0.1343212728378606,-0.1056664931006832,0.8443552885083894,0.14,0.2711817467143896,2.4924500144239623,2.338578355860702,Transit,1,1,130.3439097,18.9338205
CONFIRMED,0.5887593381418745,-0.5811629199340416,0.0,-0.1075083535203745,78.0,805.0,89.26,0.2011242466529375,-0.1597508416383558,0.0390058998294608,0.0495152193733475,,0.4524571457807618,3.5062089116143165,2.5468581598680533,Transit,1,1,130.3439097,18.9338205
CONFIRMED,0.5889253266121639,-0.4761199315507353,0.0,0.5039487517121704,78.0,805.0,89.4,-0.363709936486672,-0.1569077701298705,-0.2074232496491307,0.0495152193733475,0.14,0.3580986219567645,3.0,2.449489742783178,Transit,1,1,130.3439097,18.9338205
CONFIRMED,0.5871237562913509,-0.0559479780175102,0.0,-0.1075083535203745,78.0,805.0,88.7,-0.5131914283372596,-0.1166697790702793,-0.3614414680732506,0.1206275379847213,0.1057,0.1629943659338937,1.7751479289940826,2.1483446221182985,Transit,1,1,130.3439097,18.9338205
CONFIRMED,0.5897238472778761,-0.0559479780175102,0.0,-0.1075083535203745,78.0,805.0,88.7,-0.5131914283372596,-0.1166697790702793,-0.3614414680732506,0.1206275379847213,0.1057,0.1629943659338937,1.7751479289940826,2.1483446221182985,Transit,1,1,130.3439097,18.9338205
CONFIRMED,0.0467206868586067,-0.0559479780175102,0.0,-0.1075083535203745,78.0,805.0,88.7,-0.5826285385172273,-0.1350547852870497,-0.4045665692320042,0.2504827705812807,,0.1629943659338937,1.7751479289940826,2.1483446221182985,Transit,1,1,130.0558953,19.7787519
CONFIRMED,0.0468248565776154,-0.9663205440061644,0.0,0.5039487517121704,78.0,805.0,89.0,-0.5136873213031851,-0.1682800561638114,-0.2998341807036026,0.0495152193733475,0.14,1.30395492747115,7.10059171597633,3.038218101251,Transit,1,1,130.0558953,19.7787519
CONFIRMED,-0.8572794584625407,-0.6231801152873641,0.0,-0.1075083535203745,78.0,798.0,88.7,-1.7026209444857037,-0.2990613455541314,-1.1007289165090255,1.4087387695510216,0.18,0.499497758659796,3.7452014606285697,2.5891911120126183,Transit,1,1,129.6366594,19.7737202
CONFIRMED,-0.8573017041052667,-0.0559479780175102,0.0,-0.1075083535203745,78.0,805.0,88.7,-1.8646932796906448,-0.2862601317800258,-1.1298876456210798,1.19808263525186,,0.1629943659338937,1.7751479289940826,2.1483446221182985,Transit,1,1,129.6366594,19.7737202
CONFIRMED,-0.8572821224750269,-1.1834093866649975,0.0,-0.1075083535203745,78.0,805.0,88.75,0.2011242466529375,-0.399706076954508,0.0390058998294608,0.0495152193733475,,2.952480602014551,12.243648607284973,3.481553119113957,Transit,1,1,129.6366594,19.7737202
CONFIRMED,-0.8572903194365227,-0.0559479780175102,0.0,-0.1075083535203745,78.0,805.0,88.7,-1.8646932796906448,-0.2862601317800258,-1.1298876456210798,1.19808263525186,,0.1629943659338937,1.7751479289940826,2.1483446221182985,Transit,1,1,129.6366594,19.7737202
CONFIRMED,-0.8571888820380126,-0.0559479780175102,0.0,-0.1075083535203745,78.0,805.0,88.7,-1.5719954802906762,-0.2967868883473432,0.0390058998294608,1.375816399823532,,0.1629943659338937,1.7751479289940826,2.1483446221182985,Transit,1,1,129.6366594,19.7737202
CONFIRMED,-0.8572746085936558,-0.504131395119617,0.0,0.2321900382754835,62.1,805.0,88.0,-1.9028407532157483,-0.2920793305435933,-1.3578376892531456,0.0495152193733475,,0.3804735080161801,3.123698458975427,2.4743582965269675,Transit,1,1,129.6366594,19.7737202
CONFIRMED,-0.8572787070744037,-0.1749966981852572,0.0,-0.1075083535203745,78.0,805.0,88.7,0.2011242466529375,-0.2551074600329499,0.0390058998294608,0.0495152193733475,,0.1996520693634794,2.0322105370116343,2.2222222222222223,Transit,1,1,129.6366594,19.7737202
CONFIRMED,-0.8572800732346529,-0.5461485904729395,0.0,2.678018459205662,78.0,805.0,88.0,-1.7655146865055318,-0.2990613455541314,-1.1007289165090255,0.0495152193733475,0.14,0.4176686070351533,3.32409972299169,2.513123449750173,Transit,1,1,129.6366594,19.7737202
CONFIRMED,-0.1412675753735145,-0.0559479780175102,0.0,-0.1075083535203745,78.0,805.0,88.7,0.3524925507641194,-0.0514838355237302,0.2269081263068867,0.0374280064876867,0.3277,0.1629943659338937,1.7751479289940826,2.1483446221182985,Transit,1,1,125.4202985,13.4975122
CONFIRMED,-0.1408884078425249,0.5091156097829632,0.0,-0.1075083535203745,78.0,805.0,88.86533,0.4297188089942356,-0.0552219059430866,0.3006766922033034,0.1388759372050981,0.26,0.0724457980128616,1.0338597361962891,1.8767685494857,Transit,1,1,125.4202985,13.4975122
CONFIRMED,-0.1408549369164172,0.5743099522823273,0.0,-0.1075083535203745,78.0,805.0,88.7,0.2011242466529375,-0.0147541947056097,0.0390058998294608,0.0495152193733475,,0.0668172355837694,0.979591836734694,1.8516401995451028,Transit,1,1,125.4202985,13.4975122
CONFIRMED,-0.1408667769719111,0.6093242817434292,0.0,-0.1075083535203745,78.0,805.0,88.7,0.2011242466529375,-0.0335184666616122,0.0390058998294608,0.0495152193733475,,0.0640335496959661,0.9521920253917874,1.8385542391076868,Transit,1,1,125.4202985,13.4975122
CONFIRMED,-0.1407843519702037,0.4832726956834619,0.0,-0.1075083535203745,78.0,814.0,88.7,0.4164143635669642,-0.0545571958244027,0.3778459803625243,0.1388759372050981,0.25,0.0748519181688893,1.0566263681110162,1.887016391167317,Transit,1,1,125.4202985,13.4975122
CONFIRMED,-0.1408691791370161,0.5379440697040266,0.0,-0.1075083535203745,140.125,958.0,88.7,0.3524320760121781,-0.0488710528074323,0.0390058998294608,0.0448120236979948,,0.0698818534199949,1.009320509271498,1.8655314975641053,Transit,1,1,125.4202985,13.4975122
CONFIRMED,-0.1408645000381624,-0.0559479780175102,0.0,-0.1075083535203745,78.0,805.0,88.7,0.3524925507641194,-0.0514838355237302,0.2269081263068867,0.0374280064876867,0.3277,0.1629943659338937,1.7751479289940826,2.1483446221182985,Transit,1,1,125.4202985,13.4975122
CONFIRMED,-0.1408653197343118,0.637335745312311,0.0,-0.1075083535203745,78.0,928.0,88.7,0.624447510247934,-0.0204403377225802,0.5626678424714682,0.0448120236979948,0.23,0.0619169123548796,0.9310914719780262,1.828282906008016,Transit,1,1,125.4202985,13.4975122
CONFIRMED,-0.140865672659043,-0.0559479780175102,0.0,-2.213638382654695,78.0,805.0,88.62,0.624447510247934,-0.0204403377225802,0.0390058998294608,0.0495152193733475,,0.1629943659338937,1.7751479289940826,2.1483446221182985,Transit,1,1,125.4202985,13.4975122
CONFIRMED,-0.7047568085179007,-0.0559479780175102,0.0,-0.1075083535203745,78.0,805.0,81.9,1.1009885555520156,0.4401372466520248,1.3327589345920672,-1.930530159951216,0.1,0.1629943659338937,1.7751479289940826,2.1483446221182985,Transit,1,1,284.985355,-22.2934206
CONFIRMED,-0.5430849606144033,1.855834410558664,0.0,-0.1075083535203745,78.0,1360.0,88.7,0.5796961938107487,0.4287649606180839,0.9323115666893552,-2.165689943718982,0.36,0.0189195590236814,0.422402838547075,1.500468969841066,Transit,1,1,123.3818484,16.419516
CONFIRMED,-0.543135223340598,1.8945368903791604,0.0,-0.1075083535203745,850.4828,1377.32,88.7,0.4551182048099353,0.428173601744319,0.0390058998294608,-2.581311345550124,,0.0183430269935597,0.4137774558660533,1.4927497865756856,Transit,1,1,123.3818484,16.419516
CONFIRMED,-0.5431087545720785,3.420612980340556,0.0,-0.1075083535203745,78.0,805.0,86.13513,0.3559396116248219,0.7394450113936161,1.295948580388702,-3.435552776064901,0.48,0.0066184281840951,0.2097117327852307,1.25950818370384,Transit,1,1,123.3818484,16.419516
CONFIRMED,-0.5430841636875912,1.8348258128820023,0.0,-0.1075083535203745,78.0,805.0,88.7,0.2011242466529375,0.4344511036350544,0.0390058998294608,0.0495152193733475,,0.0192426565262204,0.4271982912068351,1.5047095877265575,Transit,1,1,123.3818484,16.419516
CONFIRMED,-0.5430848467677158,-0.0559479780175102,0.0,-0.1075083535203745,78.0,805.0,88.7,0.4551182048099353,0.428173601744319,0.2977565067819819,-2.581311345550124,,0.1629943659338937,1.7751479289940826,2.1483446221182985,Transit,1,1,123.3818484,16.419516
CONFIRMED,-0.5431292606374203,-0.0559479780175102,0.0,-0.1075083535203745,78.0,805.0,88.7,0.4551182048099353,0.428173601744319,0.2977565067819819,-2.581311345550124,,0.1629943659338937,1.7751479289940826,2.1483446221182985,Transit,1,1,123.3818484,16.419516
CONFIRMED,-0.5431269700420691,2.191971973385244,0.0,-0.1075083535203745,78.0,805.0,88.7,0.2011242466529375,0.4498036897808745,0.0390058998294608,0.0495152193733475,,0.0146071079754719,0.355491303793981,1.4371515142959108,Transit,1,1,123.3818484,16.419516
CONFIRMED,3.4563720523770787,0.168143730533543,0.0,-0.1075083535203745,78.0,805.0,88.7,0.2011242466529375,-0.0625177960481613,0.0390058998294608,0.0495152193733475,,0.115065222714163,1.4073935072246202,2.0272121351984578,Transit,1,1,169.0418328,1.9866832
CONFIRMED,3.456299873577241,-0.1469852346163755,0.0,-0.1075083535203745,78.0,805.0,88.7,0.0160715057099819,-0.1284770550450183,0.0390058998294608,0.0495152193733475,,0.190108605842127,1.9669229130128336,2.204155075111935,Transit,1,1,169.0418328,1.9866832
CONFIRMED,3.464736368503379,3.4104706386315966,0.0,-0.1075083535203745,78.0,734.0,88.7,0.378920017362836,2.3563674433710604,1.486777153016187,0.0495152193733475,-0.12,0.0066565895957371,0.2105170825840972,1.2607156592626008,Transit,1,1,169.0418328,1.9866832
CONFIRMED,3.4545049667030443,-0.1819995640774778,0.0,-0.1075083535203745,9.84,805.0,88.7,0.1745153557983949,-0.1000463399601662,0.0698095435142848,0.3740357209728605,,0.2021373364827768,2.049040366095212,2.2268088570756164,Transit,1,1,169.0418328,1.9866832
CONFIRMED,0.4963206095005402,-0.0839594415863919,0.0,-0.1075083535203745,78.0,575.0,88.7,-0.205266086398259,-0.1682800561638114,-0.3614414680732506,0.609195504740627,-0.21,0.1707547292503188,1.8310546875,2.165063509461097,Transit,1,1,207.3497402,-12.2849182
CONFIRMED,0.4957323818820017,-0.0559479780175102,0.0,-0.1075083535203745,78.0,805.0,88.7,-0.2221990169420589,-0.1672508642777397,-0.1735392415958243,0.761390916795122,,0.1629943659338937,1.7751479289940826,2.1483446221182985,Transit,1,1,207.3497402,-12.2849182
CONFIRMED,0.496289870894931,-0.0909623074786124,0.0,-0.1075083535203745,78.0,805.0,88.7,0.2011242466529375,-0.1819267994045404,0.0390058998294608,0.0495152193733475,,0.1727714966734735,1.845444059976932,2.1693045781865616,Transit,1,1,207.3497402,-12.2849182
CONFIRMED,0.4963160556330425,-0.1259766369397144,0.0,-0.1075083535203745,78.0,805.0,88.7,0.2011242466529375,-0.1853384852147226,0.0390058998294608,0.0495152193733475,,0.1833464944418634,1.92,2.1908902300206643,Transit,1,1,207.3497402,-12.2849182
CONFIRMED,0.4963354095699075,-0.0559479780175102,0.0,-0.1075083535203745,78.0,805.0,88.7,-0.2221990169420589,-0.1672508642777397,-0.1735392415958243,0.761390916795122,,0.1629943659338937,1.7751479289940826,2.1483446221182985,Transit,1,1,207.3497402,-12.2849182
CONFIRMED,0.4963251633680378,-0.1090355908907563,0.0,-0.1075083535203745,78.0,805.0,89.36033,-0.2935592242337869,-0.1784025279626222,-0.4404250908455078,0.1388759372050981,-0.3,0.1781253334826474,1.8833741929219003,2.180366322111149,Transit,1,1,207.3497402,-12.2849182
CONFIRMED,-0.4727955604014926,-1.0204958560155222,0.0,-0.1075083535203745,78.0,805.0,87.02575,0.7514444893264329,-0.0473323825070401,0.0293427968055313,-0.5666034140981889,-0.36,1.567467602922188,8.027590379680277,3.132864506620096,Transit,1,1,59.8903081,21.2985263
CONFIRMED,-0.4727719941371923,-0.4130941385207516,0.0,-0.1075083535203745,78.0,805.0,88.7,0.8082907561520467,0.0932825226168284,0.0390058998294608,-1.2062380259465053,,0.3138006063374555,2.7471898537121406,2.3961691914926155,Transit,1,1,59.8903081,21.2985263
CONFIRMED,-0.4727446709322064,-0.88928901919174,0.0,-0.1075083535203745,78.0,805.0,88.7,0.2011242466529375,0.1529870242950179,0.0390058998294608,0.0495152193733475,,1.021963297097916,6.035913686434284,2.917299829957891,Transit,1,1,59.8903081,21.2985263
CONFIRMED,0.7031379173067414,-0.0559479780175102,0.0,-0.2841515172542209,78.0,805.0,88.7,0.7925673206470897,0.1387716667525919,-0.0842086749098351,0.0495152193733475,-0.46,0.1629943659338937,1.7751479289940826,2.1483446221182985,Radial Velocity,0,1,59.8903081,21.2985263
CONFIRMED,0.702910223931859,-0.0559479780175102,0.0,-0.3113273885978893,78.0,805.0,88.7,0.7925673206470897,0.1387716667525919,-0.0842086749098351,-1.0839549383872695,-0.46,0.1629943659338937,1.7751479289940826,2.1483446221182985,Radial Velocity,0,1,59.8903081,21.2985263
CONFIRMED,-0.4197204054864635,-0.0559479780175102,0.0,-0.1075083535203745,78.0,805.0,86.21,0.6135620548983484,0.023342963508092,0.4302121746267247,-0.3784755870839782,0.18,0.1629943659338937,1.7751479289940826,2.1483446221182985,Transit,1,1,19.4493823,6.8688469
CONFIRMED,0.2147925515279641,-0.0559479780175102,0.0,-0.1075083535203745,78.0,805.0,88.7,-0.2500174028354444,-0.0739264733974108,-0.1766196059643067,-0.0887117015253406,,0.1629943659338937,1.7751479289940826,2.1483446221182985,Transit,1,1,127.882912,11.922255
CONFIRMED,0.2141970809831707,-0.0559479780175102,0.0,-0.1075083535203745,78.0,805.0,88.7,-0.2500174028354444,-0.0739264733974108,-0.1766196059643067,-0.0887117015253406,,0.1629943659338937,1.7751479289940826,2.1483446221182985,Transit,1,1,127.882912,11.922255
CONFIRMED,1.225864982692743,-0.0559479780175102,0.0,-0.1075083535203745,78.0,805.0,88.7,0.7526539843652758,-0.0855239306948237,0.4887390976278906,0.4903457500243999,,0.1629943659338937,1.7751479289940826,2.1483446221182985,Transit,1,1,126.5535002,12.281851
CONFIRMED,1.2259779186066846,-0.0559479780175102,0.0,-0.1075083535203745,78.0,805.0,88.7,0.2011242466529375,-0.0812820680041638,0.0390058998294608,0.0495152193733475,,0.1629943659338937,1.7751479289940826,2.1483446221182985,Transit,1,1,126.5535002,12.281851
CONFIRMED,1.2259772469112291,-0.0559479780175102,0.0,1.5909836054589166,78.0,805.0,88.82,0.5325258872958776,-0.071047010573617,-0.1119319542261766,-0.0915806508873073,-0.22,0.1629943659338937,1.7751479289940826,2.1483446221182985,Transit,1,1,126.5535002,12.281851
CONFIRMED,1.2260497979897345,-0.0559479780175102,0.0,-0.1075083535203745,78.0,805.0,88.7,0.7526539843652758,-0.0855239306948237,0.4887390976278906,0.4903457500243999,,0.1629943659338937,1.7751479289940826,2.1483446221182985,Transit,1,1,126.5535002,12.281851
CONFIRMED,1.2259807647738707,-0.0559479780175102,0.0,-0.1075083535203745,78.0,805.0,88.7,0.6498469060636337,-0.071615624875314,0.2546314056232284,0.2329398507122056,-0.1,0.1629943659338937,1.7751479289940826,2.1483446221182985,Transit,1,1,126.5535002,12.281851
CONFIRMED,-0.5520925105247464,-0.0559479780175102,0.0,-0.1075083535203745,78.0,805.0,87.8,-0.9329587765180576,-0.1913657968127113,-0.5323647261516017,0.0495152193733475,,0.1629943659338937,1.7751479289940826,2.1483446221182985,Transit,1,1,336.1523363,-11.5793181
CONFIRMED,-0.5520405964352733,-1.373262459204098,0.0,-0.1075083535203745,78.0,805.0,87.78036,-0.6926925870519264,-0.1811159554103205,-0.4329736894381487,0.750291375001282,0.01,7.710829579127661,23.219537127678382,4.0856268692873625,Transit,1,1,336.1523363,-11.5793181
CONFIRMED,-0.5520015242521434,-1.3066598263680769,0.0,-0.1075083535203745,78.0,805.0,88.7,-1.0349796830444522,-0.1967107712486635,0.0390058998294608,0.0495152193733475,,5.3115273499807705,18.11058322114833,3.839533141153328,Transit,1,1,336.1523363,-11.5793181
CONFIRMED,-0.5520319440870277,-1.39349536343161,0.0,-0.583086102034576,78.6,805.0,89.09,-0.9329587765180576,-0.1913657968127113,-0.5323647261516017,0.0495152193733475,,8.72057987955921,25.204788909892883,4.170288281141495,Transit,1,1,336.1523363,-11.5793181
CONFIRMED,-0.9349903014283568,-0.1601663929477392,0.0,-0.1075083535203745,127.2981,856.69,88.7,-1.730439330379089,-0.2793048416416676,0.0390058998294608,1.1478054734823109,,0.1945218373236097,1.9972467825082432,2.212601711851156,Transit,1,1,133.8557342,10.4692176
CONFIRMED,-0.9349877236012284,-0.0559479780175102,0.0,-0.1075083535203745,78.0,805.0,88.7,-1.730439330379089,-0.2793048416416676,-1.0932220685430338,1.1478054734823109,,0.1629943659338937,1.7751479289940826,2.1483446221182985,Transit,1,1,133.8557342,10.4692176
CONFIRMED,-0.9349906836151016,-0.4551113338740742,0.0,-0.1075083535203745,78.0,868.0,88.7,-1.6227942719220758,-0.28200291650322,-1.0083179854545536,1.2676428992903626,-0.05,0.3424557976124969,2.911985245941421,2.431322695419324,Transit,1,1,133.8557342,10.4692176
CONFIRMED,-0.9349848774340423,-0.406091272628531,0.0,-0.1075083535203745,78.0,805.0,88.7,0.2011242466529375,-0.2763167734862496,0.0390058998294608,0.0495152193733475,,0.3093390536285623,2.7210884353741496,2.390457218668787,Transit,1,1,133.8557342,10.4692176
CONFIRMED,-0.9349948959425372,-0.4551113338740742,0.0,-0.1075083535203745,123.6,805.0,88.7,-1.7461627658840462,-0.2802970735981289,-1.0329609004024127,1.2535333122642962,-0.22,0.3424557976124969,2.911985245941421,2.431322695419324,Transit,1,1,133.8557342,10.4692176
CONFIRMED,-0.9350014990504087,-0.504131395119617,0.0,-0.583086102034576,145.8,805.0,88.36,-1.5452414500314726,-0.292466556883049,-0.8789241997920821,0.0495152193733475,,0.3804735080161801,3.123698458975427,2.4743582965269675,Transit,1,1,133.8557342,10.4692176
CONFIRMED,-0.9349901143816646,-0.6581944447484662,0.0,-0.1075083535203745,78.0,805.0,88.7,0.2011242466529375,-0.3445504896898948,0.0390058998294608,0.0495152193733475,,0.5438071230605852,3.963535473642489,2.6261286571944518,Transit,1,1,133.8557342,10.4692176
CONFIRMED,-0.9349451449401254,-0.0559479780175102,0.0,-0.1075083535203745,78.0,805.0,88.7,-1.730439330379089,-0.2793048416416676,-1.0932220685430338,1.1478054734823109,,0.1629943659338937,1.7751479289940826,2.1483446221182985,Transit,1,1,133.8557342,10.4692176
CONFIRMED,-0.4622555202315042,-0.406091272628531,0.0,-0.1075083535203745,78.0,805.0,88.7,0.2011242466529375,-0.2763167734862496,0.0390058998294608,0.0495152193733475,,0.3093390536285623,2.7210884353741496,2.390457218668787,Transit,1,1,133.8557342,10.4692176
CONFIRMED,-0.4622252370126449,-0.5181371269040579,0.0,-0.1075083535203745,18.1,805.0,88.7,-1.7461627658840462,-0.2802970735981289,-1.0329609004024127,1.2535333122642962,-0.22,0.3923624583577739,3.1884366032522053,2.487080016869035,Transit,1,1,133.8557342,10.4692176
CONFIRMED,-0.4621603444008035,-0.4551113338740742,0.0,1.8627423188956027,21.4,805.0,89.49,-1.5452414500314726,-0.292466556883049,-0.8789241997920821,0.0495152193733475,,0.3424557976124969,2.911985245941421,2.431322695419324,Transit,1,1,133.8557342,10.4692176
CONFIRMED,-0.4622252370126449,-0.6511915788562458,0.0,-0.1075083535203745,78.0,805.0,88.7,0.2011242466529375,-0.3445504896898948,0.0390058998294608,0.0495152193733475,,0.5345378846701558,3.918367346938776,2.6186146828319083,Transit,1,1,133.8557342,10.4692176
CONFIRMED,-0.4622517632908188,-0.4341027361974128,0.0,-0.1075083535203745,78.0,537.0,88.7,-1.6227942719220758,-0.28200291650322,-1.0083179854545536,1.2676428992903626,-0.05,0.3277109671095933,2.827787727401263,2.413553960127389,Transit,1,1,133.8557342,10.4692176
CONFIRMED,-0.2021620611835967,-0.2730368206763432,0.0,-0.3113273885978893,54.9,805.0,89.4,-0.4437785080580683,-0.1857120648109376,-0.322416331888947,0.0495152193733475,,0.2385537180235669,2.288285883183005,2.289142781149547,Transit,1,1,132.0098683,16.9017663
CONFIRMED,-0.2023973549633326,-0.0559479780175102,0.0,-0.1075083535203745,78.0,805.0,88.7,-0.719301477906469,-0.1516895966831968,-0.4846560428125465,0.335610612305209,,0.1629943659338937,1.7751479289940826,2.1483446221182985,Transit,1,1,132.0098683,16.9017663
CONFIRMED,-0.2021709412252171,-0.3640740772752085,0.0,-0.1075083535203745,78.0,805.0,88.7,0.2011242466529375,-0.2370823866691536,0.0390058998294608,0.0495152193733475,,0.2842702315741729,2.572016460905349,2.3570226039551585,Transit,1,1,132.0098683,16.9017663
CONFIRMED,-0.2022763632577876,-0.0559479780175102,0.0,-0.1075083535203745,78.0,805.0,88.7,0.2011242466529375,-0.1682800561638114,0.0390058998294608,0.0495152193733475,,0.1629943659338937,1.7751479289940826,2.1483446221182985,Transit,1,1,132.0098683,16.9017663
CONFIRMED,-0.202309492643833,-0.1049680392630533,0.0,-0.1075083535203745,78.0,666.0,88.7,-0.4592600445552569,-0.1682800561638114,-0.3306378243884266,0.6562274614941787,-0.05,0.176901319870848,1.874736365198644,2.177862025921883,Transit,1,1,132.0098683,16.9017663
CONFIRMED,-0.2022278645689377,-0.0559479780175102,0.0,-0.1075083535203745,78.0,805.0,88.7,-0.719301477906469,-0.1516895966831968,-0.4846560428125465,0.335610612305209,,0.1629943659338937,1.7751479289940826,2.1483446221182985,Transit,1,1,132.0098683,16.9017663
CONFIRMED,-0.139184122931531,0.0280864126891348,0.0,-0.1075083535203745,310.0,805.0,88.7,1.278784326261914,0.1728885248544145,0.9631152103741794,-0.9428590681266104,,0.1423593264826594,1.6219723183391,2.100420126042015,Transit,1,1,173.1919022,2.2446794
CONFIRMED,-0.1391431381240522,-0.2450253571074615,0.0,-0.1075083535203745,78.0,1003.0,88.7,0.8228046966181609,0.0023042343453015,0.4394532677321723,0.0495152193733475,0.03,0.2264774015945749,2.210392528873252,2.2694084234167016,Transit,1,1,173.1919022,2.2446794
CONFIRMED,-0.1391659074615406,-0.1399823687241553,0.0,-0.1075083535203745,78.0,805.0,88.7,0.2011242466529375,0.0443816926708827,0.0390058998294608,0.0495152193733475,,0.1878181654887196,1.951092611862643,2.1997067253202998,Transit,1,1,173.1919022,2.2446794
CONFIRMED,-0.1391094281199008,-0.3780798090596494,0.0,-0.1075083535203745,78.0,805.0,88.7,0.5990481144322342,-0.0488710528074323,0.0390058998294608,0.0495152193733475,,0.2923151448208467,2.620316184819635,2.368011113891575,Transit,1,1,173.1919022,2.2446794
CONFIRMED,-0.1391049994837594,-0.3443016745059034,0.0,-0.1075083535203745,78.0,805.0,87.60777,0.6571038762966909,-0.0004751523613936,0.2106838471780903,-0.848795154619507,-0.11,0.2734078105747826,2.50607135801224,2.3417669357689395,Transit,1,1,173.1919022,2.2446794
CONFIRMED,-0.4916535810959931,3.476083087239056,0.0,-0.1075083535203745,78.0,805.0,89.02659,-0.5136873213031851,-0.1816515900825191,-0.4320126157551822,0.9384192020154928,-0.14,0.0064147953883828,0.205387824001621,1.2529651305729852,Transit,1,1,126.9366624,17.5793267
CONFIRMED,-0.4916554026429921,3.515513627014903,0.0,-0.1075083535203745,78.0,805.0,88.7,0.2011242466529375,-0.1682800561638114,0.0390058998294608,0.0495152193733475,,0.0062750972561766,0.2023950075898127,1.2483755678647186,Transit,1,1,126.9366624,17.5793267
CONFIRMED,-0.4916536949426806,3.3334391138171724,0.0,-0.1075083535203745,78.0,805.0,88.7,0.2011242466529375,-0.2097889001876955,0.0390058998294608,0.0495152193733475,,0.006956228351434,0.2167880679847381,1.270001270001905,Transit,1,1,126.9366624,17.5793267
CONFIRMED,-0.4916541503294303,4.509920583710201,0.0,3.765053312952408,89.5,805.0,87.25,-0.7841546018892224,-0.1353004266653829,-0.4799923711586641,0.0495152193733475,,0.0037766620283126,0.144275161588181,1.1470786693528088,Transit,1,1,126.9366624,17.5793267
CONFIRMED,-0.4916293317515682,-0.0559479780175102,0.0,-0.1075083535203745,78.0,805.0,88.7,-0.5502140714762388,-0.2028933145510155,-0.3922451117580746,0.9508356385984326,0.1107,0.1629943659338937,1.7751479289940826,2.1483446221182985,Transit,1,1,126.9366624,17.5793267
CONFIRMED,-0.4916525564758061,3.37825045266149,0.0,-0.1075083535203745,126.877,935.0,88.7,-0.5502140714762388,-0.202396914265634,0.0390058998294608,0.9384192020154928,,0.0067797846114681,0.2131065276736267,1.2645747319148908,Transit,1,1,126.9366624,17.5793267
CONFIRMED,-0.4916541617140991,3.3894620409549345,0.0,-0.1075083535203745,78.0,738.0,88.7,-0.5197347964973993,-0.1910246282316931,-0.5462633301821945,0.7032594182477303,-0.16,0.0067365744681747,0.2122000905387053,1.2632278815997786,Transit,1,1,126.9366624,17.5793267
CONFIRMED,-0.4916542414067803,-0.0559479780175102,0.0,3.765053312952408,78.0,805.0,87.2,-0.7841546018892224,-0.1353004266653829,-0.4799923711586641,0.0495152193733475,,0.1629943659338937,1.7751479289940826,2.1483446221182985,Transit,1,1,126.9366624,17.5793267
CONFIRMED,-0.4916261440443198,-0.0559479780175102,0.0,-0.1075083535203745,78.0,805.0,88.7,-0.5502140714762388,-0.2028933145510155,-0.3922451117580746,0.9508356385984326,0.1107,0.1629943659338937,1.7751479289940826,2.1483446221182985,Transit,1,1,126.9366624,17.5793267
CONFIRMED,-0.4916533534026182,3.375456309170494,0.0,-0.1075083535203745,78.0,723.0,88.7,-0.687854606896555,-0.1853384852147226,-0.4538523991277225,0.7032594182477303,-0.04,0.0067906109052542,0.2133333333333333,1.2649110640673518,Transit,1,1,126.9366624,17.5793267
CONFIRMED,-0.8293748498285737,-1.0643606664972505,0.0,-0.1075083535203745,78.0,769.0,88.7,-1.343400917949378,-0.2365137723674566,-0.7310851922911381,0.9854511587690484,0.32,1.8353490403294757,8.917954815695602,3.2163376045133845,Transit,1,1,126.4762179,20.3593384
CONFIRMED,-0.8293734039756432,-1.022343471143928,0.0,-0.1075083535203745,95.7,805.0,88.7,-1.47160739206672,-0.2240042577301216,-0.6879600911323844,0.9243096149894264,0.37,1.5776590197274862,8.06234883095942,3.1362502409359,Transit,1,1,126.4762179,20.3593384
CONFIRMED,-0.8293631577737735,-0.9803262757906054,0.0,3.4932945995157216,79.9,805.0,86.39,-1.36231742035688,-0.2360577436974955,-0.7323512220465845,0.0495152193733475,,1.3660378340025503,7.32421875,3.061862178478973,Transit,1,1,126.4762179,20.3593384
CONFIRMED,-0.8293590342467543,-0.0559479780175102,0.0,-0.1075083535203745,78.0,805.0,88.7,-1.5877189157956333,-0.2229267336284058,-0.8257139856909171,0.7479868091203574,,0.1629943659338937,1.7751479289940826,2.1483446221182985,Transit,1,1,126.4762179,20.3593384
CONFIRMED,-0.8293771609163287,-1.0293463370361484,0.0,-0.1075083535203745,78.0,814.0,88.7,-1.3216300072502067,-0.2308276293504862,-0.761888835975962,0.9384192020154928,0.06,1.6170986918622146,8.196161464380848,3.149183286488868,Transit,1,1,126.4762179,20.3593384
CONFIRMED,-0.8294092656821872,-0.0559479780175102,0.0,-0.1075083535203745,78.0,805.0,88.7,-1.5877189157956333,-0.2229267336284058,-0.8257139856909171,0.7479868091203574,,0.1629943659338937,1.7751479289940826,2.1483446221182985,Transit,1,1,126.4762179,20.3593384
CONFIRMED,-0.8293836501775128,-0.9663205440061644,0.0,-0.1075083535203745,78.0,805.0,88.7,0.2011242466529375,-0.2137692002995748,0.0390058998294608,0.0495152193733475,,1.30395492747115,7.10059171597633,3.038218101251,Transit,1,1,126.4762179,20.3593384
CONFIRMED,-0.8293673701012089,-1.05735780060503,0.0,-0.1075083535203745,78.0,805.0,88.7,0.2011242466529375,-0.2694934018658851,0.0390058998294608,0.0495152193733475,,1.7886898867917012,8.76616261231646,3.2025630761017427,Transit,1,1,126.4762179,20.3593384
CONFIRMED,2.442000571903631,-0.1259766369397144,0.0,-0.1075083535203745,78.0,805.0,88.7,-1.3059065717452498,-0.2319648579538802,0.0390058998294608,0.8960904409372978,,0.1833464944418634,1.92,2.1908902300206643,Transit,1,1,134.4441404,21.4532748
CONFIRMED,2.441998067276507,-0.0139307826641876,0.0,-0.1075083535203745,2.7,805.0,88.7,-1.4994257779601057,-0.2353765437640625,-0.777290657818374,0.9666383760676254,-0.02,0.1522115914851141,1.6959692464243314,2.123976976214366,Transit,1,1,134.4441404,21.4532748
CONFIRMED,2.4426906262763497,-0.0559479780175102,0.0,-0.1075083535203745,78.0,805.0,88.7,-1.5284536588923336,-0.2256879246774466,-0.8376627190762607,0.7671758474758072,,0.1629943659338937,1.7751479289940826,2.1483446221182985,Transit,1,1,134.4441404,21.4532748
CONFIRMED,2.441861451251577,-0.0559479780175102,0.0,-0.1075083535203745,78.0,805.0,88.7,-1.5284536588923336,-0.2256879246774466,-0.8376627190762607,0.7671758474758072,,0.1629943659338937,1.7751479289940826,2.1483446221182985,Transit,1,1,134.4441404,21.4532748
CONFIRMED,2.442289856336418,-0.0209336485564082,0.0,-0.583086102034576,2.9,805.0,89.79,-1.2627638837097257,-0.2473089148851749,-0.6722717954037036,0.0495152193733475,,0.1539412522097633,1.708793164827341,2.127980706395726,Transit,1,1,134.4441404,21.4532748
CONFIRMED,2.441816595656725,0.2241666576713064,0.0,-0.1075083535203745,78.0,805.0,88.7,0.2011242466529375,-0.2080830572826044,0.0390058998294608,0.0495152193733475,,0.1061032953945969,1.3333333333333333,2.0,Transit,1,1,134.4441404,21.4532748
CONFIRMED,2.4419752979390186,0.2731867189168492,0.0,-0.1075083535203745,78.0,805.0,88.7,0.2011242466529375,-0.2097889001876955,0.0390058998294608,0.0495152193733475,,0.0990096465881205,1.2732230580695818,1.9770672189568104,Transit,1,1,134.4441404,21.4532748
CONFIRMED,2.4416934135409143,0.0560978762580162,0.0,-0.1075083535203745,78.0,338.0,88.7,-1.3119540469394642,-0.2365137723674566,-0.761888835975962,0.9854511587690484,0.03,0.1362590606181126,1.5752993068683052,2.085144140570748,Transit,1,1,134.4441404,21.4532748
CONFIRMED,-0.3518490519914591,0.2451752553479675,0.0,-0.1075083535203745,78.0,445.0,88.7,-1.8864641903898165,-0.3388643466729244,-1.3471580659876172,1.7379624668258873,-0.08,0.1029828131726523,1.307061399209228,1.9900743804199783,Transit,1,1,133.6410515,23.1329509
CONFIRMED,-0.3518748951895082,-0.0279365144486285,0.0,-0.0395686751612028,8.7,805.0,89.51,-1.8856175438626264,-0.3762268552088337,-1.3275299842316477,0.0495152193733475,,0.155697219246861,1.7217630853994488,2.1320071635561044,Transit,1,1,133.6410515,23.1329509
CONFIRMED,-0.3518656736078255,-0.2240167594308003,0.0,-0.1075083535203745,78.0,805.0,88.7,0.2011242466529375,-0.4019805341612962,0.0390058998294608,0.0495152193733475,,0.2179498767867969,2.1545532892846886,2.2549380840084865,Transit,1,1,133.6410515,23.1329509
CONFIRMED,-0.3518224118665978,-0.0559479780175102,0.0,-0.1075083535203745,78.0,805.0,88.7,-1.9941092488468295,-0.3392055152539426,-1.4332511697223318,1.58769536499829,,0.1629943659338937,1.7751479289940826,2.1483446221182985,Transit,1,1,133.6410515,23.1329509
CONFIRMED,-0.3518215010930983,0.1541379987491022,0.0,-0.1075083535203745,78.0,805.0,88.7,-1.8138944880592456,-0.3479621755000771,0.0390058998294608,1.7991040106055094,,0.1174623385810864,1.426872770511296,2.034190510862431,Transit,1,1,133.6410515,23.1329509
CONFIRMED,-0.3518545166324562,-0.0559479780175102,0.0,-0.1075083535203745,78.0,805.0,88.7,0.2011242466529375,-0.372981204774747,0.0390058998294608,0.0495152193733475,,0.1629943659338937,1.7751479289940826,2.1483446221182985,Transit,1,1,133.6410515,23.1329509
CONFIRMED,-0.3518621443605148,0.1541379987491022,0.0,-0.1075083535203745,78.0,442.0,89.03,-1.874369240001388,-0.3513738613102593,-1.4703726407269129,1.7755880322287294,0.023,0.1174623385810864,1.426872770511296,2.034190510862431,Transit,1,1,133.6410515,23.1329509
CONFIRMED,1.3941604422562353,-0.3500683454907677,0.0,-0.0395686751612028,2.0,805.0,89.72,-1.7722031940703329,-0.3433853989857175,-1.1477753215088573,0.0495152193733475,,0.2765178401076458,2.52503997979968,2.346185661017325,Transit,1,1,204.1418754,-14.9478195
CONFIRMED,-0.2410370618507485,-0.5321428586884988,0.0,-0.1075083535203745,78.0,805.0,88.7,0.2011242466529375,-0.2166122718080601,0.0390058998294608,0.0495152193733475,,0.4047519508155705,3.255208333333333,2.5,Transit,1,1,203.5467021,-13.5769705
CONFIRMED,-0.2409406154910158,-0.0559479780175102,0.0,-0.1075083535203745,78.0,805.0,88.7,-1.0410271582386663,-0.1917666698954077,-0.6201920750257717,0.6143219880267623,,0.1629943659338937,1.7751479289940826,2.1483446221182985,Transit,1,1,203.5467021,-13.5769705
CONFIRMED,-0.2412027087809753,-0.4971285292273966,0.0,-0.1075083535203745,78.0,601.0,88.7,-0.9442675551312386,-0.202396914265634,-0.5462633301821945,0.8443552885083894,0.02,0.3747088566711025,3.092066273287124,2.468070209369181,Transit,1,1,203.5467021,-13.5769705
CONFIRMED,-0.2412257058118384,-0.4761199315507353,0.0,-0.1075083535203745,78.0,805.0,88.7,0.2011242466529375,-0.1967107712486635,0.0390058998294608,0.0495152193733475,,0.3580986219567645,3.0,2.449489742783178,Transit,1,1,203.5467021,-13.5769705
CONFIRMED,-0.2410420711049959,-0.6193954724388407,0.0,-0.1075083535203745,78.0,805.0,88.67479,-0.8753263379171963,-0.2371437970137369,-0.7912385476788623,1.1735789857832593,-0.44,0.4950006471372759,3.722688228665232,2.585291260192462,Transit,1,1,203.5467021,-13.5769705
CONFIRMED,-0.2410412741781838,-0.588165785826262,0.0,-0.583086102034576,35.3,805.0,89.4,-0.9093978131613992,-0.2188014368695937,-0.5241093496440689,0.0495152193733475,,0.4598743295861301,3.544423440453686,2.553769592276246,Transit,1,1,203.5467021,-13.5769705
CONFIRMED,-0.241049584986367,-0.0559479780175102,0.0,-0.1075083535203745,78.0,805.0,88.7,-1.0410271582386663,-0.1917666698954077,-0.6201920750257717,0.6143219880267623,,0.1629943659338937,1.7751479289940826,2.1483446221182985,Transit,1,1,203.5467021,-13.5769705
CONFIRMED,-0.6735345935652113,3.9847056417936697,0.0,-0.1075083535203745,78.0,809.0,88.7,-0.6588267259643267,-0.1967107712486635,-0.4538523991277225,0.7973233317548377,-0.11,0.0048855815033391,0.1712893376669536,1.1973686801784995,Transit,1,1,207.0782895,-11.5889878
CONFIRMED,-0.6735351627986484,4.49591485192576,0.0,-0.1075083535203745,78.0,805.0,88.7,0.2011242466529375,-0.1455354840959297,0.0390058998294608,0.0495152193733475,,0.0038016178643473,0.1449100350199251,1.148338503526429,Transit,1,1,207.0782895,-11.5889878
CONFIRMED,-0.6735343658718363,4.187788752668062,0.0,1.047466178585543,105.6,805.0,87.22,-0.8851958174341538,-0.187047739805624,-0.5156660709100587,0.0495152193733475,,0.0044110193273819,0.1600093872173834,1.1771496477944257,Transit,1,1,207.0782895,-11.5889878
CONFIRMED,-0.6735531505752641,-0.0559479780175102,0.0,-0.1075083535203745,78.0,805.0,88.7,-0.1012495130577742,-0.0147138230901892,-0.0842086749098351,-0.473339043855895,,0.1629943659338937,1.7751479289940826,2.1483446221182985,Transit,1,1,207.0782895,-11.5889878
CONFIRMED,-0.4358913597406345,-1.094472989833798,0.0,-0.1075083535203745,78.0,805.0,88.7,0.2011242466529375,-0.2433371439878211,0.0390058998294608,0.0495152193733475,,2.055574007286707,9.617781354167583,3.277661021613613,Transit,1,1,204.4376666,-8.5970858
CONFIRMED,-0.4358618734485872,-0.8822861532995195,0.0,4.036812026389096,68.8,805.0,87.4,-0.7864163576118584,-0.1298593564124439,-0.4808117480806804,0.0495152193733475,,1.0005242139994708,5.951200158698671,2.907009498669056,Transit,1,1,204.4376666,-8.5970858
CONFIRMED,-0.4358624426820244,-1.0341622429245578,0.0,-0.1075083535203745,78.0,805.0,88.6971,-0.6031899541775557,-0.202023334669419,-0.5555136643807471,1.0324831155226002,-0.26,1.6449875037722526,8.290127761887451,3.1581708264055206,Transit,1,1,204.4376666,-8.5970858
CONFIRMED,-0.1439599914696869,-1.4138036745190492,0.0,-0.1075083535203745,78.0,805.0,88.7,0.2011242466529375,-0.4497441355038478,0.0390058998294608,0.0495152193733475,,9.919465203223613,27.46491928746844,4.260787679410538,Transit,1,1,289.1485491,-25.6463233
CONFIRMED,-0.1439960808696058,-1.1483950572038957,0.0,1.3192248920222298,4.5,805.0,89.21,-2.008514334759448,-0.3672893756147596,-1.562688080485962,0.0495152193733475,,2.5467869677170896,11.094674556213016,3.3968311024337874,Transit,1,1,289.1485491,-25.6463233
CONFIRMED,3.4786973877842864,0.014080680904694,0.0,-0.1075083535203745,22.8,805.0,88.7,0.7345115587826331,0.047793378481065,0.2238277619384044,-0.707699284358848,,0.1455463585659765,1.6460905349794237,2.1081851067789192,Transit,1,1,170.1554763,2.5027534
CONFIRMED,3.462141802496596,-0.5531514563651599,0.0,-0.1075083535203745,78.0,511.0,88.7,0.6994362026561904,-0.1284770550450183,-0.2074232496491307,0.0495152193733475,-0.54,0.4243334068978909,3.3593684387335183,2.519763153394848,Transit,1,1,170.1554763,2.5027534
CONFIRMED,3.478978702948954,-0.2730368206763432,0.0,-0.1075083535203745,78.0,805.0,88.7,0.4696321452760495,-0.071615624875314,0.0390058998294608,0.0495152193733475,,0.2385537180235669,2.288285883183005,2.289142781149547,Transit,1,1,170.1554763,2.5027534
CONFIRMED,-0.7980830973191951,-1.1331225489967474,0.0,-0.1075083535203745,78.0,805.0,87.62373,-0.7156729927899405,-0.2060303596534781,-0.5922624112967421,0.6562274614941787,-0.24,2.393059538988568,10.643598676388343,3.3617656414987214,Transit,1,1,290.2705419,-19.6908744
CONFIRMED,-0.7980779742182602,-1.022343471143928,0.0,-0.1075083535203745,78.0,805.0,88.7,0.2011242466529375,-0.1950049283435724,0.0390058998294608,0.0495152193733475,,1.5776590197274862,8.06234883095942,3.1362502409359,Transit,1,1,290.2705419,-19.6908744
CONFIRMED,-0.7980877650333801,-1.001334873467267,0.0,2.4062597457689763,136.4,805.0,86.53,-0.9231376768026536,-0.148798761573369,-0.5289208787876385,0.0495152193733475,,1.4667719555349077,7.68,3.0983866769659336,Transit,1,1,290.2705419,-19.6908744
CONFIRMED,-1.039990231128505,-0.6430898652654135,0.0,-0.1075083535203745,78.0,805.0,76.93534,-0.008118395066875,-0.1368231757653276,-0.1987119792150626,0.0918439804515465,-0.15,0.5240751365825693,3.8670684458397697,2.6100016161794035,Transit,1,1,182.751404,-9.7652392
CONFIRMED,-1.0399908322572302,-0.3821541744758658,0.0,-0.1075083535203745,3842.3392,2008.02,88.7,0.0112335255546105,-0.1422818730616192,0.0390058998294608,0.6461626227489193,,0.2947123694812825,2.634622507457639,2.3712367160120915,Transit,1,1,182.751404,-9.7652392
CONFIRMED,-1.039990231128505,-0.8262632261617562,0.0,-0.1075083535203745,78.0,805.0,89.7,0.0971076733124526,-0.111418625994107,0.0390058998294608,0.5621635479870712,-0.02,0.8488263631567753,5.333333333333333,2.8284271247461903,Transit,1,1,182.751404,-9.7652392
CONFIRMED,-1.0399903449751924,-0.6862059083173478,0.0,-0.1075083535203745,78.0,2062.0,88.7,0.1515349500603807,-0.1455354840959297,-0.0842086749098351,0.609195504740627,-0.17,0.5831038012729731,4.152249134948097,2.6568446566202857,Transit,1,1,182.751404,-9.7652392
CONFIRMED,-0.0376208099851639,2.9305917673035538,0.0,-0.1075083535203745,78.0,805.0,86.99738,-0.102459008096617,0.6576498440944964,0.3607129937450253,-3.200392992297139,0.07,0.008855650911384,0.2546438237942541,1.3221435123499756,Transit,1,1,182.1662666,-8.7472172
CONFIRMED,-0.037827157106151,4.446061449639044,0.0,-0.1075083535203745,293.374,1152.0,88.7,-0.2258275020585874,1.5830519930630818,0.0390058998294608,-0.1997541514204811,,0.0038922532947296,0.1472042056932209,1.1528568013439529,Transit,1,1,182.1662666,-8.7472172
CONFIRMED,-0.0377631183444654,-0.0559479780175102,0.0,5.667364307009214,78.0,805.0,77.5,-0.3383105406709722,1.6171688511649045,0.6550787735259401,-5.566100417000835,-0.01,0.1629943659338937,1.7751479289940826,2.1483446221182985,Transit,1,1,182.1662666,-8.7472172
CONFIRMED,-0.7323743185754789,-0.9383090804372828,0.0,-0.1075083535203745,78.0,805.0,87.6,-1.771562161699746,-0.3132767030965574,-1.251666770564663,0.0495152193733475,,1.1906338943179997,6.68300289596792,2.9925280083228984,Transit,1,1,70.1493775,25.0098135
CONFIRMED,-0.7323891186448461,-0.959317678113944,0.0,-0.1075083535203745,78.0,805.0,87.56,-1.771562161699746,-0.3047474885711018,-1.1007289165090255,0.0495152193733475,,1.2743207350832846,6.992599498863702,3.0265996338319097,Transit,1,1,70.1493775,25.0098135
CONFIRMED,-0.5278066213131146,-0.840268957946197,0.0,-0.1075083535203745,78.0,805.0,88.65,-1.771562161699746,-0.3047474885711018,-1.1007289165090255,0.0495152193733475,,0.8837053628530506,5.47845142439737,2.847473987257497,Transit,1,1,70.1493775,25.0098135
CONFIRMED,-0.5278476061205934,-0.7541337074718859,0.0,-0.1075083535203745,78.0,805.0,88.21,-1.771562161699746,-0.3132767030965574,-1.251666770564663,0.0495152193733475,,0.695491889281536,4.6699711901694,2.736048942881239,Transit,1,1,70.1493775,25.0098135
CONFIRMED,0.1729425092246005,-0.4621141997662945,0.0,-0.1075083535203745,78.0,805.0,89.52,-1.771562161699746,-0.3047474885711018,-1.1007289165090255,0.0495152193733475,,0.3475669944577018,2.9408881482207625,2.4373333911071624,Transit,1,1,70.1493775,25.0098135
CONFIRMED,0.1731112414000569,-0.1480846845614542,0.0,-0.1075083535203745,48.3251,734.0,88.7,-1.5986043711452187,-0.3104336315880722,0.0390058998294608,1.3617068127974656,,0.1904715819704664,1.969425759784652,2.204855920060363,Transit,1,1,70.1493775,25.0098135
CONFIRMED,0.1730722944482834,-0.4740190717830691,0.0,-0.1075083535203745,78.0,805.0,89.4,-1.771562161699746,-0.3132767030965574,-1.251666770564663,0.0495152193733475,,0.3564920004306631,2.9910202095758005,2.447654689653001,Transit,1,1,70.1493775,25.0098135
CONFIRMED,1.9444766584899733,-0.6651973106406867,0.0,-0.1075083535203745,1.8,296.0,89.164,-1.771562161699746,-0.3132767030965574,-1.251666770564663,0.0495152193733475,,0.5532919191323351,4.00948912426075,2.633707687836883,Transit,1,1,70.1493775,25.0098135
CONFIRMED,-0.1740280400897669,-1.141392191311675,0.0,17.352988984786737,78.0,805.0,89.2,-0.9200776543543816,-0.1608880702417499,-0.5585847876561237,0.2658622204396909,0.17,2.4747124290284988,10.884353741496598,3.3806170189140663,Transit,1,1,67.4128615,22.8825674
CONFIRMED,-0.1740744895382429,-1.1834093866649975,0.0,0.5039487517121704,78.0,553.0,89.3,-0.7507483489163831,-0.1967107712486635,-0.3922451117580746,0.8443552885083894,0.15,2.952480602014551,12.243648607284973,3.481553119113957,Transit,1,1,67.4128615,22.8825674
CONFIRMED,0.8882879235591442,0.3222067801623923,0.0,10.55902114886957,78.0,805.0,89.7,-0.9200776543543816,-0.1608880702417499,-0.5585847876561237,0.2658622204396909,0.17,0.0925345021055529,1.2170879143170108,1.954905637353224,Transit,1,1,67.4128615,22.8825674
CONFIRMED,0.8883251514259377,0.1611408646413227,0.0,1.3192248920222298,78.0,425.0,89.6,-0.7507483489163831,-0.1967107712486635,-0.3922451117580746,0.8443552885083894,0.15,0.1162555432171181,1.4170829347787577,2.030692330267238,Transit,1,1,67.4128615,22.8825674
CONFIRMED,0.8883892471109671,0.2451752553479675,0.0,-0.1075083535203745,11.9,805.0,89.3,-0.9140301791601674,-0.1682800561638114,-0.4846560428125465,0.7032594182477303,0.15,0.1029828131726523,1.307061399209228,1.9900743804199783,Transit,1,1,67.4128615,22.8825674
CONFIRMED,0.8883110344366951,-0.0559479780175102,0.0,-0.1075083535203745,78.0,805.0,89.3,-0.9140301791601674,-0.1682800561638114,-0.4846560428125465,0.7032594182477303,0.15,0.1629943659338937,1.7751479289940826,2.1483446221182985,Transit,1,1,67.4128615,22.8825674
CONFIRMED,0.8883167381557359,0.7336251513303418,0.0,-0.1075083535203745,31.2616,658.0,88.7,-1.0753768173418028,-0.1341631980619888,0.0390058998294608,-0.0022199330555567,,0.0553145877948093,0.8636662361830271,1.7942452160650264,Transit,1,1,67.4128615,22.8825674
CONFIRMED,1.8296013662278008,-0.8612775556228583,0.0,1.5909836054589166,78.0,373.0,89.4,-0.7507483489163831,-0.1967107712486635,-0.3922451117580746,0.8443552885083894,0.15,0.9396987086486914,5.707491082045184,2.876779808912305,Transit,1,1,67.4128615,22.8825674
CONFIRMED,1.8291955027870737,-0.7912488967006541,0.0,18.168265125096795,78.0,805.0,89.4,-0.9200776543543816,-0.1608880702417499,-0.5585847876561237,0.2658622204396909,0.17,0.7693032058417955,4.994797086368366,2.782433374561009,Transit,1,1,67.4128615,22.8825674
CONFIRMED,-1.0615746522938458,-1.428509692892712,0.0,-0.1075083535203745,78.0,805.0,93.1,-1.7207633700683465,-0.4070980628765696,0.0390058998294608,2.4434418181291786,-0.059,10.928302672020402,29.296875,4.330127018922194,Transit,1,1,186.870426,-6.1952168
CONFIRMED,-0.8141299017607115,-0.8332660920539766,0.0,-0.1075083535203745,424.51,1157.0,87.72,0.1974957615364089,-0.0949288112448928,0.1498990170948271,0.2705654161150477,0.134,0.8660317845450811,5.405161929642809,2.837902619042413,Transit,1,1,348.9490311,-10.8497391
CONFIRMED,-0.814128763293837,-0.7772431649162133,0.0,8.738237768843772,486.0,805.0,86.9,0.3123977902264794,-0.0829879109092549,0.1930241182535807,0.5151315912335196,0.16,0.7402760168444233,4.868351657268043,2.7646540655045486,Transit,1,1,348.9490311,-10.8497391
CONFIRMED,-0.6767237808204999,-0.2940454183530046,0.0,-0.1075083535203745,248.95,1012.0,88.59,0.1974957615364089,-0.0949288112448928,0.1498990170948271,0.2705654161150477,0.134,0.2481803080585548,2.3494400501213883,2.3042861179277057,Transit,1,1,348.9490311,-10.8497391
CONFIRMED,-0.6767556578929834,-0.1119709051552736,0.0,5.830419535071226,279.0,805.0,87.5,0.3123977902264794,-0.0829879109092549,0.1930241182535807,0.5151315912335196,0.16,0.1790156560350476,1.889644746787604,2.182178902359924,Transit,1,1,348.9490311,-10.8497391
CONFIRMED,-0.4667119349647003,-0.1539881005085961,0.0,-0.1075083535203745,147.12,888.0,89.11,0.1974957615364089,-0.0949288112448928,0.1498990170948271,0.2705654161150477,0.134,0.1924364406251304,1.98294665873488,2.208630521496931,Transit,1,1,348.9490311,-10.8497391
CONFIRMED,-0.4667187657659468,-0.0139307826641876,0.0,7.243564844941996,160.0,805.0,87.9,0.3123977902264794,-0.0829879109092549,0.1930241182535807,0.5151315912335196,0.16,0.1522115914851141,1.6959692464243314,2.123976976214366,Transit,1,1,348.9490311,-10.8497391
CONFIRMED,-0.141497487620335,0.4272497685456985,0.0,6.34676109060093,91.1,805.0,88.7,0.3123977902264794,-0.0829879109092549,0.1930241182535807,0.5151315912335196,0.16,0.0804460904421099,1.1086372077124196,1.909821042237691,Transit,1,1,348.9490311,-10.8497391
CONFIRMED,-0.1414722591943981,0.4412344917324626,0.0,-0.1075083535203745,66.2634,794.0,88.7,0.1950767714587232,-0.0829879109092549,0.0390058998294608,0.2329398507122056,,0.0789987944921526,1.0953001091278745,1.9040510765759384,Transit,1,1,348.9490311,-10.8497391
CONFIRMED,-0.1414940722197119,0.3011981824857309,0.0,-0.1075083535203745,77.79,757.0,88.92,0.1974957615364089,-0.0949288112448928,0.1498990170948271,0.2705654161150477,0.134,0.0952382638169938,1.2406819615181814,1.964311813414953,Transit,1,1,348.9490311,-10.8497391
CONFIRMED,0.370374296118154,0.0911122057191185,0.0,7.678378786440694,51.0,805.0,89.03,0.3123977902264794,-0.0829879109092549,0.1930241182535807,0.5151315912335196,0.16,0.1291141014050819,1.5197375919757854,2.066509770954872,Transit,1,1,348.9490311,-10.8497391
CONFIRMED,0.3703731576512796,0.0350892785813551,0.0,-0.1075083535203745,43.02,653.0,88.99,0.1974957615364089,-0.0949288112448928,0.1498990170948271,0.2705654161150477,0.134,0.1408006616424954,1.6101115002213904,2.096569673443837,Transit,1,1,348.9490311,-10.8497391
CONFIRMED,3.695706251050219,0.350218243731274,0.0,-0.1075083535203745,9.29,445.0,89.29,0.1974957615364089,-0.0949288112448928,0.1498990170948271,0.2705654161150477,0.134,0.0890863728065759,1.1866619200189863,1.942571724714528,Transit,1,1,348.9490311,-10.8497391
CONFIRMED,2.1490043955650457,4.502917717817981,0.0,-0.1075083535203745,78.0,524.0,88.7,0.3027218299157366,-0.071615624875314,0.2854350493080523,0.2799718074657572,0.24,0.003789112552465,0.144592075631295,1.1477080678470015,Transit,1,1,289.066707,-17.9107147
CONFIRMED,2.14916970095521,4.613579581701497,0.0,-0.1075083535203745,78.0,805.0,89.55668,0.3692440570520932,-0.0760007783700017,0.2504051457096707,0.8443552885083894,0.23,0.0035985805846982,0.1397034002440179,1.1378815499154895,Transit,1,1,289.066707,-17.9107147
CONFIRMED,-0.1292729946323051,2.780212708331759,0.0,-0.1075083535203745,78.0,805.0,88.7,-1.5006352729989485,-0.2535722014183679,0.0390058998294608,0.0495152193733475,,0.0097415418550473,0.271355079427893,1.343320988518935,Transit,1,1,178.0568745,2.5941222
CONFIRMED,-0.1293898924109697,4.082745764284756,0.0,-0.1075083535203745,78.0,805.0,88.7,0.2011242466529375,-0.1694172847672055,0.0390058998294608,0.0495152193733475,,0.0046484049661046,0.1656998540460452,1.1874787399915188,Transit,1,1,178.0568745,2.5941222
CONFIRMED,-0.1292225377804311,1.2605908097199283,0.0,-0.1075083535203745,8.0,805.0,88.7,-1.5163587085039052,-0.3525110899136534,-1.33791697288217,1.9307934895154548,,0.0318609407347533,0.5978954081632653,1.6366341767699428,Transit,1,1,178.0568745,2.5941222
CONFIRMED,-0.1292759318768411,3.368453443278274,0.0,1.5909836054589166,5.5,805.0,88.19,-1.390063236547935,-0.2175607204632907,-0.7513139450989619,0.0495152193733475,,0.0068178459433433,0.2139033620260926,1.2657551823221715,Transit,1,1,178.0568745,2.5941222
CONFIRMED,-0.1293637076728582,1.4916853841632016,0.0,-0.1075083535203745,78.0,488.0,88.7,-1.6094898264948043,-0.3161197746050427,-1.2239434912483214,0.0495152193733475,-0.37,0.0257428963234388,0.5186699573393961,1.5794943794779692,Transit,1,1,178.0568745,2.5941222
CONFIRMED,-0.3341528936656392,-0.0559479780175102,0.0,-0.1075083535203745,78.0,805.0,88.3,0.6462184209471052,-0.0107738945937304,0.4240514458897599,-0.1339094119655063,0.12,0.1629943659338937,1.7751479289940826,2.1483446221182985,Transit,1,1,188.1373172,-9.6076115
CONFIRMED,-1.0501210379958172,-0.7224177278460197,0.0,-0.1075083535203745,3967.92,2211.0,88.7,-0.7773572397709257,-0.162593913146841,0.0390058998294608,0.3740357209728605,,0.6397227055135507,4.4168637085606015,2.698197969420212,Transit,1,1,350.9170464,-1.1891827
CONFIRMED,-0.7809949372276547,-0.9102976168684012,0.0,-0.1075083535203745,78.0,805.0,90.0,0.2011242466529375,-0.4440579924868774,0.0390058998294608,0.0495152193733475,,1.0900724849449013,6.301197227473221,2.948839123097943,Transit,1,1,130.0266951,19.0923416
CONFIRMED,-0.7809491708593033,-0.3710769431674291,0.0,-0.1075083535203745,78.0,534.0,88.7,-2.0824023866823578,-0.3843534908086878,-1.6551945028358566,2.067186164100757,-0.01,0.2882552706709212,2.5959978366684697,2.362497692874473,Transit,1,1,130.0266951,19.0923416
CONFIRMED,-0.7809287923022513,-0.5951686517184823,0.0,-0.1075083535203745,78.0,805.0,88.79,-2.1295726931972285,-0.3867820424912359,-1.7286273090161086,1.9651268179455477,,0.4674545243636996,3.5832661470930747,2.56073759865792,Transit,1,1,130.0266951,19.0923416
CONFIRMED,-0.7809105768322608,-0.0559479780175102,0.0,-0.1075083535203745,78.0,805.0,88.7,-2.1295726931972285,-0.3867820424912359,-1.7286273090161086,1.9651268179455477,,0.1629943659338937,1.7751479289940826,2.1483446221182985,Transit,1,1,130.0266951,19.0923416
CONFIRMED,-0.7809508785596149,-0.3360626137063268,0.0,-0.1075083535203745,20.7,805.0,88.7,-2.0981258221873147,-0.372981204774747,-1.5689443005183497,2.001341424645782,-0.02,0.2690447948585758,2.4793388429752063,2.335496832484569,Transit,1,1,130.0266951,19.0923416
CONFIRMED,-0.7810781591561741,-0.8472718238384175,0.0,-0.1075083535203745,78.0,805.0,88.7,0.2011242466529375,-0.4434893781851803,0.0390058998294608,0.0495152193733475,,0.9018631301124268,5.553241704845203,2.857142857142857,Transit,1,1,130.0266951,19.0923416
CONFIRMED,-0.9725240010707598,-0.9102976168684012,0.0,-0.1075083535203745,200.1,805.0,88.7,-1.7510007460394177,-0.2569838872285501,-0.8758623176098108,1.1265470290297035,0.19,1.0900724849449013,6.301197227473221,2.948839123097943,Transit,1,1,293.8330329,-28.498475
CONFIRMED,-0.9725241149174472,-1.3024581068327448,0.0,-0.1075083535203745,78.0,805.0,88.7,0.2011242466529375,-0.3951571625409317,0.0390058998294608,0.0495152193733475,,5.195783896878522,17.846519928613922,3.8254602783800298,Transit,1,1,293.8330329,-28.498475
CONFIRMED,-0.9725238872240722,-1.3654838998627283,0.0,-0.1075083535203745,78.0,805.0,89.9,-1.6264227570386045,-0.3957257768426286,0.0390058998294608,2.4434418181291786,-0.1,7.364174253706436,22.518296115593923,4.054424270396916,Transit,1,1,293.8330329,-28.498475
CONFIRMED,-0.9725214964436362,-0.8452689621760471,0.0,8.113192727939394,78.0,1077.0,83.6,-1.7292298353402462,-0.2433371439878211,-0.9374696049794587,0.8678712668851652,-0.02,0.896619501287864,5.5316956202506296,2.8543674506174006,Transit,1,1,293.8330329,-28.498475
CONFIRMED,-0.5829368797064876,-0.9453119463295032,0.0,-0.1075083535203745,48.8,805.0,88.7,-1.2587362652303788,-0.2126319716961807,-0.6694779049214901,0.8114329187809,-0.11,1.217692731880913,6.783876985697326,3.0037570459305534,Transit,1,1,14.5176494,-0.193258
CONFIRMED,-0.5829391566402362,-1.3857922109501677,0.0,-0.1075083535203745,78.0,805.0,88.7,0.2011242466529375,-0.361040304439109,0.0390058998294608,0.0495152193733475,,8.316461528633685,24.419974725326163,4.137439097129242,Transit,1,1,14.5176494,-0.193258
CONFIRMED,-0.2939199866340332,-0.6651973106406867,0.0,-0.1075083535203745,26.5,805.0,88.7,-1.2587362652303788,-0.2126319716961807,-0.6694779049214901,0.8114329187809,-0.11,0.5532919191323351,4.00948912426075,2.633707687836883,Transit,1,1,14.5176494,-0.193258
CONFIRMED,-0.2939302328359029,-1.2464351796949813,0.0,-0.1075083535203745,78.0,805.0,88.7,0.2011242466529375,-0.361040304439109,0.0390058998294608,0.0495152193733475,,3.9297516812813664,14.814814814814811,3.651483716701107,Transit,1,1,14.5176494,-0.193258
CONFIRMED,0.0289184803434355,-1.2604409114794222,0.0,-0.1075083535203745,78.0,805.0,88.7,0.2011242466529375,-0.361040304439109,0.0390058998294608,0.0495152193733475,,4.203824919665249,15.495867768595042,3.692744729379982,Transit,1,1,14.5176494,-0.193258
CONFIRMED,0.0288695262678356,-0.7282231036706704,0.0,-0.1075083535203745,16.8,805.0,88.7,-1.2587362652303788,-0.2126319716961807,-0.6694779049214901,0.8114329187809,-0.11,0.6494729871098153,4.461629982153481,2.705008904002297,Transit,1,1,14.5176494,-0.193258
CONFIRMED,0.2080755969689369,-0.7282231036706704,0.0,-0.1075083535203745,7.0,805.0,88.7,-1.6627076082038896,-0.2490232870047916,-0.838897945188022,1.0654054852500854,0.11,0.6494729871098153,4.461629982153481,2.705008904002297,Transit,1,1,9.8217519,7.2769939
CONFIRMED,0.2624988674333002,0.2801895848090698,0.0,-0.1075083535203745,78.0,805.0,88.7,0.2011242466529375,-0.1171047690110775,0.0390058998294608,0.0495152193733475,,0.0980483946277609,1.26496879743633,1.973855084879307,Transit,1,1,178.1105741,4.2546649
CONFIRMED,0.2623119311725219,0.2941953165935106,0.0,-0.1075083535203745,78.0,805.0,88.7,-0.1544672947668595,-0.1398493410789592,0.0390058998294608,0.0495152193733475,,0.0961629007302244,1.2486992715920917,1.967477507351859,Transit,1,1,178.1105741,4.2546649
CONFIRMED,0.2625398522407789,-0.1399823687241553,0.0,-0.1075083535203745,78.0,676.0,88.7,0.0136525156322962,-0.1853384852147226,-0.4538523991277225,0.0495152193733475,-0.46,0.1878181654887196,1.951092611862643,2.1997067253202998,Transit,1,1,178.1105741,4.2546649
CONFIRMED,0.2624601595595701,0.1121208033957796,0.0,-0.1075083535203745,48.0,805.0,88.7,0.2349901077405372,-0.1284770550450183,-0.1766196059643067,0.425770873401769,,0.1250655267499338,1.4878000396746678,2.055566129482595,Transit,1,1,178.1105741,4.2546649
CONFIRMED,0.1240077875617745,-0.4761199315507353,0.0,-0.1075083535203745,4.9,805.0,88.7,-1.96024338775923,-0.3240803748288013,-1.2639882280385926,1.606272987915942,0.09,0.3580986219567645,3.0,2.449489742783178,Transit,1,1,18.3443908,8.9874328
CONFIRMED,0.1240180337636442,-0.6792030424251274,0.0,-0.1075083535203745,78.0,805.0,88.7,0.2011242466529375,-0.3672950617577765,0.0390058998294608,0.0495152193733475,,0.572933617332172,4.103826818508259,2.649064714130088,Transit,1,1,18.3443908,8.9874328
CONFIRMED,-0.6453788277540802,-0.8332660920539766,0.0,-0.1075083535203745,78.0,566.0,88.7,-1.723182360146032,-0.3161197746050427,-1.2239434912483214,1.502802683058125,-0.19,0.8660317845450811,5.405161929642809,2.837902619042413,Transit,1,1,19.3047733,9.5012663
CONFIRMED,-0.6453902124228242,-0.8262632261617562,0.0,-0.1075083535203745,78.0,805.0,88.7,0.2011242466529375,-0.3161197746050427,0.0390058998294608,0.0495152193733475,,0.8488263631567753,5.333333333333333,2.8284271247461903,Transit,1,1,19.3047733,9.5012663
CONFIRMED,-0.6453726800329583,-1.1385910449547867,0.0,-0.1075083535203745,78.0,805.0,88.7,0.2011242466529375,-0.3894710195239612,0.0390058998294608,0.0495152193733475,,2.4466441260488607,10.801896813080376,3.3741960881055384,Transit,1,1,19.3047733,9.5012663
CONFIRMED,-0.645365621538337,-0.9313062145450623,0.0,-0.1075083535203745,20.8,805.0,88.7,-1.8562268144187453,-0.3280606749406805,-1.3163544223027932,1.5968665965652322,-0.32,1.1643708685278122,6.584362139917695,2.981423969999719,Transit,1,1,19.3047733,9.5012663
CONFIRMED,2.6353666658952863,0.0911122057191185,0.0,-0.1075083535203745,2.9,805.0,88.7,-1.4268560756295343,-0.2132005859978778,-0.6571564474475605,0.830245701482323,0.09,0.1291141014050819,1.5197375919757854,2.066509770954872,Transit,1,1,181.6324078,-5.8274311
CONFIRMED,2.6348202017955686,-0.2730368206763432,0.0,-0.1075083535203745,78.0,337.0,88.7,-1.3010685915898783,-0.2251414863335157,-0.7310851922911381,0.891387245261941,0.12,0.2385537180235669,2.288285883183005,2.289142781149547,Transit,1,1,181.6324078,-5.8274311
CONFIRMED,-0.2264157317826827,-0.4761199315507353,0.0,-0.1075083535203745,11.8,805.0,88.7,-1.6929449841749609,-0.2905321310286757,-1.0945681877720608,1.319378051719271,-0.26,0.3580986219567645,3.0,2.449489742783178,Transit,1,1,183.8088709,2.0208765
CONFIRMED,-0.2263929624451944,-0.4761199315507353,0.0,-0.1075083535203745,78.0,497.0,88.7,-1.541758104319605,-0.2706306304692792,-0.9775143417697296,1.1735789857832593,-0.09,0.3580986219567645,3.0,2.449489742783178,Transit,1,1,183.8088709,2.0208765
CONFIRMED,-0.663505041941709,-0.4831227974429558,0.0,-0.1075083535203745,78.0,715.0,88.7,-1.2369653545312076,-0.2137692002995748,-0.6694779049214901,0.7973233317548377,0.21,0.3635242670835195,3.03022650943158,2.4556365272101743,Transit,1,1,189.0015173,-2.6696217
CONFIRMED,-0.6634947957398394,-0.3150540160296657,0.0,-0.1075083535203745,57.5,805.0,88.7,-1.3808952641535064,-0.202965528567331,-0.6017098888148773,0.7738073533780577,0.19,0.2583319056239181,2.4130788875706326,2.319734019081177,Transit,1,1,189.0015173,-2.6696217
CONFIRMED,-0.1764006050560403,-0.4270998703051925,0.0,-0.1075083535203745,78.0,552.0,88.7,-1.2369653545312076,-0.2137692002995748,-0.6694779049214901,0.7973233317548377,0.21,0.3229844399836745,2.800532101099209,2.407717061715384,Transit,1,1,189.0015173,-2.6696217
CONFIRMED,-0.1764097127910355,-0.406091272628531,0.0,-0.1075083535203745,20.5,805.0,88.7,-1.3808952641535064,-0.202965528567331,-0.6017098888148773,0.7738073533780577,0.19,0.3093390536285623,2.7210884353741496,2.390457218668787,Transit,1,1,189.0015173,-2.6696217
CONFIRMED,-0.36001937336236,-0.6161772493951436,0.0,-0.1075083535203745,78.0,708.0,88.3,-1.0422366532775091,-0.242199915384427,-0.6694779049214901,0.5621635479870712,-0.3,0.4912189601601708,3.7037037037037033,2.581988897471611,Transit,1,1,65.469614,21.3532633
CONFIRMED,-0.3598315263280821,-0.7912488967006541,0.0,-0.1075083535203745,19.9,805.0,88.7,-1.4522554714452345,-0.2729050876760673,-1.0083179854545536,1.182985377133969,-0.42,0.7693032058417955,4.994797086368366,2.782433374561009,Transit,1,1,65.469614,21.3532633
CONFIRMED,0.4951992196292449,-0.5111342610118375,0.0,-0.1075083535203745,7.0,805.0,88.7,-1.4522554714452345,-0.2729050876760673,-1.0083179854545536,1.182985377133969,-0.42,0.3863570155470074,3.155818540433925,2.480694691784169,Transit,1,1,65.469614,21.3532633
CONFIRMED,0.4951385393448387,-0.0559479780175102,0.0,-0.1075083535203745,78.0,805.0,88.9,-1.4522554714452345,-0.2729050876760673,-1.0083179854545536,1.182985377133969,-0.42,0.1629943659338937,1.7751479289940826,2.1483446221182985,Transit,1,1,65.469614,21.3532633
CONFIRMED,0.4947415559457315,-0.0559479780175102,0.0,-0.1075083535203745,78.0,583.0,88.96,-1.0422366532775091,-0.242199915384427,-0.6694779049214901,0.5621635479870712,-0.3,0.1629943659338937,1.7751479289940826,2.1483446221182985,Transit,1,1,65.469614,21.3532633
CONFIRMED,0.495114351531133,-0.3291410510871153,0.0,-0.1075083535203745,9.7561,450.75,88.7,-1.4831338797868925,-0.1991182842020488,0.0390058998294608,0.4808923267169345,,0.2654509372525446,2.457210317937782,2.3302681220247137,Transit,1,1,65.469614,21.3532633
CONFIRMED,3.553574354114326,-0.5461485904729395,0.0,-0.1075083535203745,78.0,381.0,89.61,-1.0422366532775091,-0.242199915384427,-0.6694779049214901,0.5621635479870712,-0.3,0.4176686070351533,3.32409972299169,2.513123449750173,Transit,1,1,65.469614,21.3532633
CONFIRMED,3.5496466433976064,-0.7282231036706704,0.0,-0.1075083535203745,1.67,805.0,88.7,-1.4522554714452345,-0.2729050876760673,-1.0083179854545536,1.182985377133969,-0.42,0.6494729871098153,4.461629982153481,2.705008904002297,Transit,1,1,65.469614,21.3532633
CONFIRMED,-0.9894607450680036,-1.075465258002728,0.0,-0.1075083535203745,78.0,805.0,84.00546,-0.7979186554312541,-0.221989657259209,-0.6933106840404384,0.9384192020154928,-0.33,1.9127224366108335,9.16686403243297,3.2385492723777585,Transit,1,1,182.699673,-6.2943552
CONFIRMED,-0.989461428148128,-1.1063778618505729,0.0,-0.1075083535203745,78.0,805.0,89.8,-0.7979186554312541,-0.2194553433165453,0.0390058998294608,1.0324831155226002,-0.33,2.152358358868607,9.917355371900824,3.302891295379082,Transit,1,1,182.699673,-6.2943552
CONFIRMED,-0.9894617696881904,-1.0713635323894708,0.0,-0.1075083535203745,78.0,1347.0,88.7,-0.632217835109784,-0.1967107712486635,-0.6386742612366662,0.6562274614941787,-0.25,1.8836452539847897,9.073724007561438,3.230291412348993,Transit,1,1,182.699673,-6.2943552
CONFIRMED,-1.0404517655993917,-1.1375540045505397,0.0,-0.1075083535203745,78.0,805.0,76.71065,0.4067384032562215,-0.0740328042718282,0.2223153030334798,0.3270037642193089,0.13,2.436360362513694,10.771607128944282,3.37182819424009,Transit,1,1,183.7514959,-5.7820178
CONFIRMED,-1.0404513102126416,-1.176406520772777,0.0,-0.1075083535203745,78.0,805.0,89.7,0.4067384032562215,-0.071615624875314,0.0390058998294608,0.0918439804515465,0.13,2.8647889756541165,12.0,3.4641016151377544,Transit,1,1,183.7514959,-5.7820178
CONFIRMED,0.0635023716675556,-0.0317392386968855,0.0,-0.1075083535203745,78.0,805.0,88.40454,0.4466517395380354,-0.0647370976676849,0.2015166828174864,-0.0962838465626642,0.07,0.156661950328314,1.7288680194674018,2.134203224418872,Transit,1,1,179.9397081,-5.7216879
CONFIRMED,0.0633183954206507,-0.0279365144486285,0.0,-0.1075083535203745,78.0,794.0,88.7,0.4635846700818353,-0.031812623756521,0.1622204745687567,-0.1433158033162158,0.07,0.155697219246861,1.7217630853994488,2.1320071635561044,Transit,1,1,179.9397081,-5.7216879
CONFIRMED,-0.4100219769533838,-0.9803262757906054,0.0,-0.1075083535203745,78.0,948.0,88.7,0.4635846700818353,-0.031812623756521,0.1622204745687567,-0.1433158033162158,0.07,1.3660378340025503,7.32421875,3.061862178478973,Transit,1,1,179.9397081,-5.7216879
CONFIRMED,0.3321741786141533,-0.2940454183530046,0.0,-0.1075083535203745,78.0,684.0,88.7,0.3692440570520932,-0.1000463399601662,0.1006131871991088,0.3740357209728605,-0.07,0.2481803080585548,2.3494400501213883,2.3042861179277057,Transit,1,1,180.5408896,-3.5809053
CONFIRMED,0.3320635196339604,-0.330783286164634,0.0,-0.1075083535203745,78.0,805.0,89.06464,0.3619870868190362,-0.1000946721758105,0.0565639767298106,0.4210676777264163,-0.1,0.2662978096123929,2.4624337278585986,2.3315055267575144,Transit,1,1,180.5408896,-3.5809053
CONFIRMED,-0.2146872460424962,-0.504131395119617,0.0,-0.1075083535203745,47.7,805.0,88.7,-0.3866903422246861,-0.1910246282316931,-0.5462633301821945,0.6985562225723735,,0.3804735080161801,3.123698458975427,2.4743582965269675,Transit,1,1,175.0972238,4.5574311
CONFIRMED,-0.2143901061882748,-0.5671571881496007,0.0,-0.1075083535203745,78.0,805.0,88.7,0.2011242466529375,-0.2626700302455206,0.0390058998294608,0.0495152193733475,,0.4380945163583568,3.431610855329005,2.5332019855244945,Transit,1,1,175.0972238,4.5574311
CONFIRMED,-0.2145623106876983,-0.2030081617541389,0.0,-0.1075083535203745,78.0,805.0,88.7,-0.6043994492163985,-0.1682800561638114,0.0390058998294608,0.0495152193733475,,0.2098451489240535,2.1008035573606905,2.240741060919813,Transit,1,1,175.0972238,4.5574311
CONFIRMED,-0.2146599228375103,-0.4621141997662945,0.0,-0.1075083535203745,44.5,658.0,87.97,-0.4568410544775712,-0.1967107712486635,-0.5770669738670181,0.1388759372050981,-0.33,0.3475669944577018,2.9408881482207625,2.4373333911071624,Transit,1,1,175.0972238,4.5574311
CONFIRMED,-0.2144470295319955,-0.38508267495187,0.0,-0.1075083535203745,78.0,710.0,88.7,-0.4338606487395571,-0.2080830572826044,-0.6078706175518421,0.0495152193733475,-0.4,0.2964516189628062,2.644977848310521,2.3735633163877066,Transit,1,1,175.0972238,4.5574311
CONFIRMED,1.0896314826331754,-0.3780798090596494,0.0,-0.1075083535203745,78.0,523.0,88.7,-0.4338606487395571,-0.2080830572826044,-0.6078706175518421,0.0495152193733475,-0.4,0.2923151448208467,2.620316184819635,2.368011113891575,Transit,1,1,175.0972238,4.5574311
CONFIRMED,1.0895381283494736,-0.069953709801951,0.0,-0.1075083535203745,78.0,805.0,88.7,-0.6043994492163985,-0.1682800561638114,0.0390058998294608,0.0495152193733475,,0.1668143927493756,1.8027762754642147,2.1566554640687685,Transit,1,1,175.0972238,4.5574311
CONFIRMED,1.0890440337259792,-0.588165785826262,0.0,-0.1075083535203745,78.0,805.0,88.7,0.2011242466529375,-0.2626700302455206,0.0390058998294608,0.0495152193733475,,0.4598743295861301,3.544423440453686,2.553769592276246,Transit,1,1,175.0972238,4.5574311
CONFIRMED,1.090003761301108,-0.0979651733708327,0.0,-0.1075083535203745,13.1,485.0,87.83,-0.4568410544775712,-0.1967107712486635,-0.5770669738670181,0.1388759372050981,-0.33,0.1748201493357269,1.86000372000744,2.173570668006655,Transit,1,1,175.0972238,4.5574311
CONFIRMED,1.089818191200579,-0.3430654795985474,0.0,-0.1075083535203745,14.0,805.0,88.7,-0.3866903422246861,-0.1910246282316931,-0.5462633301821945,0.6985562225723735,,0.2727471945817198,2.5020329017326577,2.340822943922612,Transit,1,1,175.0972238,4.5574311
CONFIRMED,-0.6601339276798893,0.3489859774316834,0.0,-0.1075083535203745,78.0,805.0,88.25363,0.640170945752891,-0.0524226177358321,0.3557566874761369,0.609195504740627,0.07,0.0892344250478964,1.187976294857842,1.943109411042242,Transit,1,1,184.0545174,-3.5530888
CONFIRMED,-0.0251748624207233,2.407108620116437,0.0,-0.1075083535203745,78.0,805.0,87.25087,-0.1786571955437164,0.8883036866634884,0.3682229220753852,-3.999936257107533,-0.03,0.0125150324370247,0.3206816734529067,1.400599112531451,Transit,1,1,183.7938491,-3.4956913
CONFIRMED,-0.0053018985076853,-0.8358536790126156,0.0,-0.1075083535203745,78.0,805.0,88.76118,-0.2838832639230441,-0.1593948890854934,-0.2793990434830903,1.0795150722761515,-0.09,0.8725068704874186,5.432070425822944,2.841428024245899,Transit,1,1,186.0383865,-1.111479
CONFIRMED,-0.0051717717439399,-0.8682804215150788,0.0,-0.1075083535203745,78.0,631.0,88.7,-0.3358915505932865,-0.1796523421977523,-0.3614414680732506,0.7032594182477303,-0.17,0.9594120315628336,5.787037037037037,2.886751345948129,Transit,1,1,186.0383865,-1.111479
CONFIRMED,-0.3223227997569114,-0.1497113592709604,0.0,-0.1075083535203745,78.0,805.0,88.25311,-0.220989521903216,-0.138597821000924,-0.1269887752593186,1.0795150722761515,0.14,0.1910103147673837,1.9731375811113667,2.2058940720827223,Transit,1,1,182.3292517,-0.5393421
CONFIRMED,0.8938517250210805,-0.6091743835029232,0.0,-0.1075083535203745,78.0,805.0,88.7,0.9364972302693884,0.0307349494301537,0.0390058998294608,0.0495152193733475,,0.4831221086475979,3.6628918531180368,2.574846452537247,Transit,1,1,171.933659,-0.0628488
CONFIRMED,0.8952314330261795,-0.5251399927962783,0.0,-0.1075083535203745,78.0,805.0,88.7,0.2011242466529375,0.1501439527865327,0.0390058998294608,0.0495152193733475,,0.3984930117613641,3.221562994979731,2.493514904770148,Transit,1,1,171.933659,-0.0628488
CONFIRMED,0.8937817093083043,0.3987131460578274,0.0,-0.1075083535203745,78.0,805.0,87.88981,0.8119192412685753,0.6767200305448119,0.965869056119603,-3.1533610355435853,-0.23,0.0835109110992318,1.136619151537032,1.921759576289717,Transit,1,1,171.933659,-0.0628488
CONFIRMED,-0.8139270269636913,-0.984222271209681,0.0,-0.1075083535203745,78.0,805.0,87.08276,0.0789652477298099,-0.1149286820784829,-0.1000817925006247,-0.0962838465626642,-0.05,1.3840059638276905,7.388304667700162,3.068538032812822,Transit,1,1,184.9004881,0.968327
CONFIRMED,-0.583074064964854,-0.7883844794504297,0.0,-0.1075083535203745,78.0,805.0,87.05435,0.0789652477298099,-0.1149286820784829,-0.1000817925006247,-0.0962838465626642,-0.05,0.7632447849125433,4.968539176884716,2.7787692938409765,Transit,1,1,184.9004881,0.968327
CONFIRMED,0.5233581731476243,-0.0222677085146078,0.0,-0.1075083535203745,78.0,805.0,89.0019,0.0789652477298099,-0.1149286820784829,-0.1000817925006247,-0.0962838465626642,-0.05,0.1542737238775207,1.711252635574063,2.128745995598217,Transit,1,1,184.9004881,0.968327
CONFIRMED,0.5194009085651563,0.3578357301542568,0.0,-0.1075083535203745,37.0819,629.38,88.7,0.0265578276967494,-0.0957214595814585,0.0390058998294608,0.2353384805066337,,0.0881783914959463,1.1785850732828462,1.9392577942433409,Transit,1,1,184.9004881,0.968327
CONFIRMED,-0.1112394288789158,-0.5999103202255684,0.0,-0.1075083535203745,78.0,805.0,87.42879,0.9703630913569882,0.1081910209930231,0.6324843008831215,-1.130986895140821,0.05,0.4726819355101221,3.60993036910496,2.565488178210076,Transit,1,1,185.1880932,2.2823788
CONFIRMED,-0.1112700536378376,-0.3430654795985474,0.0,-0.1075083535203745,78.0,1140.0,88.7,1.0163239028330164,0.3434728153635275,0.9015079230045312,-1.8364662464441124,0.09,0.2727471945817198,2.5020329017326577,2.340822943922612,Transit,1,1,185.1880932,2.2823788
CONFIRMED,0.0539872363012562,-0.2380224912152412,0.0,-0.1075083535203745,78.0,805.0,88.7,0.9534301608131884,0.2803566278751557,0.4702569114169962,-2.8241373382687174,,0.2235862358489626,2.191540653079115,2.264554068289192,Transit,1,1,336.5761233,-18.011665
CONFIRMED,0.0539887732315366,-0.2204488482787751,0.0,10.830779862306258,78.0,1220.0,86.8,1.4396471664280128,0.2803566278751557,0.6674002309998698,-1.6859639848327437,-0.456,0.2165443742748669,2.1452805329952302,2.2525079604775464,Transit,1,1,336.5761233,-18.011665
CONFIRMED,0.0536315223263463,-0.38508267495187,0.0,-0.1075083535203745,78.0,805.0,88.7,1.1409018918338296,0.0989686656337988,0.0390058998294608,0.0495152193733475,,0.2964516189628062,2.644977848310521,2.3735633163877066,Transit,1,1,336.5761233,-18.011665
CONFIRMED,0.0538680957428489,0.097530822509951,0.0,-0.1075083535203745,78.0,805.0,88.60361,0.9534301608131884,0.4684843754345275,0.4587517505007144,-2.8241373382687174,-0.45,0.1278588601062637,1.5098716837405075,2.063147707315811,Transit,1,1,336.5761233,-18.011665
CONFIRMED,0.0539649710085918,-0.4400318946795745,0.0,-0.1075083535203745,300.9647,1062.3,88.7,1.1536015897416796,0.2646116978611645,0.0390058998294608,-1.7894342896905606,,0.3317851642499523,2.851176678417173,2.418529249127581,Transit,1,1,336.5761233,-18.011665
CONFIRMED,0.0539920747854724,-0.291094340637364,0.0,8.928468868249452,229.0,1131.0,87.41,1.2352425048635718,0.2581806701089709,1.4467324162259154,-1.149799677842244,0.425,0.2467971641399288,2.340702747606952,2.3021407787188863,Transit,1,1,336.5761233,-18.011665
CONFIRMED,0.7226967782091294,-0.3430654795985474,0.0,-0.1075083535203745,78.0,805.0,88.7,0.2011242466529375,-0.057968881634585,0.0390058998294608,0.0495152193733475,,0.2727471945817198,2.5020329017326577,2.340822943922612,Transit,1,1,333.1100738,-16.3418863
CONFIRMED,0.7228890652642176,-0.3749549132096979,0.0,-0.1075083535203745,78.0,805.0,88.94801,0.5252689170628205,-0.0749073330678382,0.1213717626783114,-0.0962838465626642,-0.13,0.2904941451166155,2.6094225470942987,2.365546089829561,Transit,1,1,333.1100738,-16.3418863
CONFIRMED,0.7229039791802723,-0.2380224912152412,0.0,-0.1075083535203745,78.0,805.0,88.7,0.4539087097710925,-0.071615624875314,0.0390058998294608,0.0495152193733475,,0.2235862358489626,2.191540653079115,2.264554068289192,Transit,1,1,333.1100738,-16.3418863
CONFIRMED,0.7226967782091294,-0.5741600540418211,0.0,-0.1075083535203745,78.0,766.35,89.4,0.4632218215701822,-0.1000463399601662,0.0297648067240136,0.0495152193733475,,0.4451986144917797,3.4686090877558096,2.54000254000381,Transit,1,1,333.1100738,-16.3418863
CONFIRMED,-0.3556017803495814,-0.9850275027471638,0.0,-0.1075083535203745,78.0,805.0,87.83658,0.5180119468297634,-0.0494095305511394,0.3659680953576563,0.3740357209728605,0.26,1.3877588907992289,7.4016549240686915,3.069923263995816,Transit,1,1,337.0442461,-14.5993376
CONFIRMED,-0.3555884602871508,-0.9376087938480608,0.0,-0.1075083535203745,78.0,805.0,88.7,0.2011242466529375,-0.0141855804039127,0.0390058998294608,0.0495152193733475,,1.1879722696091648,6.67303941931211,2.9914120179770523,Transit,1,1,337.0442461,-14.5993376
CONFIRMED,-0.3557375994476987,-0.88928901919174,0.0,-0.1075083535203745,78.0,805.0,88.7,0.2749034440223512,-0.1000463399601662,0.0390058998294608,0.0495152193733475,,1.021963297097916,6.035913686434284,2.917299829957891,Transit,1,1,337.0442461,-14.5993376
CONFIRMED,0.9632662134410056,-0.8052546284850949,0.0,-0.1075083535203745,4.91,805.0,88.7,-1.2309178793369933,-0.3001985741575255,-1.0329609004024127,1.4933962917074153,,0.7998680401549698,5.126233499935922,2.80056016805602,Transit,1,1,178.3296746,6.4123178
CONFIRMED,0.963598645768334,-0.6301829811795845,0.0,-0.1075083535203745,78.0,805.0,88.7,0.2011242466529375,-0.255846658625156,0.0390058998294608,0.0495152193733475,,0.5079636437300995,3.787400580734756,2.5964539344474926,Transit,1,1,178.3296746,6.4123178
CONFIRMED,0.963685055404102,-0.5128793821950446,0.0,-0.1075083535203745,78.0,805.0,89.39941,-0.8922592684609961,-0.2303335035223114,-0.7468628185865047,1.0795150722761515,-0.35,0.3878420488391382,3.163900009632209,2.48228131933506,Transit,1,1,178.3296746,6.4123178
CONFIRMED,0.9635087068852556,-0.3150540160296657,0.0,-0.1075083535203745,78.0,487.0,88.7,-0.9672479608692528,-0.1967107712486635,-0.4846560428125465,0.0495152193733475,0.15,0.2583319056239181,2.4130788875706326,2.319734019081177,Transit,1,1,178.3296746,6.4123178
CONFIRMED,0.9636793630697296,-0.4551113338740742,0.0,2.678018459205662,10.5,805.0,89.08,-1.2110700657495823,-0.2160356969061393,-0.6453401697300621,0.0495152193733475,,0.3424557976124969,2.911985245941421,2.431322695419324,Transit,1,1,178.3296746,6.4123178
CONFIRMED,0.9635868057128404,-0.3710769431674291,0.0,-0.1075083535203745,78.0,805.0,88.7,-1.1716526224336938,-0.2137692002995748,0.0390058998294608,0.0495152193733475,,0.2882552706709212,2.5959978366684697,2.362497692874473,Transit,1,1,178.3296746,6.4123178
CONFIRMED,-0.2198285624473381,-0.7422288354551111,0.0,-0.1075083535203745,78.0,805.0,88.7,0.2011242466529375,0.04489344554241,0.0390058998294608,0.0495152193733475,,0.6738257341017433,4.572473708276177,2.721655269759087,Transit,1,1,335.4506923,-14.5933554
CONFIRMED,-0.2194505231370211,-0.8262632261617562,0.0,-0.1075083535203745,78.0,805.0,88.7,0.7611204496371756,-0.0147541947056097,0.0390058998294608,0.0495152193733475,,0.8488263631567753,5.333333333333333,2.8284271247461903,Transit,1,1,335.4506923,-14.5933554
CONFIRMED,-0.2194706284620232,-0.8835639172188118,0.0,-0.1075083535203745,78.0,805.0,87.98893,0.7599109545983328,-0.0138364512226707,0.2966999418035925,-0.6606673276052963,-0.11,1.004391019930545,5.966523685003129,2.908878982459236,Transit,1,1,335.4506923,-14.5933554
CONFIRMED,0.3296692099503859,-0.6149414536511435,0.0,-0.1075083535203745,78.0,805.0,88.6676,0.7599109545983328,-0.0138364512226707,0.2966999418035925,-0.6606673276052963,-0.11,0.4897770315535809,3.696452229424832,2.580724150740246,Transit,1,1,335.4506923,-14.5933554
CONFIRMED,0.3295272431311467,-0.4691170656585151,0.0,-0.1075083535203745,78.0,805.0,88.7,0.2011242466529375,0.04489344554241,0.0390058998294608,0.0495152193733475,,0.3527804131312593,2.970223509319077,2.4433888871261047,Transit,1,1,335.4506923,-14.5933554
CONFIRMED,0.3297470810845956,-0.5321428586884988,0.0,-0.1075083535203745,78.0,805.0,88.7,0.7611204496371756,-0.0147541947056097,0.0390058998294608,0.0495152193733475,,0.4047519508155705,3.255208333333333,2.5,Transit,1,1,335.4506923,-14.5933554
CONFIRMED,-0.4418979109700291,0.721370136018956,0.0,-0.1075083535203745,78.0,805.0,88.7,0.2011242466529375,0.7801685990668568,0.0390058998294608,0.0495152193733475,,0.0561010394350449,0.8718332473608882,1.798471947990542,Transit,1,1,332.3407712,-13.4288624
CONFIRMED,-0.4408970278173903,-1.0153406052517076,0.0,-0.1075083535203745,78.0,805.0,88.7,-0.1060874932131456,-0.1341631980619888,0.0390058998294608,0.0495152193733475,,1.5394915250010432,7.93178663493952,3.123475237772121,Transit,1,1,332.3407712,-13.4288624
CONFIRMED,-0.4412528556389876,0.0046772675989498,0.0,-0.1075083535203745,78.0,805.0,85.04821,0.157582425254595,0.4045749709952883,0.0746980817670664,-2.494913640993848,-0.09,0.1477396820701055,1.6625865453903643,2.1134470761180206,Transit,1,1,332.3407712,-13.4288624
CONFIRMED,0.547908072827432,-0.6161772493951436,0.0,-0.1075083535203745,78.0,805.0,88.7,0.3982719379843216,-0.0829879109092549,0.0390058998294608,0.0495152193733475,,0.4912189601601708,3.7037037037037033,2.581988897471611,Transit,1,1,335.3081368,-12.5569819
CONFIRMED,0.5480331903369299,-0.6932087742095683,0.0,-0.1075083535203745,78.0,805.0,88.7,0.2011242466529375,-0.1034580257703485,0.0390058998294608,0.0495152193733475,,0.5935161253851388,4.201533559749309,2.664693550105965,Transit,1,1,335.3081368,-12.5569819
CONFIRMED,0.5479012420261856,-0.709959076197354,0.0,-0.1075083535203745,78.0,805.0,88.91352,0.5434113426454632,-0.0779334983814699,0.2064421854426898,0.609195504740627,-0.06,0.6194474447792725,4.323038786864994,2.683753318995744,Transit,1,1,335.3081368,-12.5569819
CONFIRMED,2.2906161269860204,0.2381723894557472,0.0,-0.1075083535203745,78.0,805.0,88.7,0.2011242466529375,-0.1034580257703485,0.0390058998294608,0.0495152193733475,,0.1040092124333934,1.3157317661506074,1.993366482555286,Transit,1,1,335.3081368,-12.5569819
CONFIRMED,2.290880251300884,0.3682092854863797,0.0,-0.1075083535203745,78.0,805.0,89.49725,0.5434113426454632,-0.0779334983814699,0.2064421854426898,0.609195504740627,-0.06,0.0869616307289091,1.1677179020160946,1.9347720108582147,Transit,1,1,335.3081368,-12.5569819
CONFIRMED,2.290786897017182,-0.0559479780175102,0.0,-0.1075083535203745,78.0,805.0,89.0,0.5168024517909205,-0.0841541388420356,0.3378012435722531,0.3789270444752328,,0.1629943659338937,1.7751479289940826,2.1483446221182985,Transit,1,1,335.3081368,-12.5569819
CONFIRMED,2.2908326633855336,0.5112841592523436,0.0,-0.1075083535203745,78.0,805.0,88.7,0.3982719379843216,-0.0829879109092549,0.0390058998294608,0.0495152193733475,,0.0722486106162467,1.031982869084373,1.8759161984421675,Transit,1,1,335.3081368,-12.5569819
CONFIRMED,-0.4139031243749398,-0.7504488414565949,0.0,-0.1075083535203745,78.0,805.0,87.82563,0.5567157880727345,-0.0925667874356433,0.0437435002281868,0.1859078939586498,-0.25,0.6886876320352534,4.639462591752513,2.731569348995065,Transit,1,1,60.3752402,15.6251296
CONFIRMED,-0.4141653463116561,-0.0559479780175102,0.0,-0.1075083535203745,78.0,805.0,88.7,0.54867264606443,-0.0027109437956664,0.3562834297831475,-0.2393080270502169,-0.533,0.1629943659338937,1.7751479289940826,2.1483446221182985,Transit,1,1,60.3752402,15.6251296
CONFIRMED,1.145261527984415,-0.0629508439097308,0.0,-0.1075083535203745,78.0,805.0,88.7,-0.6515697557312696,-0.189318785326602,0.0390058998294608,0.7738073533780577,,0.164889630386575,1.788882097762407,2.152488010002526,Transit,1,1,60.7929729,16.347166
CONFIRMED,1.1450390480637525,0.4252097216654406,0.0,-0.1075083535203745,10.9555,464.01,88.7,-1.0557829977125488,-0.1404793657252395,0.0390058998294608,0.0918439804515465,,0.0806601645742064,1.11060312394662,1.9106671382498377,Transit,1,1,60.7929729,16.347166
CONFIRMED,1.145176142968834,-0.0629508439097308,0.0,-0.1075083535203745,78.0,805.0,89.74,-1.0557709027621602,-0.1404793657252395,-0.6386742612366662,0.0789101923443204,-0.0294,0.164889630386575,1.788882097762407,2.152488010002526,Transit,1,1,60.7929729,16.347166
CONFIRMED,1.1450687855425772,-0.0559479780175102,0.0,-0.1075083535203745,78.0,455.0,89.95,-0.8039661306254683,-0.1876129424215108,-0.5154596864973705,0.6797434398709545,0.113,0.1629943659338937,1.7751479289940826,2.1483446221182985,Transit,1,1,60.7929729,16.347166
CONFIRMED,1.1451184226983016,-0.1317196802550586,0.0,-0.1075083535203745,78.0,805.0,88.94354,-0.7495388538775403,-0.2086061824401657,-0.6127961201770455,0.6562274614941787,-0.24,0.1851627447521404,1.9326589762106343,2.1944925890941787,Transit,1,1,60.7929729,16.347166
CONFIRMED,1.1450748194170115,0.0701036080424571,0.0,-0.1075083535203745,78.0,805.0,88.7,0.2011242466529375,-0.1915932425333901,0.0390058998294608,0.0495152193733475,,0.1333393239907688,1.5527146628021329,2.0776300831933314,Transit,1,1,60.7929729,16.347166
CONFIRMED,1.1455051712802076,-0.0559479780175102,0.0,-0.1075083535203745,78.0,805.0,88.7,-1.0557709027621602,-0.1404793657252395,-0.6386742612366662,0.0789101923443204,-0.0294,0.1629943659338937,1.7751479289940826,2.1483446221182985,Transit,1,1,60.7929729,16.347166
CONFIRMED,0.0024671132899856,-0.4494832145908872,0.0,-0.1075083535203745,78.0,805.0,87.49426,0.9546396558520313,0.2354577053845536,0.7003385671920516,-1.7424023329370049,0.05,0.3384203893185658,2.8890640402623577,2.4265240700921327,Transit,1,1,52.5035514,17.5841081
CONFIRMED,-0.4752959751977624,-0.7912488967006541,0.0,-0.1075083535203745,78.0,805.0,88.7,0.2011242466529375,-0.0539885815227057,0.0390058998294608,0.0495152193733475,,0.7693032058417955,4.994797086368366,2.782433374561009,Transit,1,1,58.2691796,17.9069486
CONFIRMED,-0.4752960890444499,-0.8326351548456853,0.0,-0.1075083535203745,78.0,805.0,88.06252,0.3728725421686217,-0.0806224754141952,0.2193458317822625,0.7032594182477303,0.15,0.8644626718242336,5.3986310904059405,2.837044999530035,Transit,1,1,58.2691796,17.9069486
CONFIRMED,0.5294858572524562,-0.3947432685075056,0.0,-0.1075083535203745,78.0,805.0,87.21955,1.1409018918338296,0.1180542046702601,1.057143332722105,-0.4725395005910856,0.41,0.3022870562680388,2.679574620910699,2.381287188629167,Transit,1,1,55.2296156,20.7360891
CONFIRMED,-0.0860939971771035,0.8054045267256011,0.0,-0.1075083535203745,78.0,805.0,88.7,0.2011242466529375,-0.0386359953768856,0.0390058998294608,0.0495152193733475,,0.0509913270740464,0.8180572503732386,1.770073238295383,Transit,1,1,52.8888524,22.4348186
CONFIRMED,-0.0853405623566145,0.6049900819911481,0.0,-0.1075083535203745,117.826,840.29,88.7,0.9292402600363314,-0.0663007869973518,0.0390058998294608,0.4210676777264163,,0.0643696351218646,0.9555208904930838,1.8401590340145677,Transit,1,1,52.8888524,22.4348186
CONFIRMED,-0.0861249634760874,0.6148634436211875,0.0,-0.1075083535203745,78.0,805.0,88.61078,0.4901935609363779,-0.0674835047448816,0.2579890027848743,0.3270037642193089,0.09,0.0636074254255653,0.9479629559231438,1.836509389661286,Transit,1,1,52.8888524,22.4348186
CONFIRMED,-0.4933213929437315,-0.0559479780175102,0.0,-0.1075083535203745,78.0,805.0,88.7,-0.0577318815602091,-0.1686502240742162,-0.0595657599619759,0.8666484360095732,0.1991,0.1629943659338937,1.7751479289940826,2.1483446221182985,Transit,1,1,58.7967878,23.7567524
CONFIRMED,-0.4931949513972587,-0.3920855408440902,0.0,-0.1075083535203745,78.0,805.0,88.7,0.2011242466529375,-0.2086516715843014,0.0390058998294608,0.0495152193733475,,0.3006665082221939,2.66998932004272,2.3791547571544323,Transit,1,1,58.7967878,23.7567524
CONFIRMED,-0.4931982529511945,-0.1170978083179566,0.0,-0.1075083535203745,78.0,805.0,88.75496,-0.126648908873474,-0.1352623295071691,-0.1324317790984269,0.7032594182477303,0.03,0.1805850044459788,1.900672441096484,2.185355678950456,Transit,1,1,58.7967878,23.7567524
CONFIRMED,2.66826949703265,-0.8962918850839604,0.0,-0.1075083535203745,78.0,805.0,88.7,0.2011242466529375,-0.4304112492461483,0.0390058998294608,0.0495152193733475,,1.0440193059963985,6.122448979591837,2.9277002188456,Transit,1,1,172.560141,7.5878315
CONFIRMED,2.668909087722694,-0.3570712113829882,0.0,-0.1075083535203745,78.0,805.0,88.7,-2.031603595050958,-0.3672950617577765,0.0390058998294608,0.0495152193733475,,0.2803583111668351,2.548365860392024,2.3515854050088616,Transit,1,1,172.560141,7.5878315
CONFIRMED,2.66827974323452,-0.2800396865685637,0.0,-0.1075083535203745,0.95,805.0,88.7,-1.9638718728757585,-0.3445504896898948,-1.3779617096724412,1.7755880322287294,,0.2417063698120101,2.308402585410896,2.2941573387056176,Transit,1,1,172.560141,7.5878315
CONFIRMED,2.6677755936112515,-0.1024264261189964,0.0,-0.1075083535203745,1.0873,260.44,88.7,-2.0025757141187297,-0.3192380554355492,0.0390058998294608,1.4388392218732962,,0.1761421820855824,1.8693691429702508,2.1763015878752974,Transit,1,1,172.560141,7.5878315
CONFIRMED,2.6686303910318383,-0.3080511501374451,0.0,-0.1075083535203745,78.0,272.0,88.7,-1.9554054076038587,-0.3479621755000771,-1.399524260251818,0.0495152193733475,0.09,0.2548875258780268,2.391581632653061,2.3145502494313788,Transit,1,1,172.560141,7.5878315
CONFIRMED,2.666710860742767,-0.0559479780175102,0.0,-0.1075083535203745,78.0,805.0,88.7,-2.0025757141187297,-0.3192380554355492,-1.314296738904647,1.4388392218732962,,0.1629943659338937,1.7751479289940826,2.1483446221182985,Transit,1,1,172.560141,7.5878315
CONFIRMED,2.668030874375773,-0.2807399731577857,0.0,-2.213638382654695,1.05,805.0,89.5785,-2.0110421793906297,-0.3382957323712273,-1.5658639361498674,0.0495152193733475,0.123,0.2420246836910009,2.310428832919606,2.29466060894063,Transit,1,1,172.560141,7.5878315
CONFIRMED,-0.0617410522665689,-0.0559479780175102,0.0,10.55902114886957,78.0,363.0,88.7,-2.0110421793906297,-0.3382957323712273,-1.5658639361498674,0.0495152193733475,,0.1629943659338937,1.7751479289940826,2.1483446221182985,Radial Velocity,0,1,172.560141,7.5878315
CONFIRMED,-0.0726270725196909,-0.1189737710474941,0.0,-0.1075083535203745,78.0,805.0,88.7,0.2011242466529375,-0.1815287693933525,0.0390058998294608,0.0495152193733475,,0.1811638211303999,1.9047316709258588,2.186521551237011,Transit,1,1,126.4643579,10.246577
CONFIRMED,-0.0726703342609185,-0.0559479780175102,0.0,-0.1075083535203745,78.0,805.0,88.7,0.3003028398380509,-0.1754224204074279,0.1930241182535807,1.1243835590190423,,0.1629943659338937,1.7751479289940826,2.1483446221182985,Transit,1,1,126.4643579,10.246577
CONFIRMED,-0.07252700128143,1.204567882582165,0.0,-0.1075083535203745,78.0,805.0,88.7,0.2011242466529375,-0.202396914265634,0.0390058998294608,0.0495152193733475,,0.0336305993573219,0.6198347107438016,1.651445647689541,Transit,1,1,126.4643579,10.246577
CONFIRMED,-0.0726780758356644,-0.1889129823636567,0.0,-0.1075083535203745,78.0,805.0,88.72968,0.173305860759552,-0.1847067547255373,-0.4220568781162471,1.0324831155226002,-0.59,0.2046314859956899,2.0658611423902573,2.231364879530965,Transit,1,1,126.4643579,10.246577
CONFIRMED,-0.0727100553701668,-0.1119709051552736,0.0,-0.1075083535203745,78.0,802.0,88.7,0.2253141474297944,-0.162593913146841,-0.4538523991277225,0.4210676777264163,-0.5,0.1790156560350476,1.889644746787604,2.182178902359924,Transit,1,1,126.4643579,10.246577
CONFIRMED,-0.0727513238050364,1.124312896580356,0.0,-0.1075083535203745,53.9861,691.34,88.7,0.3003028398380509,-0.1754224204074279,0.0390058998294608,1.1243835590190423,,0.0364015160271654,0.6534300992633115,1.6733820089527949,Transit,1,1,126.4643579,10.246577
CONFIRMED,-0.072532693615802,-0.2590310888919023,0.0,-0.1075083535203745,78.0,731.0,88.7,0.2882078894496225,-0.162593913146841,-0.4538523991277225,0.4680996344799679,-0.54,0.2324110094880258,2.2488334176645863,2.279211529192759,Transit,1,1,126.4643579,10.246577
CONFIRMED,-0.2971473125296147,0.0184532073420032,0.0,-0.1075083535203745,78.0,805.0,88.61592,0.5917911441991771,-0.0038117810837518,0.5438129321719873,-0.0962838465626642,0.42,0.144541257121157,1.6385034994986785,2.105751675063322,Transit,1,1,127.5541103,10.9101444
CONFIRMED,-0.2971433278955542,0.0841093398268979,0.0,-0.1075083535203745,78.0,805.0,88.7,0.2011242466529375,0.0591656645150059,0.0390058998294608,0.0495152193733475,,0.1305024132495498,1.530612244897959,2.070196678027062,Transit,1,1,127.5541103,10.9101444
CONFIRMED,-0.2971646172261057,0.0070778150124734,0.0,-0.1075083535203745,192.0,949.0,88.7,0.4938220460529064,0.0307349494301537,0.2854350493080523,-0.6136353708517447,0.18,0.1471755938101408,1.6583518746285983,2.1121000314262885,Transit,1,1,127.5541103,10.9101444
CONFIRMED,-0.297289848582291,-0.0559479780175102,0.0,-0.1075083535203745,78.0,805.0,88.7,0.5482493228008346,0.0292224353876395,0.3562834297831475,-0.462239502062059,,0.1629943659338937,1.7751479289940826,2.1483446221182985,Transit,1,1,127.5541103,10.9101444
CONFIRMED,-0.2971972912254014,0.1092301043898617,0.0,8.656710154812767,78.0,1015.0,87.4,0.4841460857421637,0.0193626633962128,0.476417640153961,-0.3173340433043602,0.385,0.1256124561825337,1.4921344592151669,2.0570616208999595,Transit,1,1,127.5541103,10.9101444
CONFIRMED,-0.2971281862861245,0.3432153778390535,0.0,-0.1075083535203745,78.0,805.0,88.7,0.2011242466529375,0.0369897067488211,0.0390058998294608,0.0495152193733475,,0.0899321238906453,1.1941605548866046,1.9456333053765649,Transit,1,1,127.5541103,10.9101444
CONFIRMED,-0.2971486365665896,-0.0559479780175102,0.0,-0.1075083535203745,78.0,805.0,88.7,0.5482493228008346,0.0292224353876395,0.3562834297831475,-0.462239502062059,,0.1629943659338937,1.7751479289940826,2.1483446221182985,Transit,1,1,127.5541103,10.9101444
CONFIRMED,-0.2971468571428649,0.1121208033957796,0.0,-0.1075083535203745,78.0,962.0,88.7,0.5905816491603343,0.0364210924471241,0.3778459803625243,-0.4725395005910856,0.23,0.1250655267499338,1.4878000396746678,2.055566129482595,Transit,1,1,127.5541103,10.9101444
CONFIRMED,-0.5427082817720011,-0.0559479780175102,0.0,-0.1075083535203745,78.0,805.0,88.7,0.0736434695589018,-0.1223007664999851,0.032845171092496,0.4933087632998702,0.155,0.1629943659338937,1.7751479289940826,2.1483446221182985,Transit,1,1,130.180046,10.9829509
CONFIRMED,-0.5427554883009486,0.1261265351802205,0.0,-0.1075083535203745,78.0,805.0,88.7,0.2011242466529375,-0.1045952543737426,0.0390058998294608,0.0495152193733475,,0.1224600795897023,1.4670644041273413,2.048366225996757,Transit,1,1,130.180046,10.9829509
CONFIRMED,-0.5427622052555077,0.1541379987491022,0.0,-0.1075083535203745,78.0,805.0,88.7,0.2011242466529375,-0.1057324829771367,0.0390058998294608,0.0495152193733475,,0.1174623385810864,1.426872770511296,2.034190510862431,Transit,1,1,130.180046,10.9829509
CONFIRMED,-0.5427618637154452,0.0560978762580162,0.0,-0.1075083535203745,78.0,885.0,88.7,0.054775346952953,-0.1171047690110775,0.0390058998294608,0.4680996344799679,0.09,0.1362590606181126,1.5752993068683052,2.085144140570748,Transit,1,1,130.180046,10.9829509
CONFIRMED,-0.5427565129211356,0.0611446176148312,0.0,-0.1075083535203745,78.0,805.0,88.27896,0.0475183767198959,-0.1227124432544137,-0.0626584457879322,0.5151315912335196,-0.01,0.13519724586465,1.5671048376141126,2.082427183578357,Transit,1,1,130.180046,10.9829509
CONFIRMED,-0.5427433067053924,-0.0559479780175102,0.0,-0.1075083535203745,78.0,805.0,88.7,0.0736434695589018,-0.1223007664999851,0.032845171092496,0.4933087632998702,0.155,0.1629943659338937,1.7751479289940826,2.1483446221182985,Transit,1,1,130.180046,10.9829509
CONFIRMED,-0.5427463919506221,0.014080680904694,0.0,-0.1075083535203745,78.0,982.0,88.7,0.0741272675744385,-0.1171047690110775,-0.0842086749098351,0.3740357209728605,-0.02,0.1455463585659765,1.6460905349794237,2.1081851067789192,Transit,1,1,130.180046,10.9829509
CONFIRMED,-0.5427470750307467,0.181617244510175,0.0,-0.1075083535203745,307.522,1166.0,88.7,-0.0610942777681919,-0.1227909120280479,0.0390058998294608,-0.0962838465626642,,0.1128203619906276,1.389028470559303,2.0205662676108216,Transit,1,1,130.180046,10.9829509
CONFIRMED,-1.0286085223982644,-1.1063778618505729,0.0,-0.1075083535203745,78.0,805.0,90.1,0.4381852742661355,-0.0773017678922845,0.0390058998294608,0.5621635479870712,0.09,2.152358358868607,9.917355371900824,3.302891295379082,Transit,1,1,125.007177,14.0194586
CONFIRMED,-1.0286103439452632,-0.0564411828594336,0.0,-0.1075083535203745,78.0,805.0,25.03355,0.4381852742661355,-0.0754350071398131,0.2306630904720671,0.5621635479870712,0.09,0.1631268938436075,1.7761100267701189,2.148635653867718,Transit,1,1,125.007177,14.0194586
CONFIRMED,-1.0286082947048891,-0.8542746897306379,0.0,-0.1075083535203745,78.0,805.0,88.7,0.2011242466529375,-0.0124797374988215,0.0390058998294608,0.0495152193733475,,0.9205217817133046,5.629574028898481,2.86691089540498,Transit,1,1,125.007177,14.0194586
CONFIRMED,0.1466706783972455,0.133129401072441,0.0,-0.1075083535203745,78.0,787.0,88.7,0.4829365907033208,-0.0204403377225802,0.1930241182535807,-0.2373797168233233,0.09,0.1211844640671375,1.4568587696827688,2.044794529772991,Transit,1,1,125.007177,14.0194586
CONFIRMED,0.146718254927927,-0.0559479780175102,0.0,-0.1075083535203745,78.0,805.0,88.7,0.383116965147621,-0.0212602795456273,0.2546314056232284,-0.1736984473790135,0.0642,0.1629943659338937,1.7751479289940826,2.1483446221182985,Transit,1,1,125.007177,14.0194586
CONFIRMED,0.1465983857507203,-0.0559479780175102,0.0,-0.1075083535203745,78.0,805.0,88.7,0.383116965147621,-0.0212602795456273,0.2546314056232284,-0.1736984473790135,0.0642,0.1629943659338937,1.7751479289940826,2.1483446221182985,Transit,1,1,125.007177,14.0194586
CONFIRMED,0.1466681737701216,0.014080680904694,0.0,-0.1075083535203745,78.0,805.0,88.7,0.2011242466529375,-0.0488710528074323,0.0390058998294608,0.0495152193733475,,0.1455463585659765,1.6460905349794237,2.1081851067789192,Transit,1,1,125.007177,14.0194586
CONFIRMED,0.1461420882274561,-0.2660339547841229,0.0,-0.1075083535203745,78.0,805.0,90.5,0.4381852742661355,-0.0773017678922845,0.0390058998294608,0.5621635479870712,0.09,0.2354556567480987,2.2684310018903595,2.284160962880643,Transit,1,1,125.007177,14.0194586
CONFIRMED,0.1466826322994268,0.5392956228212253,0.0,-0.1075083535203745,78.0,805.0,88.7,0.2011242466529375,-0.0124797374988215,0.0390058998294608,0.0495152193733475,,0.0697646390364736,1.0081915563957151,1.865009616480628,Transit,1,1,125.007177,14.0194586
CONFIRMED,0.1467658542279462,-0.1180318995907221,0.0,-0.1075083535203745,78.0,805.0,88.41372,0.4381852742661355,-0.0754350071398131,0.2306630904720671,0.5621635479870712,0.09,0.1808729038185432,1.90269201487278,2.185935964303813,Transit,1,1,125.007177,14.0194586
CONFIRMED,1.4945390665730895,0.1261265351802205,0.0,-0.1075083535203745,78.0,615.0,88.7,0.4829365907033208,-0.0204403377225802,0.1930241182535807,-0.2373797168233233,0.09,0.1224600795897023,1.4670644041273413,2.048366225996757,Transit,1,1,125.007177,14.0194586
CONFIRMED,1.4943382410164432,1.7647971539597984,0.0,-0.1075083535203745,78.0,805.0,88.7,0.2011242466529375,-0.0124797374988215,0.0390058998294608,0.0495152193733475,,0.0203742957417367,0.4437869822485206,1.5191090506254998,Transit,1,1,125.007177,14.0194586
CONFIRMED,1.4932161680650236,-0.2660339547841229,0.0,-0.1075083535203745,78.0,805.0,89.9,0.4381852742661355,-0.0773017678922845,0.0390058998294608,0.5621635479870712,0.09,0.2354556567480987,2.2684310018903595,2.284160962880643,Transit,1,1,125.007177,14.0194586
CONFIRMED,1.4942580929484848,-0.0971756842758757,0.0,-0.1075083535203745,78.0,805.0,89.37518,0.4381852742661355,-0.0754350071398131,0.2306630904720671,0.5621635479870712,0.09,0.1745875738473813,1.8583536918703245,2.173088458424038,Transit,1,1,125.007177,14.0194586
CONFIRMED,0.8508551554978345,-0.8472718238384175,0.0,-0.1075083535203745,78.0,533.0,88.7,0.1515349500603807,-0.1455354840959297,-0.0842086749098351,0.6562274614941787,-0.1,0.9018631301124268,5.553241704845203,2.857142857142857,Transit,1,1,129.1405227,14.4618826
CONFIRMED,0.8528726098766414,-0.7912488967006541,0.0,-0.1075083535203745,78.0,580.0,88.7,0.1212975740893096,-0.1284770550450183,-0.0226013875401871,0.5151315912335196,-0.07,0.7693032058417955,4.994797086368366,2.782433374561009,Transit,1,1,129.1405227,14.4618826
CONFIRMED,0.852885929939072,-0.756234567239552,0.0,-0.1075083535203745,78.0,805.0,88.7,0.2011242466529375,-0.1227909120280479,0.0390058998294608,0.0495152193733475,,0.6994113710093056,4.687499999999999,2.7386127875258306,Transit,1,1,129.1405227,14.4618826
CONFIRMED,0.8526755412606808,-0.0559479780175102,0.0,-0.1075083535203745,78.0,805.0,88.7,0.1422339332116797,-0.135788297736239,0.0698095435142848,0.6454571433976135,-0.021,0.1629943659338937,1.7751479289940826,2.1483446221182985,Transit,1,1,129.1405227,14.4618826
CONFIRMED,0.8525522430212484,-0.0559479780175102,0.0,-0.1075083535203745,78.0,805.0,88.7,0.1422339332116797,-0.135788297736239,0.0698095435142848,0.6454571433976135,-0.021,0.1629943659338937,1.7751479289940826,2.1483446221182985,Transit,1,1,129.1405227,14.4618826
CONFIRMED,0.8526112178822768,-0.7997475117216598,0.0,-0.1075083535203745,78.0,805.0,89.46643,0.1600014153322807,-0.1373639279662414,-0.1489394517491241,0.7032594182477303,-0.22,0.7876599592764499,5.073940077805008,2.7933904561425225,Transit,1,1,129.1405227,14.4618826
CONFIRMED,0.852903234635563,-0.8962918850839604,0.0,-0.1075083535203745,78.0,805.0,88.7,0.2011242466529375,-0.1080069401839248,0.0390058998294608,0.0495152193733475,,1.0440193059963985,6.122448979591837,2.9277002188456,Transit,1,1,129.1405227,14.4618826
CONFIRMED,0.1265727534298234,-1.0433520688205893,0.0,-0.1075083535203745,78.0,805.0,88.7,0.2011242466529375,-0.0653608675566465,0.0390058998294608,0.0495152193733475,,1.7000110824284929,8.473977826424688,3.175536744149779,Transit,1,1,130.2596625,14.6902225
CONFIRMED,0.1266349137211663,-0.9573234509852188,0.0,-0.1075083535203745,78.0,805.0,88.93239,0.7284640835884187,-0.0520842922263223,0.3353954790004683,0.4680996344799679,-0.05,1.266046229029343,6.962296763837779,3.023315316335822,Transit,1,1,130.2596625,14.6902225
CONFIRMED,0.1266050858890568,-1.0713635323894708,0.0,-0.1075083535203745,78.0,809.0,88.7,0.8082907561520467,-0.0374987667734915,0.2854350493080523,-0.0022199330555567,-0.1,1.8836452539847897,9.073724007561438,3.230291412348993,Transit,1,1,130.2596625,14.6902225
CONFIRMED,3.638743060989043,0.5392956228212253,0.0,-0.1075083535203745,78.0,805.0,88.7,0.2011242466529375,0.0292565522457413,0.0390058998294608,0.0495152193733475,,0.0697646390364736,1.0081915563957151,1.865009616480628,Transit,1,1,135.3350487,18.8252879
CONFIRMED,3.639667382244378,0.3446704263112731,0.0,-0.1075083535203745,78.0,805.0,89.52426,0.8034527759966753,-0.0142822448352012,0.4659967674953854,-0.1433158033162158,0.06,0.0897555162768492,1.1925966574069304,1.9449959818438605,Transit,1,1,135.3350487,18.8252879
CONFIRMED,-0.993919892121698,-0.907944864014592,0.0,-0.1075083535203745,78.0,805.0,81.93017,0.4321377990719213,-0.063135879794106,0.3069945195230609,0.6562274614941787,0.26,1.0821495364145786,6.270627557303277,2.945256093531222,Transit,1,1,132.5235618,23.1924709
CONFIRMED,-0.9939165905677624,-1.0363492029283687,0.0,-0.1075083535203745,78.0,805.0,89.7,0.3849674925570502,-0.1000463399601662,0.0390058998294608,0.5621635479870712,0.0,1.6578639905405768,8.333333333333334,3.1622776601683795,Transit,1,1,132.5235618,23.1924709
CONFIRMED,-0.9939192090415736,-0.8262632261617562,0.0,-0.1075083535203745,78.0,805.0,88.7,0.2011242466529375,-0.0494396671091293,0.0390058998294608,0.0495152193733475,,0.8488263631567753,5.333333333333333,2.8284271247461903,Transit,1,1,132.5235618,23.1924709
CONFIRMED,-0.993926836769632,-0.9663205440061644,0.0,-0.1075083535203745,78.0,1815.0,88.7,0.4406042643438212,-0.0488710528074323,0.3470423366777003,0.0918439804515465,0.23,1.30395492747115,7.10059171597633,3.038218101251,Transit,1,1,132.5235618,23.1924709
CONFIRMED,-0.7551229359665929,-0.8962918850839604,0.0,-0.1075083535203745,78.0,805.0,90.4,0.3849674925570502,-0.1000463399601662,0.0390058998294608,0.5621635479870712,0.0,1.0440193059963985,6.122448979591837,2.9277002188456,Transit,1,1,132.5235618,23.1924709
CONFIRMED,-0.7551106405243492,-0.5461485904729395,0.0,-0.1075083535203745,78.0,805.0,88.7,0.2011242466529375,-0.0494396671091293,0.0390058998294608,0.0495152193733475,,0.4176686070351533,3.32409972299169,2.513123449750173,Transit,1,1,132.5235618,23.1924709
CONFIRMED,-0.7550915142808591,-0.6857945179576435,0.0,-0.1075083535203745,78.0,805.0,86.06737,0.4321377990719213,-0.063135879794106,0.3069945195230609,0.6562274614941787,0.26,0.5824997185396426,4.149380880282943,2.656385719689996,Transit,1,1,132.5235618,23.1924709
CONFIRMED,-0.755062597222249,-0.6161772493951436,0.0,-0.1075083535203745,78.0,1173.0,88.7,0.4406042643438212,-0.0488710528074323,0.3470423366777003,0.0918439804515465,0.23,0.4912189601601708,3.7037037037037033,2.581988897471611,Transit,1,1,132.5235618,23.1924709
CONFIRMED,-0.7551416068233333,-0.6161772493951436,0.0,-0.1075083535203745,78.0,805.0,88.7,0.2011242466529375,-0.0261264807395506,0.0390058998294608,0.0495152193733475,,0.4912189601601708,3.7037037037037033,2.581988897471611,Transit,1,1,132.5235618,23.1924709
CONFIRMED,-0.268121188792996,0.3432153778390535,0.0,-0.1075083535203745,78.0,865.0,88.7,0.4406042643438212,-0.0488710528074323,0.3470423366777003,0.0918439804515465,0.23,0.0899321238906453,1.1941605548866046,1.9456333053765649,Transit,1,1,132.5235618,23.1924709
CONFIRMED,-0.2681361027090508,0.3789617658919307,0.0,-0.1075083535203745,78.0,805.0,87.48321,0.4321377990719213,-0.063135879794106,0.3069945195230609,0.6562274614941787,0.26,0.0857239373858352,1.1566116483749784,1.930155070165683,Transit,1,1,132.5235618,23.1924709
CONFIRMED,-0.2681068441103785,0.5042812933601231,0.0,-0.1075083535203745,78.0,805.0,88.7,0.2011242466529375,-0.0261264807395506,0.0390058998294608,0.0495152193733475,,0.0728879751591216,1.0380622837370244,1.8786728732554483,Transit,1,1,132.5235618,23.1924709
CONFIRMED,-0.2680335268436664,0.5813128181745476,0.0,-0.1075083535203745,78.0,805.0,88.7,0.2011242466529375,-0.0494396671091293,0.0390058998294608,0.0495152193733475,,0.0662477735848778,0.9740180680351622,1.849000654084097,Transit,1,1,132.5235618,23.1924709
CONFIRMED,-0.2675171729158433,-0.0559479780175102,0.0,-0.1075083535203745,78.0,805.0,88.7,0.3083701717471328,-0.0487175269459741,0.1930241182535807,-0.0082400235200133,0.266,0.1629943659338937,1.7751479289940826,2.1483446221182985,Transit,1,1,132.5235618,23.1924709
CONFIRMED,-0.2680786101318931,-0.1960052958619187,0.0,-0.1075083535203745,78.0,805.0,90.3,0.3849674925570502,-0.1000463399601662,0.0390058998294608,0.5621635479870712,0.0,0.2072329988175721,2.083333333333333,2.23606797749979,Transit,1,1,132.5235618,23.1924709
CONFIRMED,-0.2680312499099175,-0.0559479780175102,0.0,-0.1075083535203745,78.0,805.0,88.7,0.3083701717471328,-0.0487175269459741,0.1930241182535807,-0.0082400235200133,0.266,0.1629943659338937,1.7751479289940826,2.1483446221182985,Transit,1,1,132.5235618,23.1924709
CONFIRMED,0.4672294793053926,-0.2972553149891555,0.0,-0.1075083535203745,78.0,805.0,88.9702,0.4321377990719213,-0.063135879794106,0.3069945195230609,0.6562274614941787,0.26,0.2496965182608833,2.3589993034257084,2.306626433609262,Transit,1,1,132.5235618,23.1924709
CONFIRMED,0.4672488332422576,-0.1259766369397144,0.0,-0.1075083535203745,78.0,805.0,88.7,0.2011242466529375,-0.0261264807395506,0.0390058998294608,0.0495152193733475,,0.1833464944418634,1.92,2.1908902300206643,Transit,1,1,132.5235618,23.1924709
CONFIRMED,0.4674044616639897,-0.2100110276463595,0.0,-0.1075083535203745,78.0,698.0,88.7,0.4406042643438212,-0.0488710528074323,0.3470423366777003,0.0918439804515465,0.23,0.2125013853035616,2.118494456606172,2.2454435656953597,Transit,1,1,132.5235618,23.1924709
CONFIRMED,0.4668445636551542,0.0070778150124734,0.0,-0.1075083535203745,78.0,805.0,88.7,0.2011242466529375,-0.0494396671091293,0.0390058998294608,0.0495152193733475,,0.1471755938101408,1.6583518746285983,2.1121000314262885,Transit,1,1,132.5235618,23.1924709
CONFIRMED,0.4670345737764934,-0.5461485904729395,0.0,-0.1075083535203745,78.0,805.0,90.1,0.3849674925570502,-0.1000463399601662,0.0390058998294608,0.5621635479870712,0.0,0.4176686070351533,3.32409972299169,2.513123449750173,Transit,1,1,132.5235618,23.1924709
CONFIRMED,-0.8836948955014341,-0.9313062145450623,0.0,-0.1075083535203745,78.0,1692.0,88.7,1.0368853184933449,0.1046548086507692,0.5934714861562922,-0.8017631978659554,-0.01,1.1643708685278122,6.584362139917695,2.981423969999719,Transit,1,1,129.8137008,23.3574367
CONFIRMED,-0.8836022242978571,-0.9949719154545456,0.0,-0.1075083535203745,78.0,805.0,83.92815,1.042932793687559,0.0587119103022516,0.737050349735625,-0.5666034140981889,0.16,1.435245600248243,7.569554223834907,3.0871866504591727,Transit,1,1,129.8137008,23.3574367
CONFIRMED,-0.1929829215459423,0.0203062286828777,0.0,-0.1075083535203745,230.628,1085.0,88.7,0.9520997162704607,0.1217132377016805,0.0390058998294608,-0.848795154619507,,0.1441180996349363,1.635304026528276,2.1047229566910177,Transit,1,1,129.8137008,23.3574367
CONFIRMED,-0.1927666891170847,-0.0559479780175102,0.0,-0.1075083535203745,78.0,805.0,88.7,0.9520997162704607,0.1201324899429628,0.6242751298411162,-0.8642686683914249,-0.063,0.1629943659338937,1.7751479289940826,2.1483446221182985,Transit,1,1,129.8137008,23.3574367
CONFIRMED,-0.19316623748206,-0.0383616528909135,0.0,-0.1075083535203745,78.0,805.0,88.09762,1.042932793687559,0.0587119103022516,0.737050349735625,-0.5666034140981889,0.16,0.1583611361278658,1.7413466206887598,2.138043900655456,Transit,1,1,129.8137008,23.3574367
CONFIRMED,-0.1928636329868414,0.1051179375035593,0.0,-0.1075083535203745,78.0,1026.0,88.7,1.0368853184933449,0.1046548086507692,0.5934714861562922,-0.8017631978659554,-0.01,0.1263959999824451,1.498333104421331,2.0591946691637406,Transit,1,1,129.8137008,23.3574367
CONFIRMED,-0.1930062828862052,-0.0559479780175102,0.0,-0.1075083535203745,78.0,805.0,88.7,0.9520997162704607,0.1201324899429628,0.6242751298411162,-0.8642686683914249,-0.063,0.1629943659338937,1.7751479289940826,2.1483446221182985,Transit,1,1,129.8137008,23.3574367
CONFIRMED,-0.1929201009438122,0.1541379987491022,0.0,-0.1075083535203745,78.0,805.0,88.7,0.2011242466529375,0.1046548086507692,0.0390058998294608,0.0495152193733475,,0.1174623385810864,1.426872770511296,2.034190510862431,Transit,1,1,129.8137008,23.3574367
CONFIRMED,-0.1930005905518331,0.0771064739346776,0.0,-0.1075083535203745,78.0,805.0,88.7,0.2011242466529375,0.0995372799354959,0.0390058998294608,0.0495152193733475,,0.1319107005901569,1.541604039002582,2.0739033894608503,Transit,1,1,129.8137008,23.3574367
CONFIRMED,-0.4927304569124988,-0.8176192106362303,0.0,-0.1075083535203745,78.0,805.0,88.11337,0.4635846700818353,-0.0816886272298772,0.1854094575346921,0.609195504740627,-0.01,0.8282115257466199,5.246628752180752,2.8168608592081403,Transit,1,1,203.6214411,-15.0365158
CONFIRMED,-0.787378207145792,-0.7653382928994386,0.0,-0.1075083535203745,78.0,805.0,88.7,0.2011242466529375,-0.0704783962719199,0.0390058998294608,0.0495152193733475,,0.7167403533787466,4.764610379941944,2.749806661015982,Transit,1,1,203.6214411,-15.0365158
CONFIRMED,-0.7873646593899865,-0.8122574943773153,0.0,-0.1075083535203745,78.0,1197.0,88.7,0.4829365907033208,-0.0773017678922845,0.2238277619384044,0.2329398507122056,0.0,0.8157589981155338,5.193905817174516,2.809757434745082,Transit,1,1,203.6214411,-15.0365158
CONFIRMED,-0.7873861764139128,-0.8941910253162942,0.0,-0.1075083535203745,497.0,1203.0,88.7,0.3898054727124216,-0.0721842391770111,-0.0534050312250111,0.1388759372050981,-0.1,1.0373364147135604,6.096294012067614,2.9245684295175693,Transit,1,1,203.6214411,-15.0365158
CONFIRMED,-0.3216143318209653,-0.1369724109120928,0.0,-0.1075083535203745,78.0,805.0,88.18346,0.4635846700818353,-0.0816886272298772,0.1854094575346921,0.609195504740627,-0.01,0.1868449968151009,1.944347131218104,2.1978030028583904,Transit,1,1,203.6214411,-15.0365158
CONFIRMED,-0.321638239625328,-0.069953709801951,0.0,-0.1075083535203745,78.0,805.0,88.7,0.2011242466529375,-0.0704783962719199,0.0390058998294608,0.0495152193733475,,0.1668143927493756,1.8027762754642147,2.1566554640687685,Transit,1,1,203.6214411,-15.0365158
CONFIRMED,-0.3217969384922202,-0.0559479780175102,0.0,-0.1075083535203745,78.0,805.0,88.7,0.4212523437223356,-0.0793459363068854,0.2731135918341227,0.2944576501458503,,0.1629943659338937,1.7751479289940826,2.1483446221182985,Transit,1,1,203.6214411,-15.0365158
CONFIRMED,-0.3216166087547141,-0.2590310888919023,0.0,-0.1075083535203745,140.0,877.0,88.7,0.3898054727124216,-0.0721842391770111,-0.0534050312250111,0.1388759372050981,-0.1,0.2324110094880258,2.2488334176645863,2.279211529192759,Transit,1,1,203.6214411,-15.0365158
CONFIRMED,-0.3216308395906442,-0.1259766369397144,0.0,-0.1075083535203745,78.0,872.0,88.7,0.4829365907033208,-0.0773017678922845,0.2238277619384044,0.2329398507122056,0.0,0.1833464944418634,1.92,2.1908902300206643,Transit,1,1,203.6214411,-15.0365158
CONFIRMED,-0.3216530396946953,-0.0559479780175102,0.0,-0.1075083535203745,78.0,805.0,88.7,0.4212523437223356,-0.0793459363068854,0.2731135918341227,0.2944576501458503,,0.1629943659338937,1.7751479289940826,2.1483446221182985,Transit,1,1,203.6214411,-15.0365158
CONFIRMED,-0.3216275380367085,-0.0559479780175102,0.0,-0.1075083535203745,78.0,805.0,88.7,0.2011242466529375,-0.071615624875314,0.0390058998294608,0.0495152193733475,,0.1629943659338937,1.7751479289940826,2.1483446221182985,Transit,1,1,203.6214411,-15.0365158
CONFIRMED,-0.1804239469902102,3.8656569216259222,0.0,-0.1075083535203745,165.0,805.0,88.7,0.7599109545983328,0.0023042343453015,0.3778459803625243,-0.2373797168233233,,0.0051957838968785,0.1784651992861392,1.209716757818268,Transit,1,1,174.9602543,0.603596
CONFIRMED,-0.1804314608715813,2.7942184401162,0.0,-0.1075083535203745,78.0,805.0,88.7,0.2011242466529375,-0.1040266400720455,0.0390058998294608,0.0495152193733475,,0.0096541742895608,0.2697302023650843,1.3413055020296876,Transit,1,1,174.9602543,0.603596
CONFIRMED,-0.1806214108135617,2.740351394263418,0.0,-0.1075083535203745,88.7066,782.72,88.7,0.24466606805128,-0.094089536535588,0.0390058998294608,0.3401727121103063,,0.0099960376426189,0.2760608008193675,1.349107315931246,Transit,1,1,174.9602543,0.603596
CONFIRMED,-0.1804341931920799,3.1023445393738984,0.0,-0.1075083535203745,78.0,913.0,88.7,0.4829365907033208,-0.111418625994107,-0.0842086749098351,0.0495152193733475,-0.27,0.0079704682211374,0.2373788625991798,1.2991396049232615,Transit,1,1,174.9602543,0.603596
CONFIRMED,-0.1804314608715813,3.186378930080543,0.0,-2.213638382654695,87.7,805.0,88.83,0.133392524477738,-0.071615624875314,0.0698095435142848,0.1859078939586498,0.38,0.0075801490417193,0.2295644588304838,1.2883132528016616,Transit,1,1,174.9602543,0.603596
CONFIRMED,-0.1804376085927031,3.5435250905837843,0.0,-0.1075083535203745,125.9,854.0,89.47,0.3752915322463074,-0.0829879109092549,0.1930241182535807,0.7032594182477303,0.1,0.0061783108425694,0.2003084750515794,1.2451456127293803,Transit,1,1,174.9602543,0.603596
CONFIRMED,-0.1802561369729219,3.2634104548949674,0.0,-0.1075083535203745,78.0,805.0,88.7,0.2724844539446655,-0.0522827386176145,0.1067739159360736,-0.4066947611361108,0.07,0.0072444339472034,0.2227353384463467,1.2786232377820237,Transit,1,1,174.9602543,0.603596
CONFIRMED,-0.1804264630020027,3.347444845601613,0.0,-0.1075083535203745,78.0,805.0,88.7,0.3003028398380509,-0.0943601969431958,0.0390058998294608,0.0495152193733475,,0.0069004299953069,0.2156272236557439,1.2682977128702275,Transit,1,1,174.9602543,0.603596
CONFIRMED,-0.1804270208507711,2.851280592552368,0.0,-0.1075083535203745,78.0,805.0,89.37476,0.3281212257314364,-0.0978827625422089,0.0857134647487595,0.5621635479870712,-0.03,0.0093088259104568,0.2632587170392263,1.3331867895950904,Transit,1,1,174.9602543,0.603596
CONFIRMED,-0.1804235895116117,-0.0559479780175102,0.0,-0.1075083535203745,78.0,805.0,88.7,0.24466606805128,-0.094089536535588,0.1622204745687567,0.3401727121103063,0.05,0.1629943659338937,1.7751479289940826,2.1483446221182985,Transit,1,1,174.9602543,0.603596
CONFIRMED,-0.1802579585199211,-0.0559479780175102,0.0,-0.1075083535203745,78.0,805.0,89.5,0.3752915322463074,-0.0829879109092549,0.1930241182535807,0.7032594182477303,0.1,0.1629943659338937,1.7751479289940826,2.1483446221182985,Transit,1,1,174.9602543,0.603596
CONFIRMED,0.2735271960457235,1.1415420895521808,0.0,-0.1075083535203745,78.0,797.0,88.7,0.4829365907033208,-0.111418625994107,-0.0842086749098351,0.0495152193733475,-0.27,0.0357816881417047,0.6459913544823727,1.668599034465448,Transit,1,1,174.9602543,0.603596
CONFIRMED,1.6292078577604665,0.994481905815552,0.0,-0.1075083535203745,78.0,805.0,88.7,0.2011242466529375,-0.1040266400720455,0.0390058998294608,0.0495152193733475,,0.0415662711750281,0.7138607971445569,1.7107978455366033,Transit,1,1,174.9602543,0.603596
CONFIRMED,0.2736085964272439,0.960600037809345,0.0,-0.1075083535203745,78.0,805.0,89.04355,0.3281212257314364,-0.0978827625422089,0.0857134647487595,0.5621635479870712,-0.03,0.0430732297532868,0.7310118996966369,1.7209823771192008,Transit,1,1,174.9602543,0.603596
CONFIRMED,0.2844439549044547,1.1835592849055037,0.0,-0.1075083535203745,78.0,805.0,88.7,0.2724844539446655,-0.0522827386176145,0.1067739159360736,-0.4066947611361108,0.07,0.0343279861128588,0.628374238750792,1.6571045299983225,Transit,1,1,174.9602543,0.603596
CONFIRMED,0.2735545192507094,1.5266997136243043,0.0,-0.1075083535203745,73.1,745.0,87.99,0.3752915322463074,-0.0829879109092549,0.1930241182535807,0.7032594182477303,0.1,0.0249565086704349,0.5080526342529086,1.5713484026367723,Transit,1,1,174.9602543,0.603596
CONFIRMED,0.2735647654525791,1.5757197748698468,0.0,-0.1075083535203745,96.0,805.0,88.7,0.7599109545983328,0.0023042343453015,0.3778459803625243,-0.2373797168233233,,0.0239084751844263,0.4937276022530437,1.560152902477031,Transit,1,1,174.9602543,0.603596
CONFIRMED,0.2736137195281787,1.2255764802588258,0.0,-0.1075083535203745,78.0,805.0,88.7,0.3003028398380509,-0.0943601969431958,0.0390058998294608,0.0495152193733475,,0.0329519756538865,0.6114680839138035,1.6458443461452086,Transit,1,1,174.9602543,0.603596
CONFIRMED,0.2735385807144676,1.071513430629977,0.0,-2.213638382654695,48.8,805.0,89.91,0.133392524477738,-0.071615624875314,0.0698095435142848,0.1859078939586498,0.38,0.0383924961365005,0.6770442504838046,1.6882998236500582,Transit,1,1,174.9602543,0.603596
CONFIRMED,-0.7964438188667301,-1.0783663982816911,0.0,-0.1075083535203745,583.5,1252.0,85.83,0.3752915322463074,-0.0829879109092549,0.1930241182535807,0.7032594182477303,0.1,1.9336509584960808,9.233610341643583,3.244428422615251,Transit,1,1,174.9602543,0.603596
CONFIRMED,-0.7964753543991513,-1.0652249812142658,0.0,-0.1075083535203745,78.0,805.0,86.55188,0.3281212257314364,-0.0978827625422089,0.0857134647487595,0.5621635479870712,-0.03,1.8412199156886095,8.93696240026236,3.218050048896236,Transit,1,1,174.9602543,0.603596
CONFIRMED,-0.7964518564428634,-0.9943320075750464,0.0,-0.1075083535203745,78.0,805.0,88.7,0.3003028398380509,-0.0943601969431958,0.0390058998294608,0.0495152193733475,,1.4321252482803812,7.558578987150415,3.0860669992418384,Transit,1,1,174.9602543,0.603596
CONFIRMED,-0.7964415419329812,-1.022343471143928,0.0,-0.1075083535203745,766.0,805.0,88.7,0.7599109545983328,0.0023042343453015,0.3778459803625243,-0.2373797168233233,,1.5776590197274862,8.06234883095942,3.1362502409359,Transit,1,1,174.9602543,0.603596
CONFIRMED,0.0677026313540091,-0.0559479780175102,0.0,-0.1075083535203745,78.0,805.0,88.7,0.5876788610671119,-0.0143993793813507,0.3809263447310067,-0.1379541602463133,-0.74,0.1629943659338937,1.7751479289940826,2.1483446221182985,Transit,1,1,205.3630485,-13.1608686
CONFIRMED,0.067998632741356,-1.2394323138027608,0.0,-0.1075083535203745,78.0,805.0,88.7,0.2011242466529375,-0.0033819086716688,0.0390058998294608,0.0495152193733475,,3.8016178643473753,14.491003501992513,3.631365196012815,Transit,1,1,205.3630485,-13.1608686
CONFIRMED,0.0676864651243925,-0.9265881807103626,0.0,-0.1075083535203745,78.0,805.0,88.35712,0.6184000350537198,-0.0533028326748591,0.1147736222010222,-0.4725395005910856,-0.19,1.1471107545190586,6.519131215494936,2.974012175238193,Transit,1,1,205.3630485,-13.1608686
CONFIRMED,1.3740959882149208,-1.1112216251395015,0.0,-0.1075083535203745,78.0,805.0,88.97694,0.6184000350537198,-0.0533028326748591,0.1147736222010222,-0.4725395005910856,-0.19,2.19347664154491,10.043262890370803,3.3133248614269446,Transit,1,1,205.3630485,-13.1608686
CONFIRMED,-0.7566670898193665,-0.0559479780175102,0.0,-0.1075083535203745,78.0,805.0,88.7,-0.1302773939900025,-0.0650754231771946,-0.1088515898576942,-0.1059253976971409,,0.1629943659338937,1.7751479289940826,2.1483446221182985,Transit,1,1,201.6391407,-12.8066737
CONFIRMED,-0.7566612324072975,-0.0559479780175102,0.0,-0.1075083535203745,78.0,805.0,88.7,-0.1302773939900025,-0.0650754231771946,-0.1088515898576942,-0.1059253976971409,,0.1629943659338937,1.7751479289940826,2.1483446221182985,Transit,1,1,201.6391407,-12.8066737
CONFIRMED,-0.7566077244642002,-0.7352259695628909,0.0,-0.1075083535203745,78.0,805.0,88.7,0.2011242466529375,-0.0609256760034096,0.0390058998294608,0.0495152193733475,,0.6614999619359241,4.516541834468742,2.713293789876808,Transit,1,1,201.6391407,-12.8066737
CONFIRMED,-0.7565876874472106,-0.7710153622152119,0.0,-0.1075083535203745,78.0,805.0,87.05102,0.0680797923802243,-0.0945330556909117,0.1036750693813801,0.4210676777264163,0.31,0.7278373819091134,4.813663487223349,2.756857022650704,Transit,1,1,201.6391407,-12.8066737
CONFIRMED,-0.6080661451786832,-0.7738999127048765,0.0,-0.1075083535203745,78.0,805.0,88.39205,0.1600014153322807,-0.1010311799307055,0.0162697304256923,0.0448120236979948,0.05,0.7335636958912339,4.838878396188884,2.7604601913712434,Transit,1,1,206.5823122,-11.5563527
CONFIRMED,-0.6080594282241242,-0.8472718238384175,0.0,-0.1075083535203745,78.0,805.0,88.7,0.2011242466529375,-0.1222222977263509,0.0390058998294608,0.0495152193733475,,0.9018631301124268,5.553241704845203,2.857142857142857,Transit,1,1,206.5823122,-11.5563527
CONFIRMED,-0.6081121392404094,-0.8122574943773153,0.0,-0.1075083535203745,78.0,939.0,88.7,0.1237165641669953,-0.111418625994107,0.1006131871991088,0.4210676777264163,0.15,0.8157589981155338,5.193905817174516,2.809757434745082,Transit,1,1,206.5823122,-11.5563527
CONFIRMED,-0.6080913052966077,-0.0559479780175102,0.0,-0.1075083535203745,78.0,805.0,88.7,0.0523563568752673,-0.102574967759813,0.0205237136185664,0.3086142691286725,,0.1629943659338937,1.7751479289940826,2.1483446221182985,Transit,1,1,206.5823122,-11.5563527
CONFIRMED,0.6013870988661586,0.4342526344379188,0.0,-0.1075083535203745,78.0,805.0,88.7,0.2011242466529375,-0.1000463399601662,0.0390058998294608,0.0495152193733475,,0.0797169762543928,1.1019283746556474,1.9069251784911847,Transit,1,1,205.2371043,-11.0093342
CONFIRMED,0.6014394683423816,0.934636520353448,0.0,-0.1075083535203745,78.0,805.0,89.19255,0.608724074742977,-0.0279176157898963,0.3910915471469985,-0.0962838465626642,0.21,0.0442776696270169,0.7445765002327659,1.7289110213297034,Transit,1,1,205.2371043,-11.0093342
CONFIRMED,0.6014032650957754,0.8894389174322462,0.0,-0.1075083535203745,78.0,739.0,88.7,0.8433661122784892,-0.0147541947056097,0.4394532677321723,-0.0962838465626642,0.0,0.0464837706656733,0.7691075148213427,1.7429786813223802,Transit,1,1,205.2371043,-11.0093342
CONFIRMED,0.6013020553906401,-0.0559479780175102,0.0,-0.1075083535203745,78.0,805.0,88.7,0.5518778079173632,-0.0135697711151747,0.3593637941516299,-0.1585071253476146,,0.1629943659338937,1.7751479289940826,2.1483446221182985,Transit,1,1,205.2371043,-11.0093342
CONFIRMED,0.6014250098130764,1.0505048329533155,0.0,-0.1075083535203745,78.0,805.0,88.7,0.2011242466529375,0.0014513128927559,0.0390058998294608,0.0495152193733475,,0.0392250757921819,0.6867974634280352,1.6943474841747153,Transit,1,1,205.2371043,-11.0093342
CONFIRMED,3.437564579611802,-0.0559479780175102,0.0,-0.1075083535203745,78.0,805.0,88.7,1.3211166526214138,0.1736220373036037,1.0247224977438272,-0.9341581561272024,,0.1629943659338937,1.7751479289940826,2.1483446221182985,Transit,1,1,204.6089755,-8.9271609
CONFIRMED,3.4407295175226658,0.6653472088811927,0.0,-0.1075083535203745,78.0,805.0,88.7,0.2011242466529375,0.1740257534578086,0.0390058998294608,0.0495152193733475,,0.0598925441430449,0.9106846071534276,1.818181818181818,Transit,1,1,204.6089755,-8.9271609
CONFIRMED,3.44011315155686,0.673959739521667,0.0,-0.1075083535203745,78.0,805.0,89.06529,1.0393043085710305,0.1564641007498954,0.747754615916101,-1.27208276540148,0.1,0.059287891189015,0.9045449576528238,1.815109587547,Transit,1,1,204.6089755,-8.9271609
CONFIRMED,0.7227736247231523,0.3152039142701717,0.0,-0.1075083535203745,78.0,720.0,88.7,0.7175786282388332,-0.0090680516886393,0.2238277619384044,-0.2844116735768749,-0.1,0.0934242508691497,1.2248772570915292,1.9580259994945128,Transit,1,1,199.8315191,-8.5095364
CONFIRMED,0.7227752185767765,0.2241666576713064,0.0,-0.1075083535203745,78.0,805.0,88.7,0.2011242466529375,-0.031812623756521,0.0390058998294608,0.0495152193733475,,0.1061032953945969,1.3333333333333333,2.0,Transit,1,1,199.8315191,-8.5095364
CONFIRMED,0.7228766559752865,0.4272497685456985,0.0,-0.1075083535203745,78.0,805.0,88.7,0.2011242466529375,-0.0329498523599151,0.0390058998294608,0.0495152193733475,,0.0804460904421099,1.1086372077124196,1.909821042237691,Transit,1,1,199.8315191,-8.5095364
CONFIRMED,0.7228903175777793,-0.0559479780175102,0.0,-0.1075083535203745,78.0,805.0,88.7,0.7634547750621428,-0.0070386672458825,0.5010605551018202,-0.112697999469655,-0.114,0.1629943659338937,1.7751479289940826,2.1483446221182985,Transit,1,1,199.8315191,-8.5095364
CONFIRMED,0.7228382896416188,0.1823333435705819,0.0,-0.1075083535203745,78.0,805.0,89.04065,0.7163691331999903,-0.0566229715824681,0.2957973950436272,0.3270037642193089,-0.09,0.1127026911458907,1.3880624712997447,2.0202148754686875,Transit,1,1,199.8315191,-8.5095364
CONFIRMED,2.159259819016432,7.494912025317552e-05,0.0,-0.1075083535203745,78.0,805.0,88.7,0.2011242466529375,-0.0329498523599151,0.0390058998294608,0.0495152193733475,,0.1488292367897499,1.67075072399198,2.1160368475757947,Transit,1,1,199.8315191,-8.5095364
CONFIRMED,2.160635770080845,-0.0728816710572813,0.0,-0.1075083535203745,78.0,805.0,88.53687,0.7163691331999903,-0.0566229715824681,0.2957973950436272,0.3270037642193089,-0.09,0.1676280354301267,1.808633587366339,2.1584051046083434,Transit,1,1,199.8315191,-8.5095364
CONFIRMED,-0.1305179992368238,-0.0839594415863919,0.0,-0.1075083535203745,78.0,848.0,88.7,0.6619418564520622,-0.0431849097904618,0.4086496240473483,0.0918439804515465,0.08,0.1707547292503188,1.8310546875,2.165063509461097,Transit,1,1,202.3934779,-7.3739779
CONFIRMED,-0.1305096884286408,-0.1249056186301583,0.0,-0.1075083535203745,78.0,805.0,88.50928,0.671617816762805,-0.0543837684623851,0.3311353350788574,0.4680996344799679,-0.01,0.1830104135730354,1.9176529955247117,2.1902203878384325,Transit,1,1,202.3934779,-7.3739779
CONFIRMED,-0.1305680917792981,-0.1259766369397144,0.0,-0.1075083535203745,78.0,805.0,88.7,0.2011242466529375,-0.0261264807395506,0.0390058998294608,0.0495152193733475,,0.1833464944418634,1.92,2.1908902300206643,Transit,1,1,202.3934779,-7.3739779
CONFIRMED,-0.1308790674214442,-0.0559479780175102,0.0,-0.1075083535203745,78.0,805.0,88.7,0.6135620548983484,-0.0471652099023412,0.3994085309419011,0.1217563049468056,,0.1629943659338937,1.7751479289940826,2.1483446221182985,Transit,1,1,202.3934779,-7.3739779
CONFIRMED,-0.1305044514810184,-0.0559479780175102,0.0,-0.1075083535203745,78.0,805.0,88.7,0.6135620548983484,-0.0471652099023412,0.3994085309419011,0.1217563049468056,,0.1629943659338937,1.7751479289940826,2.1483446221182985,Transit,1,1,202.3934779,-7.3739779
CONFIRMED,0.8582540289452967,-0.0559479780175102,0.0,-0.1075083535203745,78.0,805.0,88.7,0.0775622334847524,-0.1276235649781711,0.0359255354609784,0.5442914044207211,0.094,0.1629943659338937,1.7751479289940826,2.1483446221182985,Transit,1,1,198.8436817,-6.4649888
CONFIRMED,0.8582744075023486,1.007439105492817,0.0,-0.1075083535203745,78.0,805.0,89.39689,0.1720963657207092,-0.1293441918551063,-0.0973495093057809,0.7032594182477303,-0.16,0.0410085646278958,0.7074610492647635,1.7069505700565473,Transit,1,1,198.8436817,-6.4649888
CONFIRMED,0.8582390353365607,1.056807412256314,0.0,-0.1075083535203745,78.0,715.8,88.904,0.1127101593135249,-0.1415551839840504,-0.210503614017613,0.0495152193733475,,0.0389727952322085,0.6838494867795083,1.6925263661519014,Transit,1,1,198.8436817,-6.4649888
CONFIRMED,0.8583155061565151,1.12053349187552,0.0,-0.1075083535203745,78.0,805.0,88.7,0.2011242466529375,-0.1165361547093804,0.0390058998294608,0.0495152193733475,,0.0365393931026058,0.6550790462049088,1.6744367165578429,Transit,1,1,198.8436817,-6.4649888
CONFIRMED,0.8582368380954932,-0.0559479780175102,0.0,-0.1075083535203745,78.0,805.0,89.4,0.1720963657207092,-0.1293441918551063,-0.0973495093057809,0.7032594182477303,-0.16,0.1629943659338937,1.7751479289940826,2.1483446221182985,Transit,1,1,198.8436817,-6.4649888
CONFIRMED,-0.69955510783004,-0.8801852935318534,0.0,-0.1075083535203745,78.0,1229.9,86.494,0.1127101593135249,-0.1415551839840504,-0.210503614017613,0.0495152193733475,,0.9942095637382228,5.926133706416373,2.903943571116784,Transit,1,1,198.8436817,-6.4649888
CONFIRMED,-0.6996240419992856,-0.0559479780175102,0.0,-0.1075083535203745,78.0,805.0,88.7,0.0775622334847524,-0.1276235649781711,0.0359255354609784,0.5442914044207211,0.094,0.1629943659338937,1.7751479289940826,2.1483446221182985,Transit,1,1,198.8436817,-6.4649888
CONFIRMED,-0.2338730085808023,-0.0559479780175102,0.0,-0.1075083535203745,78.0,805.0,89.86,0.1720963657207092,-0.1293441918551063,-0.0973495093057809,0.7032594182477303,-0.16,0.1629943659338937,1.7751479289940826,2.1483446221182985,Transit,1,1,198.8436817,-6.4649888
CONFIRMED,-0.2338752285912073,-0.1693944054714809,0.0,-0.1075083535203745,78.0,943.2,89.86,0.1127101593135249,-0.1415551839840504,-0.210503614017613,0.0495152193733475,,0.1976931097047383,2.018895516100355,2.218573250594324,Transit,1,1,198.8436817,-6.4649888
CONFIRMED,-0.233877243677575,-0.0559479780175102,0.0,-0.1075083535203745,78.0,805.0,88.7,0.0775622334847524,-0.1276235649781711,0.0359255354609784,0.5442914044207211,0.094,0.1629943659338937,1.7751479289940826,2.1483446221182985,Transit,1,1,198.8436817,-6.4649888
CONFIRMED,-0.2339045668825609,0.0981150716113388,0.0,-0.1075083535203745,78.0,805.0,88.7,0.2011242466529375,-0.1165361547093804,0.0390058998294608,0.0495152193733475,,0.1277454121372395,1.508978421608571,2.062842492517587,Transit,1,1,198.8436817,-6.4649888
CONFIRMED,-0.7148794981163986,-0.0559479780175102,0.0,-0.1075083535203745,78.0,805.0,88.7,-0.6890641019353979,-0.1731218069427617,-0.4630934922331697,0.5694535012838716,,0.1629943659338937,1.7751479289940826,2.1483446221182985,Transit,1,1,208.9014508,-6.1360833
CONFIRMED,-0.7148410179360435,-0.5671571881496007,0.0,-0.1075083535203745,78.0,861.0,88.7,-0.5705335881287988,-0.1853384852147226,-0.4230487554428985,0.750291375001282,-0.11,0.4380945163583568,3.431610855329005,2.5332019855244945,Transit,1,1,208.9014508,-6.1360833
CONFIRMED,-0.3111279134407618,0.3435929933765598,0.0,-0.1075083535203745,32.5789,609.33,88.7,-0.6890641019353979,-0.1731218069427617,0.0390058998294608,0.5694535012838716,,0.0898862460303127,1.193754395308508,1.945467846383114,Transit,1,1,208.9014508,-6.1360833
CONFIRMED,-0.7148313409676109,-0.558732061203268,0.0,-0.1075083535203745,78.0,805.0,87.18178,-0.5306202518469849,-0.1924905159014681,-0.4979601365200219,0.9854511587690484,-0.23,0.4297464912897997,3.387877624759008,2.525092198785322,Transit,1,1,208.9014508,-6.1360833
CONFIRMED,-0.7148374886887328,-0.7611365733641063,0.0,-0.1075083535203745,78.0,805.0,88.7,0.2011242466529375,-0.241062686781033,0.0390058998294608,0.0495152193733475,,0.7086720578344259,4.728786368800413,2.7446232319753943,Transit,1,1,208.9014508,-6.1360833
CONFIRMED,-0.7148397656224816,-0.5461485904729395,0.0,-0.1075083535203745,78.0,805.0,88.7,0.2011242466529375,-0.1739661991807818,0.0390058998294608,0.0495152193733475,,0.4176686070351533,3.32409972299169,2.513123449750173,Transit,1,1,208.9014508,-6.1360833
CONFIRMED,-0.2425295919231019,-0.0559479780175102,0.0,-0.1075083535203745,78.0,805.0,88.7,-0.6890641019353979,-0.1731218069427617,-0.4630934922331697,0.5694535012838716,,0.1629943659338937,1.7751479289940826,2.1483446221182985,Transit,1,1,208.9014508,-6.1360833
CONFIRMED,-0.2424511515554549,0.2241666576713064,0.0,-0.1075083535203745,78.0,805.0,88.7,0.2011242466529375,-0.1739661991807818,0.0390058998294608,0.0495152193733475,,0.1061032953945969,1.3333333333333333,2.0,Transit,1,1,208.9014508,-6.1360833
CONFIRMED,-0.2424999917843672,-0.1609909664008164,0.0,-0.1075083535203745,78.0,805.0,88.7,0.2011242466529375,-0.241062686781033,0.0390058998294608,0.0495152193733475,,0.1948024361042841,1.9991670137442727,2.2131333406899523,Transit,1,1,208.9014508,-6.1360833
CONFIRMED,-0.2424746267424052,-0.0559479780175102,0.0,-0.1075083535203745,78.0,805.0,88.9,-0.5306202518469849,-0.1924905159014681,-0.4979601365200219,0.9854511587690484,-0.23,0.1629943659338937,1.7751479289940826,2.1483446221182985,Transit,1,1,208.9014508,-6.1360833
CONFIRMED,-0.2424505823220177,0.0701036080424571,0.0,-0.1075083535203745,78.0,653.0,88.7,-0.5705335881287988,-0.1853384852147226,-0.4230487554428985,0.750291375001282,-0.11,0.1333393239907688,1.5527146628021329,2.0776300831933314,Transit,1,1,208.9014508,-6.1360833
CONFIRMED,-0.2424730101194436,0.1099193754710353,0.0,-0.1075083535203745,78.0,805.0,88.89287,-0.5306202518469849,-0.1924905159014681,-0.4979601365200219,0.9854511587690484,-0.23,0.1254817548037682,1.4910992228830549,2.0567047329550805,Transit,1,1,208.9014508,-6.1360833
CONFIRMED,-0.757561759704957,-0.9102976168684012,0.0,-0.1075083535203745,78.0,805.0,88.7,0.2011242466529375,-0.1171047690110775,0.0390058998294608,0.0495152193733475,,1.0900724849449013,6.301197227473221,2.948839123097943,Transit,1,1,202.251206,-4.6100532
CONFIRMED,-0.7575853259692573,-0.921222998032831,0.0,-0.1075083535203745,78.0,805.0,87.96772,0.1370210095942666,-0.1218037976003019,-0.0219606717515428,1.0795150722761515,-0.04,1.1278951935057655,6.446123950490861,2.965650542138873,Transit,1,1,202.251206,-4.6100532
CONFIRMED,-0.7575720059068267,-0.0559479780175102,0.0,-0.1075083535203745,78.0,805.0,88.7,-0.1232139429631601,-0.1127565754460002,-0.1026908611207294,0.3025001147507082,-0.01,0.1629943659338937,1.7751479289940826,2.1483446221182985,Transit,1,1,202.251206,-4.6100532
CONFIRMED,-0.9613796626838338,-0.8472718238384175,0.0,-0.1075083535203745,78.0,805.0,88.7,0.2011242466529375,-0.0488710528074323,0.0390058998294608,0.0495152193733475,,0.9018631301124268,5.553241704845203,2.857142857142857,Transit,1,1,293.5607117,-23.1312775
CONFIRMED,-0.9613814842308328,-0.8962448818480917,0.0,-0.1075083535203745,78.0,805.0,84.41366,0.4684226502372067,-0.0726613065761349,0.2732830118743893,0.9384192020154928,0.13,1.0438691605881023,6.121861966413221,2.927630040212338,Transit,1,1,293.5607117,-23.1312775
CONFIRMED,1.5113785854992587,0.4242273386294822,0.0,-0.1075083535203745,78.0,805.0,89.27205,0.4684226502372067,-0.0726613065761349,0.2732830118743893,0.9384192020154928,0.13,0.0807635227935984,1.111551675279426,1.9110749764868784,Transit,1,1,293.5607117,-23.1312775
CONFIRMED,1.511028165395315,0.4972784274679028,0.0,-0.1075083535203745,78.0,805.0,88.7,0.2011242466529375,-0.0488710528074323,0.0390058998294608,0.0495152193733475,,0.0735349060914236,1.0441955778317278,1.8814417367671945,Transit,1,1,293.5607117,-23.1312775
CONFIRMED,-0.6943771897151857,-0.2590310888919023,0.0,-0.1075083535203745,78.0,805.0,88.7,0.2011242466529375,-0.0471652099023412,0.0390058998294608,0.0495152193733475,,0.2324110094880258,2.2488334176645863,2.279211529192759,Transit,1,1,283.2643203,-22.4070553
CONFIRMED,-0.6943684235202527,-0.2648742591837733,0.0,-0.1075083535203745,78.0,805.0,87.67245,0.4490707296157211,-0.0541676950277403,0.3207391053352292,0.3270037642193089,0.27,0.2349477948259172,2.265167926679005,2.2833390938280123,Transit,1,1,283.2643203,-22.4070553
CONFIRMED,0.0211051821843499,-0.9173004827606216,0.0,-0.1075083535203745,78.0,805.0,88.7,0.2011242466529375,-0.1307515122518065,0.0390058998294608,0.0495152193733475,,1.1141173443141084,6.393521231818423,2.9595817420019404,Transit,1,1,12.7736909,-1.1958844
CONFIRMED,0.0217313389652761,-0.9904846890767876,0.0,4.036812026389096,78.0,738.4,89.12,-0.1133444634462027,-0.137006269570474,-0.2289858002285074,0.4210676777264163,-0.021,1.4135541432266967,7.493092953287763,3.07936090356108,Transit,1,1,12.7736909,-1.1958844
CONFIRMED,0.0217200681432194,-0.9168200721546836,0.0,-0.1075083535203745,78.0,805.0,88.43047,-0.1447913344561167,-0.1381469098596783,-0.2273501267488434,-0.2373797168233233,-0.07,1.1124453545899884,6.387122996529738,2.958841022995967,Transit,1,1,12.7736909,-1.1958844
CONFIRMED,-0.2786793305862876,0.0560978762580162,0.0,-0.1075083535203745,78.0,805.0,88.7,0.2011242466529375,0.047793378481065,0.0390058998294608,0.0495152193733475,,0.1362590606181126,1.5752993068683052,2.085144140570748,Transit,1,1,17.3825067,-0.5177539
CONFIRMED,-0.2787433124246295,0.3447150695813362,0.0,5.395605593572529,78.0,1148.0,88.76,0.8022432809578325,0.1404775096576829,0.6427573160520106,-0.9757814378541,0.21,0.0897501049806328,1.1925487230559628,1.944976437615576,Transit,1,1,17.3825067,-0.5177539
CONFIRMED,-0.2787574294138721,0.2562705470475406,0.0,-0.1075083535203745,78.0,805.0,87.64909,0.7683774198702328,0.0976409512393362,0.4371614766420211,-1.1780188518943726,0.07,0.1013840645080931,1.2934985722368435,1.984891627951324,Transit,1,1,17.3825067,-0.5177539
CONFIRMED,1.9545137239948471,-0.4792518162608472,0.0,-0.1075083535203745,78.0,805.0,89.09695,0.9316592501140172,0.0407277771681775,0.2577949398296598,-1.0839549383872695,-0.26,0.3605116871600236,3.0134620076541534,2.452233051589121,Transit,1,1,15.2175909,0.425966
CONFIRMED,1.955622249190461,-0.3297600344033286,0.0,-0.1075083535203745,78.0,805.0,88.7,0.2011242466529375,0.1086351087626486,0.0390058998294608,0.0495152193733475,,0.2657697140483681,2.4591771470307173,2.3307342872560257,Transit,1,1,15.2175909,0.425966
CONFIRMED,1.0007387367655702,0.0807681254495359,0.0,-0.1075083535203745,78.0,805.0,89.11217,-0.0927830477858743,-0.1409604134244753,-0.2398256024411972,-0.0962838465626642,-0.14,0.1311718230407554,1.535841945705282,2.071962746654732,Transit,1,1,11.2564264,0.5931866
CONFIRMED,0.3399555997007552,0.637335745312311,0.0,-0.1075083535203745,78.0,805.0,88.7,0.2011242466529375,-0.0437535240921589,0.0390058998294608,0.0495152193733475,,0.0619169123548796,0.9310914719780262,1.828282906008016,Transit,1,1,11.6996481,0.6406182
CONFIRMED,0.3396243058403015,-0.0518494176996364,0.0,-0.1075083535203745,78.0,805.0,88.62001,0.4865650758198494,-0.0442322973341878,0.2295295163844654,-0.3314436303304265,0.11,0.1618985850333793,1.7671829942172823,2.1459306976702117,Transit,1,1,11.6996481,0.6406182
CONFIRMED,-0.6048796902438931,-0.6511915788562458,0.0,-0.1075083535203745,78.0,805.0,88.7,0.2011242466529375,-0.0664980961600406,0.0390058998294608,0.0495152193733475,,0.5345378846701558,3.918367346938776,2.6186146828319083,Transit,1,1,20.7789809,0.8890076
CONFIRMED,-0.6049095180760027,-0.7011492328075004,0.0,-0.1075083535203745,78.0,805.0,88.04314,0.5591347781504202,-0.0816414322428363,0.1781890834549694,0.6562274614941787,-0.11,0.6056246366590328,4.258485545300296,2.673678020548185,Transit,1,1,20.7789809,0.8890076
CONFIRMED,-0.604907013448879,-0.7039779774588698,0.0,7.841434014502706,78.0,1122.0,86.94,0.4599561849653067,-0.0761645392888904,0.0420862641979432,0.1059535674776128,-0.064,0.6100177576053255,4.279054388241591,2.676900711571253,Transit,1,1,20.7789809,0.8890076
CONFIRMED,-0.8451639395237295,-1.268492365501746,0.0,-0.1075083535203745,78.0,805.0,86.23126,-0.4834499453321139,-0.1669352833402979,-0.377490166433044,-0.0962838465626642,-0.06,4.3729974389272925,15.90885671077856,3.717106925231548,Transit,1,1,14.6903464,1.382807
CONFIRMED,-0.0204103785513118,-0.588165785826262,0.0,0.5039487517121704,10.0,805.0,88.98,-1.0857059049735207,-0.2042261464741934,-0.5893175829604727,0.0495152193733475,,0.4598743295861301,3.544423440453686,2.553769592276246,Transit,1,1,340.3037846,-14.4893256
CONFIRMED,-0.0205126128766338,-0.7632374331317724,0.0,-0.1075083535203745,11.0,500.0,88.3,-1.3022780866287214,-0.2308276293504862,-0.7002815486063141,0.0495152193733475,-0.11,0.7126909824526078,4.746647680075946,2.74721127897378,Transit,1,1,340.3037846,-14.4893256
CONFIRMED,-0.0205410745484941,-1.001334873467267,0.0,-0.1075083535203745,10.0,805.0,88.7,-1.347029403065907,-0.3104336315880722,-1.0606841797187545,1.6344921619680743,,1.4667719555349077,7.68,3.0983866769659336,Transit,1,1,340.3037846,-14.4893256
CONFIRMED,-0.0203976504916557,-0.5531514563651599,0.0,-0.1075083535203745,78.0,805.0,88.7,-1.3252584923667354,-0.2308276293504862,0.0390058998294608,0.0495152193733475,,0.4243334068978909,3.3593684387335183,2.519763153394848,Transit,1,1,340.3037846,-14.4893256
CONFIRMED,-0.0204739050029039,-0.6862059083173478,0.0,-0.1075083535203745,78.0,805.0,88.7,0.2011242466529375,-0.2444743725912152,0.0390058998294608,0.0495152193733475,,0.5831038012729731,4.152249134948097,2.6568446566202857,Transit,1,1,340.3037846,-14.4893256
CONFIRMED,0.6828071758635023,-0.1329795028319347,0.0,3.4932945995157216,5.1,805.0,88.85,-1.0857059049735207,-0.2042261464741934,-0.5893175829604727,0.0495152193733475,,0.1855643716884029,1.9354526539894517,2.195285199793807,Transit,1,1,340.3037846,-14.4893256
CONFIRMED,0.6827206523810471,-0.8052546284850949,0.0,-0.1075083535203745,5.09,805.0,88.7,-1.347029403065907,-0.3104336315880722,-1.0606841797187545,1.6344921619680743,,0.7998680401549698,5.126233499935922,2.80056016805602,Transit,1,1,340.3037846,-14.4893256
CONFIRMED,0.6827252062485447,-0.5321428586884988,0.0,-0.1075083535203745,5.6,420.0,89.08,-1.3022780866287214,-0.2308276293504862,-0.7002815486063141,0.0495152193733475,-0.11,0.4047519508155705,3.255208333333333,2.5,Transit,1,1,340.3037846,-14.4893256
CONFIRMED,0.6828105912641256,-0.3570712113829882,0.0,-0.1075083535203745,78.0,805.0,88.7,0.2011242466529375,-0.2444743725912152,0.0390058998294608,0.0495152193733475,,0.2803583111668351,2.548365860392024,2.3515854050088616,Transit,1,1,340.3037846,-14.4893256
CONFIRMED,0.6819194335488425,-0.0559479780175102,0.0,-0.1075083535203745,78.0,805.0,88.7,-1.2974401064733498,-0.1998250717790583,-0.7310851922911381,0.5883133159420465,,0.1629943659338937,1.7751479289940826,2.1483446221182985,Transit,1,1,340.3037846,-14.4893256
CONFIRMED,0.6830555893354987,-0.2730368206763432,0.0,-0.1075083535203745,78.0,805.0,88.7,-1.3252584923667354,-0.2308276293504862,0.0390058998294608,0.0495152193733475,,0.2385537180235669,2.288285883183005,2.289142781149547,Transit,1,1,340.3037846,-14.4893256
CONFIRMED,-1.017115926994456,-1.3034080736024878,0.0,-0.1075083535203745,78.0,805.0,84.10455,0.3341687009256507,-0.0876562343261876,0.1367058165046169,0.3270037642193089,0.05,5.221655872565303,17.905714382903795,3.8286284719455512,Transit,1,1,17.6412694,1.5784137
CONFIRMED,-1.017116268534518,-1.274446643263863,0.0,-0.1075083535203745,78.0,805.0,89.2,0.4599561849653067,-0.0659294818583436,0.0390058998294608,0.5621635479870712,0.0,4.503988604233144,16.224986479177936,3.735436838188142,Transit,1,1,17.6412694,1.5784137
CONFIRMED,-1.005811064778238,-0.9663205440061644,0.0,-0.1075083535203745,78.0,805.0,89.6,0.2906268795273082,-0.1227909120280479,0.0390058998294608,1.0324831155226002,-0.04,1.30395492747115,7.10059171597633,3.038218101251,Transit,1,1,21.1061587,1.7049101
CONFIRMED,-1.005806397064053,-0.8682804215150788,0.0,-0.1075083535203745,78.0,805.0,88.7,0.2011242466529375,-0.0949288112448928,0.0390058998294608,0.0495152193733475,,0.9594120315628336,5.787037037037037,2.886751345948129,Transit,1,1,21.1061587,1.7049101
CONFIRMED,-1.005807763224302,-0.944172643074632,0.0,2.949777172642349,78.0,1873.0,84.1,-0.0032804149115036,-0.1068697115805307,-0.0503246668565287,0.2940813944918236,0.134,1.2132350483944154,6.767310761079448,3.00192157089188,Transit,1,1,21.1061587,1.7049101
CONFIRMED,-1.0058081047643646,-0.9140343741199536,0.0,-0.1075083535203745,78.0,805.0,81.56911,0.1225070691281524,-0.1081621718882881,0.0448955565019992,0.5621635479870712,0.11,1.102815842664921,6.350210949477767,2.9545568416675394,Transit,1,1,21.1061587,1.7049101
CONFIRMED,0.0331668971786765,-0.0209336485564082,0.0,-0.1075083535203745,78.0,805.0,88.7,-0.9321726047428102,-0.1864757138181167,-0.7557281072389973,1.1265470290297035,,0.1539412522097633,1.708793164827341,2.127980706395726,Transit,1,1,18.4241015,3.0970732
CONFIRMED,0.033145607848125,-0.0769565756941716,0.0,-0.1075083535203745,78.0,805.0,88.7,0.2011242466529375,-0.2035341428690281,0.0390058998294608,0.0495152193733475,,0.1687692291446467,1.8168329573498467,2.160847218196859,Transit,1,1,18.4241015,3.0970732
CONFIRMED,0.033151300182497,-0.1119709051552736,0.0,-0.1075083535203745,78.0,542.0,88.7,-1.0253037227337094,-0.202396914265634,-0.6078706175518421,0.750291375001282,0.03,0.1790156560350476,1.889644746787604,2.182178902359924,Transit,1,1,18.4241015,3.0970732
CONFIRMED,0.0331676401432971,0.1007480861610208,0.0,-0.1075083535203745,21.964,552.14,88.7,-1.1764906025890651,-0.170195149131927,0.0390058998294608,0.3270037642193089,,0.127235802250355,1.50496260868585,2.061468670743293,Transit,1,1,18.4241015,3.0970732
CONFIRMED,0.0331387770468786,-0.2012034952022503,0.0,-0.1075083535203745,78.0,805.0,89.19149,-0.9321726047428102,-0.2319222118812529,-0.7559498934735278,1.1265470290297035,-0.33,0.2091678076259664,2.0962804518699603,2.239533986914441,Transit,1,1,18.4241015,3.0970732
CONFIRMED,0.0331553986632449,-0.0559479780175102,0.0,-0.1075083535203745,78.0,805.0,88.7,0.2011242466529375,-0.1910246282316931,0.0390058998294608,0.0495152193733475,,0.1629943659338937,1.7751479289940826,2.1483446221182985,Transit,1,1,18.4241015,3.0970732
CONFIRMED,-0.156362449599525,-0.816469970314658,0.0,-0.1075083535203745,78.0,805.0,87.86162,0.8155477263851038,0.1127518763069352,0.6230306626362491,-1.0839549383872695,0.25,0.8255211975839098,5.235260637029248,2.815333761893765,Transit,1,1,13.1403998,3.5077702
CONFIRMED,-0.1033265148683193,-0.1259766369397144,0.0,-0.1075083535203745,78.0,805.0,88.7,0.2011242466529375,0.1615162388204736,0.0390058998294608,0.0495152193733475,,0.1833464944418634,1.92,2.1908902300206643,Transit,1,1,14.8759777,4.2277722
CONFIRMED,-0.1033451857250596,-0.1189737710474941,0.0,-0.1075083535203745,238.0,1001.0,88.7,0.9135168245313744,0.1308110665288333,0.5010605551018202,-0.9428590681266104,0.04,0.1811638211303999,1.9047316709258588,2.186521551237011,Transit,1,1,14.8759777,4.2277722
CONFIRMED,-0.1033782012644175,-0.0559479780175102,0.0,-0.1075083535203745,78.0,805.0,88.7,0.2011242466529375,0.1393402810542889,0.0390058998294608,0.0495152193733475,,0.1629943659338937,1.7751479289940826,2.1483446221182985,Transit,1,1,14.8759777,4.2277722
CONFIRMED,-0.1033484872789954,-0.325085593408808,0.0,-0.1075083535203745,78.0,805.0,88.14511,0.7841008553751898,0.0666531776397525,0.4770213915701838,-0.989891024880166,0.12,0.2633749346162575,2.444382216282292,2.3272208027680903,Transit,1,1,14.8759777,4.2277722
CONFIRMED,-0.1033176348266989,-0.1749966981852572,0.0,-0.1075083535203745,78.0,1006.0,88.7,0.8881174287156746,0.1501439527865327,0.5626678424714682,-1.0839549383872695,0.05,0.1996520693634794,2.0322105370116343,2.2222222222222223,Transit,1,1,14.8759777,4.2277722
CONFIRMED,-0.1405832987201827,-0.0349393803408491,0.0,-0.1075083535203745,78.0,805.0,88.7,0.2011242466529375,0.0425052654752824,0.0390058998294608,0.0495152193733475,,0.1574799946180266,1.7348812329222632,2.136056563526713,Transit,1,1,18.4700795,6.1238647
CONFIRMED,-0.1405630340098182,-0.389415782257072,0.0,-0.1075083535203745,78.0,805.0,88.98419,0.7066931728892476,-0.0179395720237166,0.4086095793105579,-0.3314436303304265,0.11,0.2990502657192518,2.660412317867783,2.3770184300068213,Transit,1,1,18.4700795,6.1238647
CONFIRMED,-0.8344448185143962,-0.6862059083173478,0.0,-0.1075083535203745,78.0,805.0,88.7,0.2011242466529375,-0.1682800561638114,0.0390058998294608,0.0495152193733475,,0.5831038012729731,4.152249134948097,2.6568446566202857,Transit,1,1,11.4802354,6.3470302
CONFIRMED,-0.8344433385074594,-0.7352259695628909,0.0,-0.1075083535203745,78.0,992.0,88.7,-0.5584386377403704,-0.1796523421977523,-0.3922451117580746,0.7032594182477303,-0.06,0.6614999619359241,4.516541834468742,2.713293789876808,Transit,1,1,11.4802354,6.3470302
CONFIRMED,-0.8344432929687845,-0.6224448143686809,0.0,-0.1075083535203745,174.942,1013.0,88.7,-0.6987400622461406,-0.1682800561638114,0.0390058998294608,0.4680996344799679,,0.4986197844511162,3.740811511901024,2.588432046314975,Transit,1,1,11.4802354,6.3470302
CONFIRMED,-0.8344379877131498,-0.7352259695628909,0.0,-0.1075083535203745,78.0,805.0,88.7,0.2011242466529375,-0.2092202858859985,0.0390058998294608,0.0495152193733475,,0.6614999619359241,4.516541834468742,2.713293789876808,Transit,1,1,11.4802354,6.3470302
CONFIRMED,-0.8344425415806473,-0.701298309816614,0.0,-0.1075083535203745,78.0,805.0,87.00659,-0.6394748053428412,-0.1934992376726786,-0.5170121901390855,0.5151315912335196,-0.18,0.6058551026119747,4.259565833467863,2.673847568382297,Transit,1,1,11.4802354,6.3470302
CONFIRMED,0.5203028695967664,0.6293109722090364,0.0,-0.1075083535203745,78.0,805.0,88.04322,1.0247903681049164,0.1863749188620649,0.7248829104801192,-1.460210592415691,0.04,0.062513633595511,0.9370641366033052,1.831207847148218,Transit,1,1,11.2983678,6.4815879
CONFIRMED,0.5200269052264092,0.4762698297912414,0.0,-0.1075083535203745,78.0,805.0,88.7,0.2011242466529375,0.1546928672001091,0.0390058998294608,0.0495152193733475,,0.0755222298897857,1.0629251700680271,1.889822365046136,Transit,1,1,11.2983678,6.4815879
CONFIRMED,-0.0938589104940265,-0.0773196812935491,0.0,-0.1075083535203745,78.0,805.0,88.45262,0.7707964099479184,0.0012983556455995,0.5549299671778403,-0.1433158033162158,0.25,0.168871420415571,1.8175662890440003,2.1610652319045225,Transit,1,1,12.809613,6.8464327
CONFIRMED,-0.0937832024468782,0.0771064739346776,0.0,-0.1075083535203745,78.0,805.0,88.7,0.2011242466529375,0.0546167501014295,0.0390058998294608,0.0495152193733475,,0.1319107005901569,1.541604039002582,2.0739033894608503,Transit,1,1,12.809613,6.8464327
CONFIRMED,-0.6378864634068913,-0.9329688139565958,0.0,-0.1075083535203745,78.0,805.0,86.79476,0.765958429792547,0.104218112867066,0.4750160743663013,-1.1780188518943726,0.13,1.1705356823141413,6.607582480226629,2.9840490653152587,Transit,1,1,12.8452963,8.8675474
CONFIRMED,-0.637930522074931,-0.8472718238384175,0.0,-0.1075083535203745,78.0,805.0,88.7,0.2011242466529375,0.1791432821730819,0.0390058998294608,0.0495152193733475,,0.9018631301124268,5.553241704845203,2.857142857142857,Transit,1,1,12.8452963,8.8675474
CONFIRMED,-0.3229736612690125,-0.7142173718862296,0.0,-0.1075083535203745,78.0,805.0,88.7,0.2011242466529375,0.1791432821730819,0.0390058998294608,0.0495152193733475,,0.6262797544483604,4.354768471476267,2.688664289689325,Transit,1,1,12.8452963,8.8675474
CONFIRMED,-0.3229429226634034,-0.8694028198516861,0.0,-0.1075083535203745,78.0,805.0,87.26923,0.765958429792547,0.104218112867066,0.4750160743663013,-1.1780188518943726,0.13,0.9626227529104586,5.799940923070154,2.888359215524924,Transit,1,1,12.8452963,8.8675474
CONFIRMED,0.1859071422970228,-0.072513565411657,0.0,-0.1075083535203745,78.0,805.0,88.28659,0.765958429792547,0.104218112867066,0.4750160743663013,-1.1780188518943726,0.13,0.1675254532270687,1.8078956338536396,2.158184904341279,Transit,1,1,12.8452963,8.8675474
CONFIRMED,0.1860781400215594,0.1121208033957796,0.0,-0.1075083535203745,78.0,805.0,88.7,0.2011242466529375,0.1791432821730819,0.0390058998294608,0.0495152193733475,,0.1250655267499338,1.4878000396746678,2.055566129482595,Transit,1,1,12.8452963,8.8675474
CONFIRMED,-1.0386511663908222,-0.2660339547841229,0.0,-0.1075083535203745,78.0,805.0,90.6,-1.5006352729989485,-0.242199915384427,0.0390058998294608,1.0324831155226002,0.032,0.2354556567480987,2.2684310018903595,2.284160962880643,Transit,1,1,169.4827046,2.6190363
CONFIRMED,-1.038652031625647,1.9048544718042069,0.0,-0.1075083535203745,78.0,805.0,88.7,0.2011242466529375,-0.2080830572826044,0.0390058998294608,0.0495152193733475,,0.018193294820747,0.4115226337448559,1.4907119849998596,Transit,1,1,169.4827046,2.6190363
CONFIRMED,-1.038649572537198,1.1415420895521808,0.0,-0.1075083535203745,78.0,805.0,83.0,-1.5599005299022477,-0.2649444874523087,0.0390058998294608,0.7973233317548377,0.03,0.0357816881417047,0.6459913544823727,1.668599034465448,Transit,1,1,169.4827046,2.6190363
CONFIRMED,-1.0386505379571074,1.3516280663187938,0.0,-0.1075083535203745,78.0,805.0,88.7,-1.4849118374939911,-0.2478860584013975,0.0390058998294608,0.0495152193733475,,0.029240841087881,0.5646500816389909,1.6133929702201346,Transit,1,1,169.4827046,2.6190363
CONFIRMED,-0.95188541818468,0.2241666576713064,0.0,-0.1075083535203745,114.0,805.0,88.7,-1.517568203542748,-0.3547855471204416,-1.3748813453039588,1.9072775111386788,,0.1061032953945969,1.3333333333333333,2.0,Transit,1,1,169.4827046,2.6190363
CONFIRMED,-1.038650597157385,1.4496681888098797,0.0,2.949777172642349,737.9,805.0,77.48,-1.5004175638919566,-0.2413077595450644,-0.837998478792425,0.0495152193733475,,0.0267307908502498,0.5318559556786704,1.5894388284780523,Transit,1,1,169.4827046,2.6190363
CONFIRMED,0.4757006974712006,-0.0419422462330693,0.0,-0.1075083535203745,78.0,805.0,88.7,0.2011242466529375,0.0284604922233655,0.0390058998294608,0.0495152193733475,,0.1592900918854105,1.7481498747159254,2.140129125019265,Transit,1,1,12.7700071,9.5167694
CONFIRMED,0.4756734881129021,-0.3257448432039015,0.0,-0.1075083535203745,78.0,805.0,88.88347,0.5796961938107487,-0.0434430606834323,0.284313796677925,-0.2373797168233233,0.06,0.2637109297414049,2.4464606878792257,2.3277153572513245,Transit,1,1,12.7700071,9.5167694
CONFIRMED,0.4757334853171835,-0.2660339547841229,0.0,-0.1075083535203745,78.0,805.0,88.7,0.2011242466529375,-0.0090680516886393,0.0390058998294608,0.0495152193733475,,0.2354556567480987,2.2684310018903595,2.284160962880643,Transit,1,1,12.7700071,9.5167694
CONFIRMED,0.4757583038950458,-0.2030081617541389,0.0,-0.1075083535203745,78.0,758.0,88.7,0.6534753911801623,0.0079903773622719,0.2854350493080523,-0.3784755870839782,0.04,0.2098451489240535,2.1008035573606905,2.240741060919813,Transit,1,1,12.7700071,9.5167694
CONFIRMED,0.475599373919378,-0.2170138935385798,0.0,-0.1075083535203745,79.7,761.0,88.7,0.5954196293157056,0.0114020631724542,0.1314168308839327,-0.1433158033162158,-0.05,0.21520264197071,2.1364097633926185,2.250175801852048,Transit,1,1,12.7700071,9.5167694
CONFIRMED,-0.8089061603541622,-0.7009800505704102,0.0,-0.1075083535203745,78.0,805.0,85.44711,0.7212071133553617,-0.0331778666948956,0.4420469345304345,0.4210676777264163,0.13,0.605363230561154,4.257260062144913,2.6734856457595697,Transit,1,1,16.6550286,10.1897385
CONFIRMED,-0.8089189111831555,-0.4901256633351761,0.0,-0.1075083535203745,78.0,805.0,88.7,0.2011242466529375,0.0370465681789908,0.0390058998294608,0.0495152193733475,,0.3690600752518189,3.0609121518212428,2.461829819586655,Transit,1,1,16.6550286,10.1897385
CONFIRMED,0.6699316847473464,-0.3197742907814509,0.0,-0.1075083535203745,78.0,805.0,88.79077,0.9848770318231024,0.0195758937593492,0.2561623467143644,-0.8958271113730587,-0.3,0.2606886725962483,2.4277330390098304,2.323247848749635,Transit,1,1,16.4625203,11.7537171
CONFIRMED,0.669731086884075,-0.2030081617541389,0.0,-0.1075083535203745,78.0,801.0,88.7,1.1348544166396153,0.047793378481065,0.4086496240473483,-0.5195714573446373,-0.21,0.2098451489240535,2.1008035573606905,2.240741060919813,Transit,1,1,16.4625203,11.7537171
CONFIRMED,0.6699129746818069,-0.0991810319556378,0.0,-0.1075083535203745,87.1069,779.17,88.7,1.1868627033098578,0.0320427623240569,0.0390058998294608,-0.1661733342984417,,0.1751791376239097,1.8625491597575847,2.174313926749452,Transit,1,1,16.4625203,11.7537171
CONFIRMED,0.6697006898185283,-0.406091272628531,0.0,-0.1075083535203745,78.0,805.0,88.7,0.2011242466529375,-0.0261264807395506,0.0390058998294608,0.0495152193733475,,0.3093390536285623,2.7210884353741496,2.390457218668787,Transit,1,1,16.4625203,11.7537171
CONFIRMED,-1.0244775953444625,-1.2396160269865772,0.0,-0.1075083535203745,78.0,805.0,81.50491,0.8941649039098888,0.0041442702255931,0.6150494385575112,0.2799718074657572,0.19,3.804907617307036,14.4993622149557,3.6318887445688937,Transit,1,1,185.306183,-10.2820915
CONFIRMED,-1.0244684876094672,-1.2534380455872016,0.0,-0.1075083535203745,78.0,2271.0,88.7,0.8651370229776605,-0.0090680516886393,0.5934714861562922,-0.0022199330555567,0.12,4.063709149840796,15.149602322939025,3.6719403681726273,Transit,1,1,185.306183,-10.2820915
CONFIRMED,-1.0244775953444625,-1.2534380455872016,0.0,-0.1075083535203745,78.0,805.0,89.7,0.8941649039098888,-0.0033819086716688,0.0390058998294608,0.0918439804515465,0.19,4.063709149840796,15.149602322939025,3.6719403681726273,Transit,1,1,185.306183,-10.2820915
CONFIRMED,-0.5624195435425324,-0.7425144823548548,0.0,-0.1075083535203745,78.0,805.0,87.45384,0.8941649039098888,0.0041442702255931,0.6150494385575112,0.2799718074657572,0.19,0.6743349785199805,4.574777185667969,2.721997977436441,Transit,1,1,185.306183,-10.2820915
CONFIRMED,-0.5626043167162493,-0.8262632261617562,0.0,-0.1075083535203745,78.0,805.0,89.6,0.8941649039098888,-0.0033819086716688,0.0390058998294608,0.0918439804515465,0.19,0.8488263631567753,5.333333333333333,2.8284271247461903,Transit,1,1,185.306183,-10.2820915
CONFIRMED,-0.5625218917145419,-0.7772431649162133,0.0,-0.1075083535203745,78.0,1091.0,88.7,0.8651370229776605,-0.0090680516886393,0.5934714861562922,-0.0022199330555567,0.12,0.7402760168444233,4.868351657268043,2.7646540655045486,Transit,1,1,185.306183,-10.2820915
CONFIRMED,-0.5721623153603704,-0.7115633347331392,0.0,-0.1075083535203745,78.0,805.0,87.85965,0.5978386193933913,-0.0943613341717991,0.1073314618867688,0.7032594182477303,-0.22,0.6220097072641422,4.334951702634352,2.685600303447888,Transit,1,1,189.7041426,-10.0605942
CONFIRMED,-0.5721111981977093,-0.7842460308084337,0.0,-0.1075083535203745,78.0,1002.0,88.7,0.6050955896264484,-0.0943601969431958,0.1314168308839327,0.3270037642193089,-0.19,0.7546035459902487,4.930966469428007,2.773500981126145,Transit,1,1,189.7041426,-10.0605942
CONFIRMED,0.0673690605598065,-0.1221898372084962,0.0,-0.1075083535203745,78.0,805.0,88.67575,0.2011242466529375,-0.0812820680041638,0.0390058998294608,0.0495152193733475,,0.1821618873406012,1.911720951047391,2.1885246191581365,Transit,1,1,189.7041426,-10.0605942
CONFIRMED,0.067234721468626,-0.1890024299696981,0.0,-0.1075083535203745,78.0,764.0,88.7,0.6050955896264484,-0.0943601969431958,0.1314168308839327,0.3270037642193089,-0.19,0.2046640241264232,2.0660801294743547,2.231424009916805,Transit,1,1,189.7041426,-10.0605942
CONFIRMED,0.7249737119579522,0.6508455271313989,0.0,4.036812026389096,78.0,923.0,88.64,0.4841460857421637,0.3946481025162613,1.893385249655863,-1.563680897273508,0.486,0.0609293655439574,0.921164640173898,1.8233902415604712,Transit,1,1,186.5410958,-9.6248232
CONFIRMED,0.7248775115070644,-0.0132336193531536,0.0,-0.1075083535203745,78.0,805.0,88.44934,0.7417685290156901,0.1156307705164273,0.7616470592179566,-1.0369229816337178,0.47,0.1520408177569957,1.6947004811351905,2.123579624581239,Transit,1,1,186.5410958,-9.6248232
CONFIRMED,0.7249498041535897,0.5673070863901071,0.0,-0.1075083535203745,78.0,902.0,88.7,0.7526539843652758,0.3946481025162613,1.2403480035375951,-1.883498203197664,0.38,0.067393243078095,0.985213586095352,1.854291081646239,Transit,1,1,186.5410958,-9.6248232
CONFIRMED,-0.7096304827452373,-0.8353917839840965,0.0,-0.1075083535203745,78.0,805.0,86.71872,0.3353781959644935,-0.1031907770485508,0.057429559117354,0.6562274614941787,-0.08,0.8713463192464949,5.427252435512683,2.840797761410692,Transit,1,1,183.6456643,-9.5626286
CONFIRMED,-0.7096334427591108,-0.7982517625928746,0.0,-0.1075083535203745,78.0,1120.0,88.7,0.3680345620132504,-0.0545571958244027,0.0390058998294608,-0.0492518898091125,-0.03,0.7843871570220872,5.05987518974532,2.7914526311954124,Transit,1,1,183.6456643,-9.5626286
CONFIRMED,-0.7096323042922363,-0.7989569161738916,0.0,3.765053312952408,78.0,1187.0,87.6,0.2035432367306232,-0.0664980961600406,-0.0349228450141167,-0.0351423027830462,-0.05,0.7859278180637009,5.066498622051673,2.792365693667665,Transit,1,1,183.6456643,-9.5626286
CONFIRMED,0.468765384965661,-0.7103567059255802,0.0,-0.1075083535203745,78.0,805.0,88.37406,0.6691988266851193,-0.0655507847334134,0.2571295811260676,0.4680996344799679,-0.1,0.6200812105621334,4.325986927296959,2.6842107552730283,Transit,1,1,190.9484237,-8.4784159
CONFIRMED,-0.7748348068169019,-0.9072560201082378,0.0,-0.1075083535203745,78.0,805.0,87.465,-0.4302321636230286,-0.17452514703935,-0.3857301411187344,0.891387245261941,-0.13,1.0798443763199903,6.261719400189729,2.9442095159542965,Transit,1,1,187.2947047,-6.8342028
CONFIRMED,-0.7748448253253967,-1.0293463370361484,0.0,-0.1075083535203745,78.0,914.0,88.7,-0.4894974205263281,-0.202396914265634,-0.4846560428125465,0.8443552885083894,-0.25,1.6170986918622146,8.196161464380848,3.149183286488868,Transit,1,1,187.2947047,-6.8342028
CONFIRMED,-1.0155240087639663,-1.176406520772777,0.0,-0.1075083535203745,78.0,805.0,89.7,0.23619960277938,-0.1227909120280479,0.0390058998294608,0.5621635479870712,-0.09,2.8647889756541165,12.0,3.4641016151377544,Transit,1,1,186.8729195,-6.7218474
CONFIRMED,-1.0155212764434678,-0.9979903747458012,0.0,-0.1075083535203745,78.0,805.0,81.59364,0.1346020195165809,-0.1160369113524905,-0.0290393490703154,0.5151315912335196,-0.03,1.4500872380295615,7.621648371199574,3.0924845503988343,Transit,1,1,186.8729195,-6.7218474
CONFIRMED,-1.015518999509719,-1.0783663982816911,0.0,-0.1075083535203745,78.0,1818.0,88.7,0.23619960277938,-0.1227909120280479,0.0082022561446368,0.5151315912335196,-0.09,1.9336509584960808,9.233610341643583,3.244428422615251,Transit,1,1,186.8729195,-6.7218474
CONFIRMED,-0.1340029601860847,-0.4551113338740742,0.0,-0.1075083535203745,78.0,750.0,88.7,0.23619960277938,-0.1227909120280479,0.0082022561446368,0.5151315912335196,-0.09,0.3424557976124969,2.911985245941421,2.431322695419324,Transit,1,1,186.8729195,-6.7218474
CONFIRMED,-0.1339187136373782,-0.3607093262655827,0.0,-0.1075083535203745,78.0,805.0,88.32947,0.1346020195165809,-0.1160369113524905,-0.0290393490703154,0.5151315912335196,-0.03,0.2823816022261147,2.5606118654048693,2.354405425660086,Transit,1,1,186.8729195,-6.7218474
CANDIDATE,2.4472122455613112,-0.0209336485564082,0.0,-0.1075083535203745,78.0,522.0,88.92,0.2011242466529375,-0.0812820680041638,0.0390058998294608,0.0495152193733475,,0.1539412522097633,1.708793164827341,2.127980706395726,Transit,1,0,186.8729195,-6.7218474
CONFIRMED,-0.7563868618905645,-0.504131395119617,0.0,-0.1075083535203745,78.0,1529.0,88.7,0.9981814772503736,0.2183776689901779,0.7474897045804121,-1.319114722155032,0.1,0.3804735080161801,3.123698458975427,2.4743582965269675,Transit,1,1,191.363117,-6.576051
CONFIRMED,-0.7563611325392028,-0.5221948395051824,0.0,-0.1075083535203745,78.0,805.0,85.98986,1.067122694464416,0.0996760218251099,0.8127934291922385,-0.8958271113730587,0.21,0.3958992698283435,3.207568614993096,2.490802542516495,Transit,1,1,191.363117,-6.576051
CONFIRMED,0.494123368432926,0.0771064739346776,0.0,-0.1075083535203745,78.0,805.0,88.7,0.2011242466529375,0.0140176889602606,0.0390058998294608,0.0495152193733475,,0.1319107005901569,1.541604039002582,2.0739033894608503,Transit,1,1,289.0918242,-15.7712178
CONFIRMED,0.4938195116241457,-0.1259766369397144,0.0,-0.1075083535203745,78.0,805.0,88.6,0.695807717539662,-0.031812623756521,0.4394532677321723,-0.0022199330555567,0.14,0.1833464944418634,1.92,2.1908902300206643,Transit,1,1,289.0918242,-15.7712178
CONFIRMED,0.1894550980338454,-0.0559479780175102,0.0,4.852088166699155,78.0,805.0,89.14,1.2509659403685287,0.088164993901555,0.9877581253220384,-0.4772426962664425,0.1,0.1629943659338937,1.7751479289940826,2.1483446221182985,Transit,1,1,73.7667927,18.654323
CONFIRMED,-0.801122917720561,-0.8976924582624045,0.0,-2.213638382654695,273.0,1040.0,88.79,-0.205266086398259,-0.1483785556044149,-0.2074232496491307,1.0795150722761515,0.07,1.0485064888637734,6.139979246870146,2.929793676545238,Transit,1,1,230.4799011,-20.2317975
CONFIRMED,-0.2781157894834539,-0.9418105133833932,0.0,-2.213638382654695,67.1,728.0,88.95,-0.205266086398259,-0.1483785556044149,-0.2074232496491307,1.0795150722761515,0.07,1.204061970323199,6.733156587972899,2.9981267559834457,Transit,1,1,230.4799011,-20.2317975
CONFIRMED,1.691976090414265,-0.0279365144486285,0.0,-2.213638382654695,12.9,482.0,89.35,-0.205266086398259,-0.1483785556044149,-0.2074232496491307,1.0795150722761515,0.07,0.155697219246861,1.7217630853994488,2.1320071635561044,Transit,1,1,230.4799011,-20.2317975
CONFIRMED,1.6918884284649356,-0.0559479780175102,0.0,-0.1075083535203745,78.0,805.0,89.35,-0.205266086398259,-0.1483785556044149,-0.2074232496491307,1.0795150722761515,0.07,0.1629943659338937,1.7751479289940826,2.1483446221182985,Transit,1,1,230.4799011,-20.2317975
CONFIRMED,-0.8337884525149574,-0.0559479780175102,0.0,-0.1075083535203745,78.0,805.0,84.3,1.375543929369342,0.2411222410580596,1.2711516472224191,-1.130986895140821,0.14,0.1629943659338937,1.7751479289940826,2.1483446221182985,Transit,1,1,253.7688479,-28.7105836
CONFIRMED,-0.8337857941948057,-0.0559479780175102,0.0,-0.1075083535203745,78.0,805.0,88.7,1.184443713232172,0.2126915259732074,1.1171334287982992,-0.989891024880166,0.0,0.1629943659338937,1.7751479289940826,2.1483446221182985,Transit,1,1,253.7688479,-28.7105836
CONFIRMED,-0.8337886062079854,-0.0559479780175102,0.0,-0.1075083535203745,78.0,805.0,88.7,1.375543929369342,0.2411222410580596,1.2711516472224191,-1.130986895140821,0.14,0.1629943659338937,1.7751479289940826,2.1483446221182985,Transit,1,1,253.7688479,-28.7105836
CONFIRMED,-0.8337885151306356,-0.0559479780175102,0.0,-0.1075083535203745,78.0,805.0,88.7,0.2011242466529375,-0.0812820680041638,0.0390058998294608,0.0495152193733475,,0.1629943659338937,1.7751479289940826,2.1483446221182985,Transit,1,1,253.7688479,-28.7105836
CONFIRMED,-0.7171916218763095,-0.0559479780175102,0.0,-0.1075083535203745,78.0,805.0,84.5,0.6171905400148768,0.3321005293295866,0.9939188540590032,-1.7424023329370049,0.34,0.1629943659338937,1.7751479289940826,2.1483446221182985,Transit,1,1,347.7043164,-7.8575592
CONFIRMED,-0.7171897661753042,-0.0559479780175102,0.0,-0.1075083535203745,78.0,805.0,88.7,0.2688559688281369,-0.0812820680041638,0.0390058998294608,0.0495152193733475,,0.1629943659338937,1.7751479289940826,2.1483446221182985,Transit,1,1,347.7043164,-7.8575592
CONFIRMED,-0.4854784229224981,-1.1063778618505729,0.0,-0.1075083535203745,78.0,502.0,88.99,-2.055793495827815,-0.3672950617577765,-1.439568997042089,1.9731222505936536,-0.1,2.152358358868607,9.917355371900824,3.302891295379082,Transit,1,1,160.5941265,4.4413751
CONFIRMED,-0.196877070259204,-1.176406520772777,0.0,-0.1075083535203745,78.0,427.0,88.77,-2.055793495827815,-0.3672950617577765,-1.439568997042089,1.9731222505936536,-0.1,2.8647889756541165,12.0,3.4641016151377544,Transit,1,1,160.5941265,4.4413751
CONFIRMED,0.0695241783530674,-1.1063778618505729,0.0,-0.1075083535203745,78.0,399.0,89.43,-2.055793495827815,-0.3672950617577765,-1.439568997042089,1.9731222505936536,-0.1,2.152358358868607,9.917355371900824,3.302891295379082,Transit,1,1,160.5941265,4.4413751
CONFIRMED,1.2956548236411622,1.8039934618772824,0.0,-0.1075083535203745,78.0,805.0,88.8738,0.7550729744429614,0.0353822341179236,0.7016600435061305,-0.3314436303304265,0.44,0.0197302939222347,0.4343853716538484,1.5109987650852004,Transit,1,1,242.5734559,-24.9906029
CONFIRMED,1.2956615405957213,0.95946757635445,0.0,-0.1075083535203745,78.0,805.0,88.7,-0.0589171866982745,-0.1341631980619888,0.0390058998294608,0.0495152193733475,,0.0431248469825115,0.7315957933241883,1.721325931647741,Transit,1,1,242.5734559,-24.9906029
CONFIRMED,1.295662109829158,2.2059777051696847,0.0,-0.1075083535203745,60.1,709.0,88.95,0.7538634794041186,0.1160270946847101,0.7782933482652361,-0.8958271113730587,0.42,0.0144572926568147,0.3530564390139133,1.434684299576431,Transit,1,1,242.5734559,-24.9906029
CONFIRMED,1.2956598328954094,2.2830092299841094,0.0,-0.1075083535203745,78.0,805.0,88.7,0.2011242466529375,0.1382030524508949,0.0390058998294608,0.0495152193733475,,0.0136688916759932,0.3401013502023602,1.4213381090374029,Transit,1,1,242.5734559,-24.9906029
CONFIRMED,1.2956826022328976,3.074333075805016,0.0,-0.1075083535203745,87.0,805.0,88.7,0.7224166083942045,0.2866113851938231,1.0247224977438272,-1.5213521361953088,,0.0081065188211708,0.2400725018955724,1.302809498123842,Transit,1,1,242.5734559,-24.9906029
CONFIRMED,3.740908281371912,2.0379089237563943,0.0,-0.1075083535203745,78.0,805.0,88.7,-0.0589171866982745,-0.1341631980619888,0.0390058998294608,0.0495152193733475,,0.0164005047036254,0.3840233486195961,1.465158871516513,Transit,1,1,242.5734559,-24.9906029
CONFIRMED,3.740963952402071,3.107876033113504,0.0,-0.1075083535203745,78.0,805.0,89.56874,0.7550729744429614,0.0353822341179236,0.7016600435061305,-0.3314436303304265,0.44,0.0079439626080651,0.236852305102202,1.2984185619242463,Transit,1,1,242.5734559,-24.9906029
CONFIRMED,-0.3111279134407618,3.893668385194805,0.0,-0.1075083535203745,78.0,805.0,88.7,0.2011242466529375,0.1382030524508949,0.0390058998294608,0.0495152193733475,,0.0051204838610873,0.1767367329625789,1.2067769800636945,Transit,1,1,242.5734559,-24.9906029
CONFIRMED,3.7408999705637287,3.795628262703719,0.0,-0.1075083535203745,23.4,560.0,89.43,0.7538634794041186,0.1160270946847101,0.7782933482652361,-0.8958271113730587,0.42,0.0053906058728139,0.182898948331047,1.2171612389003692,Transit,1,1,242.5734559,-24.9906029
CONFIRMED,-0.3950841530942316,-0.4761199315507353,0.0,-0.1075083535203745,78.0,586.0,89.26,-1.5840904306791046,-0.2649444874523087,-0.885103410715258,1.0324831155226002,-0.1,0.3580986219567645,3.0,2.449489742783178,Transit,1,1,227.849371,-17.8754464
CONFIRMED,1.2544405012404698,-0.6161772493951436,0.0,-0.1075083535203745,78.0,389.0,89.66,-1.5840904306791046,-0.2649444874523087,-0.885103410715258,1.0324831155226002,-0.1,0.4912189601601708,3.7037037037037033,2.581988897471611,Transit,1,1,227.849371,-17.8754464
CONFIRMED,1.9713217073885945,-0.0909623074786124,0.0,-0.1075083535203745,78.0,507.0,88.7,0.1720963657207092,-0.1455354840959297,-0.4846560428125465,0.2799718074657572,-0.44,0.1727714966734735,1.845444059976932,2.1693045781865616,Transit,1,1,181.2386829,-6.8052985
CONFIRMED,-0.3404502662581022,-0.0979651733708327,0.0,-0.1075083535203745,78.0,416.0,88.7,-2.008623189312944,-0.3616089187408061,-1.501176284411737,1.926090293840098,-0.01,0.1748201493357269,1.86000372000744,2.173570668006655,Transit,1,1,179.8358421,-6.5178542
CONFIRMED,0.2319629089278371,-0.3570712113829882,0.0,-0.1075083535203745,78.0,1035.0,88.7,1.754115876527153,0.2183776689901779,1.3019552909072432,-1.0369229816337178,-0.03,0.2803583111668351,2.548365860392024,2.3515854050088616,Transit,1,1,181.1211419,-4.8991358
CONFIRMED,1.7579821228588903,-0.4691170656585151,0.0,-0.1075083535203745,78.0,801.0,88.7,1.754115876527153,0.2183776689901779,1.3019552909072432,-1.0369229816337178,-0.03,0.3527804131312593,2.970223509319077,2.4433888871261047,Transit,1,1,181.1211419,-4.8991358
CONFIRMED,1.3165825771133428,-0.6511915788562458,0.0,-0.1075083535203745,78.0,638.0,88.7,0.6740368068404907,-0.0488710528074323,-0.0226013875401871,-0.1903477600697674,-0.29,0.5345378846701558,3.918367346938776,2.6186146828319083,Transit,1,1,183.4686492,-3.8318097
CONFIRMED,1.31673752245495,-0.7211703143475042,0.0,-0.1075083535203745,78.0,805.0,89.2139,0.7357210538214759,-0.0654160231439112,0.0390058998294608,0.1388759372050981,-0.2,0.6376531550214636,4.407332643432534,2.6967411927005216,Transit,1,1,183.4686492,-3.8318097
CONFIRMED,0.2719515578915381,1.1625506872288422,0.0,-0.1075083535203745,78.0,923.0,88.7,0.8143382313462609,0.1387716667525919,-0.115012318594659,-1.5072425491692425,-0.45,0.0350447888958543,0.637091465098006,1.6628219864210798,Transit,1,1,185.181563,-1.5909138
CONFIRMED,0.2720301121058726,-0.0069279167719674,0.0,-0.1075083535203745,83.0,769.0,88.7,0.9945529921338452,-0.0284009379463388,0.0390058998294608,0.4680996344799679,-0.45,0.1505077462903998,1.6832891469932247,2.11999576001272,Transit,1,1,185.181563,-1.5909138
CONFIRMED,-0.4252330328623948,0.5673070863901071,0.0,-0.1075083535203745,78.0,977.0,88.7,0.5930006392380199,-0.0374987667734915,0.0082022561446368,-0.2373797168233233,-0.19,0.067393243078095,0.985213586095352,1.854291081646239,Transit,1,1,181.6296115,-1.1606
CONFIRMED,-0.825856110567149,-0.3920855408440902,0.0,-0.1075083535203745,78.0,979.0,88.7,-0.5475531823907848,-0.1796523421977523,-0.3922451117580746,0.7032594182477303,-0.08,0.3006665082221939,2.66998932004272,2.3791547571544323,Transit,1,1,188.8935189,-10.0692793
CONFIRMED,-0.3426873536663207,-0.3430654795985474,0.0,-0.1075083535203745,78.0,688.0,88.7,-0.5475531823907848,-0.1796523421977523,-0.3922451117580746,0.7032594182477303,-0.08,0.2727471945817198,2.5020329017326577,2.340822943922612,Transit,1,1,188.8935189,-10.0692793
CONFIRMED,-0.2654628686412454,-0.0769565756941716,0.0,-0.1075083535203745,78.0,886.0,88.7,0.4938220460529064,-0.0488710528074323,0.0390058998294608,-0.1433158033162158,-0.1,0.1687692291446467,1.8168329573498467,2.160847218196859,Transit,1,1,182.8173343,-9.4141696
CONFIRMED,0.3306884793430464,0.0771064739346776,0.0,-0.1075083535203745,78.0,1061.0,88.7,1.674289203963525,0.3207282432956457,1.394366221961715,-1.5072425491692425,0.04,0.1319107005901569,1.541604039002582,2.0739033894608503,Transit,1,1,183.3667344,-8.9952309
CONFIRMED,-0.6853291445381198,-0.0559479780175102,0.0,-0.1075083535203745,78.0,805.0,88.7,-2.3460723051500985,-0.4042549913680844,-1.7660876201012228,0.0495152193733475,0.15,0.1629943659338937,1.7751479289940826,2.1483446221182985,Transit,1,1,63.2739346,15.2477027
CONFIRMED,-0.6853303626976754,0.5252898910367845,0.0,5.123846880135842,78.0,805.0,88.3,-2.3460723051500985,-0.4042549913680844,-1.7660876201012228,0.0495152193733475,0.15,0.0709921414374213,1.0199831702776905,1.870439059165649,Transit,1,1,63.2739346,15.2477027
CONFIRMED,-0.6853590520629105,-0.0559479780175102,0.0,-0.1075083535203745,78.0,805.0,88.7,-2.31704442421787,-0.406975242187403,-1.853896486789182,2.145635467965683,,0.1629943659338937,1.7751479289940826,2.1483446221182985,Transit,1,1,63.2739346,15.2477027
CONFIRMED,-0.6853300980895121,1.0703364729652034,0.0,-0.1075083535203745,9.5041,447.81,88.7,-2.31704442421787,-0.406975242187403,0.0390058998294608,2.145635467965683,,0.0384385130391153,0.6775851419254204,1.688636918851915,Transit,1,1,63.2739346,15.2477027
CONFIRMED,-0.6853291695843909,-0.0559479780175102,0.0,5.123846880135842,78.0,805.0,88.3,-2.3460723051500985,-0.4042549913680844,-1.7660876201012228,0.0495152193733475,0.15,0.1629943659338937,1.7751479289940826,2.1483446221182985,Transit,1,1,63.2739346,15.2477027
CONFIRMED,-0.6249895691134963,-0.167993832293037,0.0,-0.1075083535203745,78.0,958.0,88.7,0.0632418122248529,-0.111418625994107,-0.2074232496491307,0.2329398507122056,-0.09,0.1972073774659357,2.015587207739855,2.2176638128637185,Transit,1,1,185.0315429,-8.9757427
CONFIRMED,-0.6250635694603331,0.0228856152855571,0.0,3.4932945995157216,78.0,1003.0,88.26,-0.1411628493395882,-0.1188106119161686,-0.1796999703327891,0.2987845901671762,-0.02,0.1435318142418657,1.6308659714669609,2.103293498065788,Transit,1,1,185.0315429,-8.9757427
CONFIRMED,-0.023175486895882,-0.2310196253230206,0.0,-0.1075083535203745,78.0,437.0,88.7,-1.6965734692914891,-0.2933752025371609,-1.0699252728242017,1.314674856043914,-0.04,0.2207440721731497,2.172928927116342,2.259730731464128,Transit,1,1,190.6892403,-8.5359826
CONFIRMED,0.4907717219546589,-0.6581944447484662,0.0,-0.1075083535203745,78.0,639.0,88.7,0.039051911447996,-0.1057324829771367,-0.2382268933339546,0.0918439804515465,-0.09,0.5438071230605852,3.963535473642489,2.6261286571944518,Transit,1,1,182.3663818,-8.3096141
CONFIRMED,-0.6156746331470621,-0.7352259695628909,0.0,-0.1075083535203745,78.0,791.0,88.7,-0.5935139938668129,-0.1910246282316931,-0.4846560428125465,0.750291375001282,-0.14,0.6614999619359241,4.516541834468742,2.713293789876808,Transit,1,1,185.5507926,-4.7172908
CONFIRMED,0.2976034935057762,-0.3430654795985474,0.0,-0.1075083535203745,78.0,551.0,88.7,-0.5935139938668129,-0.1910246282316931,-0.4846560428125465,0.750291375001282,-0.14,0.2727471945817198,2.5020329017326577,2.340822943922612,Transit,1,1,185.5507926,-4.7172908
CONFIRMED,-0.8584208170428131,0.1541379987491022,0.0,-0.1075083535203745,78.0,1034.0,88.7,-0.5366677270411991,-0.1796523421977523,-0.4846560428125465,0.6562274614941787,-0.14,0.1174623385810864,1.426872770511296,2.034190510862431,Transit,1,1,189.9128532,-3.3705631
REFUTED,-0.45358882730336,-0.0349393803408491,0.0,-0.1075083535203745,78.0,845.0,88.7,0.1200880790504667,-0.1284770550450183,-0.0842086749098351,0.4680996344799679,-0.1,0.1574799946180266,1.7348812329222632,2.136056563526713,Transit,1,3,186.2270991,-2.0660477
CONFIRMED,-0.8992109466860999,-1.2954552409405242,0.0,-0.1075083535203745,78.0,789.0,88.7,-1.6868975089807463,-0.2876890595201905,-1.0699252728242017,1.314674856043914,-0.03,5.010238035586883,17.419073885905068,3.802345503146868,Transit,1,1,188.278284,-1.9532879
CONFIRMED,1.09153727618094,0.2241666576713064,0.0,-0.1075083535203745,78.0,831.0,88.7,1.4892364630205694,0.1728885248544145,1.0555261414286512,-0.8958271113730587,0.01,0.1061032953945969,1.3333333333333333,2.0,Transit,1,1,187.6314027,-1.1609171
CONFIRMED,0.6803606105503921,-0.2520282229996821,0.0,-0.1075083535203745,78.0,795.0,88.7,1.1360639116784583,0.0705379505489466,0.8399006356348834,-0.425507543837534,0.16,0.2294186300411844,2.2294887039239004,2.27429413073671,Transit,1,1,186.8026947,1.5668631
CONFIRMED,0.6805847746779636,-0.4084456501472273,0.0,-0.1075083535203745,78.0,805.0,89.02717,0.9776200615900452,0.0408420686428186,0.0390058998294608,-0.2844116735768749,0.23,0.3108295436366816,2.7298221210695583,2.3923730348084504,Transit,1,1,186.8026947,1.5668631
CONFIRMED,-0.3111279134407618,0.6098071433524299,0.0,-0.1075083535203745,0.0279,104.26,88.7,-1.7376963006121462,-0.2790102994333885,0.0390058998294608,1.1456890354284015,,0.0639962522870617,0.9518222427384032,1.83837571301248,Transit,1,1,94.2064312,24.5958335
CONFIRMED,0.576372477008216,0.0771064739346776,0.0,-0.1075083535203745,78.0,805.0,88.7,-1.6796405387476896,-0.28200291650322,0.0390058998294608,0.0495152193733475,,0.1319107005901569,1.541604039002582,2.0739033894608503,Transit,1,1,94.2064312,24.5958335
CONFIRMED,0.5762785534910772,-0.069953709801951,0.0,-0.1075083535203745,5.28,805.0,88.7,-1.6336797272716614,-0.28200291650322,-1.0391216291393774,1.2629397036150056,,0.1668143927493756,1.8027762754642147,2.1566554640687685,Transit,1,1,94.2064312,24.5958335
CONFIRMED,0.5764949760439028,-0.1469852346163755,0.0,-0.1075083535203745,78.0,805.0,88.7,0.2011242466529375,-0.2763167734862496,0.0390058998294608,0.0495152193733475,-0.13,0.190108605842127,1.9669229130128336,2.204155075111935,Transit,1,1,94.2064312,24.5958335
CONFIRMED,0.5762489533523424,-0.0559479780175102,0.0,-0.1075083535203745,78.0,805.0,88.7,-1.7376963006121462,-0.2790102994333885,-1.0916849667231614,1.1456890354284015,,0.1629943659338937,1.7751479289940826,2.1483446221182985,Transit,1,1,94.2064312,24.5958335
CONFIRMED,0.5763127074973095,-0.0069279167719674,0.0,-0.1075083535203745,5.8,430.0,88.4,-1.6143278066501758,-0.2763167734862496,-0.9467106980849056,0.0495152193733475,-0.13,0.1505077462903998,1.6832891469932247,2.11999576001272,Transit,1,1,94.2064312,24.5958335
CONFIRMED,-0.7829942353367485,-0.0559479780175102,0.0,-0.1075083535203745,78.0,805.0,88.7,1.508588383642055,0.3889619594992909,1.6099917277554825,-1.554274505922794,-0.14,0.1629943659338937,1.7751479289940826,2.1483446221182985,Transit,1,1,76.8673317,16.8676948
CONFIRMED,-0.782994267213821,-0.0559479780175102,0.0,-0.1075083535203745,78.0,805.0,88.7,1.508588383642055,0.3889619594992909,1.6099917277554825,-1.554274505922794,-0.14,0.1629943659338937,1.7751479289940826,2.1483446221182985,Transit,1,1,76.8673317,16.8676948
CONFIRMED,-0.7829978647691441,-0.0559479780175102,0.0,-0.1075083535203745,78.0,805.0,88.7,1.508588383642055,0.3889619594992909,1.6099917277554825,-1.554274505922794,-0.14,0.1629943659338937,1.7751479289940826,2.1483446221182985,Transit,1,1,76.8673317,16.8676948
CONFIRMED,0.2423946808980689,-0.0559479780175102,0.0,-0.1075083535203745,78.0,805.0,88.7,0.5047075014024921,0.3662173874314091,0.7166860608955882,-1.27208276540148,0.36,0.1629943659338937,1.7751479289940826,2.1483446221182985,Transit,1,1,163.0323119,0.493167
CONFIRMED,0.2423976181426048,-0.0559479780175102,0.0,8.38495144137608,78.0,805.0,88.4,0.5047075014024921,0.3662173874314091,0.7166860608955882,-1.27208276540148,0.36,0.1629943659338937,1.7751479289940826,2.1483446221182985,Transit,1,1,163.0323119,0.493167
CONFIRMED,0.2423983239920671,-0.0559479780175102,0.0,-0.1075083535203745,78.0,805.0,88.7,0.2011242466529375,-0.0812820680041638,0.0390058998294608,0.0495152193733475,,0.1629943659338937,1.7751479289940826,2.1483446221182985,Transit,1,1,163.0323119,0.493167
CONFIRMED,-0.4171965951959246,-0.287042552460784,0.0,11.374297289179632,78.0,489.0,88.9,-1.8622742896129596,-0.3030416456660106,-1.2208631268798391,0.0495152193733475,0.12,0.2449148198447523,2.32878573230608,2.2992049957180423,Transit,1,1,131.3583524,19.698401
CONFIRMED,-0.4171701827644382,-0.3143537294404437,0.0,-0.1075083535203745,78.0,496.0,89.01,-1.7655146865055318,-0.3030416456660106,-1.1438540176677792,1.422848356577088,-0.013,0.2579846853671563,2.410916146126432,2.319214074208776,Transit,1,1,131.3583524,19.698401
CONFIRMED,1.1566063503879247,0.0631007421502368,0.0,10.0155037219962,78.0,326.0,89.6,-1.8622742896129596,-0.3030416456660106,-1.2208631268798391,0.0495152193733475,0.12,0.1347886518534765,1.5639458353425693,2.081376939407881,Transit,1,1,131.3583524,19.698401
CONFIRMED,1.156225191678372,-0.0083284899504113,0.0,-0.1075083535203745,78.0,331.0,89.38,-1.7655146865055318,-0.3030416456660106,-1.1438540176677792,1.422848356577088,-0.013,0.1508464732743877,1.6858137647817768,2.120790212264707,Transit,1,1,131.3583524,19.698401
CONFIRMED,-0.8123300994789545,-0.7072145059940091,0.0,-0.1075083535203745,78.0,805.0,88.7,0.2011242466529375,-0.0522827386176145,0.0390058998294608,0.0495152193733475,,0.6150964539394338,4.3027717021047724,2.6806023096526217,Transit,1,1,342.0316493,-14.4947789
CONFIRMED,-0.8123102901553397,-0.7422288354551111,0.0,-0.1075083535203745,78.0,805.0,88.7,0.4369757792272927,-0.0545571958244027,0.0390058998294608,0.0636248063994138,,0.6738257341017433,4.572473708276177,2.721655269759087,Transit,1,1,342.0316493,-14.4947789
CONFIRMED,-0.8123996279279084,-0.0559479780175102,0.0,-0.1075083535203745,78.0,805.0,88.7,0.331749710847965,-0.0429966984566001,0.2238277619384044,-0.0308153627617202,,0.1629943659338937,1.7751479289940826,2.1483446221182985,Transit,1,1,342.0316493,-14.4947789
CONFIRMED,-0.8123272760811059,-0.7352259695628909,0.0,-0.1075083535203745,78.0,805.0,88.7,0.1708868706818663,-0.111418625994107,0.0390058998294608,0.0495152193733475,,0.6614999619359241,4.516541834468742,2.713293789876808,Transit,1,1,342.0316493,-14.4947789
CONFIRMED,-0.8123313517925163,-0.7130579423947841,0.0,-0.1075083535203745,78.0,805.0,86.56239,0.4708416403148924,-0.0664588617732235,0.0390058998294608,0.0448120236979948,0.07,0.6244095704554143,4.346094736382073,2.687324482481513,Transit,1,1,342.0316493,-14.4947789
CONFIRMED,-1.00706428911359,0.4342526344379188,0.0,-0.1075083535203745,879.5,1515.0,75.32,-1.0095802872287525,-0.1722603562756907,-0.5585847876561237,0.4728028301553248,-0.12,0.0797169762543928,1.1019283746556474,1.9069251784911847,Transit,1,1,157.9356855,0.9372782
CONFIRMED,-0.1924370494489995,-1.3829910645932793,0.0,-1.0722517862206116,32.4,664.5,88.28,-1.0095802872287525,-0.1722603562756907,-0.5585847876561237,0.4728028301553248,-0.12,8.175706376783328,24.143654745737138,4.125684985035174,Transit,1,1,157.9356855,0.9372782
CONFIRMED,0.591292658235201,0.3487364583170778,0.0,-0.1075083535203745,16.3607,512.94,88.7,-0.9164491692378532,-0.1547532905407404,0.0390058998294608,0.277290985930806,,0.0892644437799334,1.1882427058152694,1.9432183404276355,Transit,1,1,157.9356855,0.9372782
CONFIRMED,0.5913063162333079,-0.0559479780175102,0.0,-0.8548448154712625,78.0,805.0,89.46,-1.0095802872287525,-0.1722603562756907,-0.5585847876561237,0.4728028301553248,-0.12,0.1629943659338937,1.7751479289940826,2.1483446221182985,Transit,1,1,157.9356855,0.9372782
CONFIRMED,1.1360949679651362,0.6081641309567969,0.0,-0.1075083535203745,11.2355,466.95,88.7,-0.9164491692378532,-0.1547532905407404,0.0390058998294608,0.277290985930806,,0.0641232811240212,0.9530813675975583,1.8389833887589253,Transit,1,1,157.9356855,0.9372782
CONFIRMED,-0.8370738800674745,-0.8262632261617562,0.0,-0.1075083535203745,78.0,1136.0,88.7,-0.0165848603387749,-0.1284770550450183,-0.0842086749098351,0.4680996344799679,0.03,0.8488263631567753,5.333333333333333,2.8284271247461903,Transit,1,1,133.7094899,11.8482712
CONFIRMED,-0.8370490614896123,-0.88928901919174,0.0,-0.1075083535203745,78.0,1121.0,88.7,-0.0625456718148031,-0.1284770550450183,-0.0842086749098351,0.5151315912335196,0.03,1.021963297097916,6.035913686434284,2.917299829957891,Transit,1,1,133.7094899,11.8482712
CONFIRMED,-0.83700511666826,-0.7492317013473315,0.0,-0.1075083535203745,78.0,805.0,88.7,0.2011242466529375,-0.1324573551568977,0.0390058998294608,0.0495152193733475,,0.6864596406650105,4.629451024266039,2.7300945311597404,Transit,1,1,133.7094899,11.8482712
CONFIRMED,-0.0202894733692491,0.2941953165935106,0.0,-0.1075083535203745,78.0,805.0,88.7,0.2011242466529375,-0.1284770550450183,0.0390058998294608,0.0495152193733475,,0.0961629007302244,1.2486992715920917,1.967477507351859,Transit,1,1,133.7094899,11.8482712
CONFIRMED,-0.0201813190161801,0.6653472088811927,0.0,-0.1075083535203745,78.0,805.0,88.7,0.2011242466529375,-0.1324573551568977,0.0390058998294608,0.0495152193733475,,0.0598925441430449,0.9106846071534276,1.818181818181818,Transit,1,1,133.7094899,11.8482712
CONFIRMED,-0.0201270141462707,0.0070778150124734,0.0,-0.1075083535203745,78.0,696.0,88.7,-0.0165848603387749,-0.1284770550450183,-0.0842086749098351,0.4680996344799679,0.03,0.1471755938101408,1.6583518746285983,2.1121000314262885,Transit,1,1,133.7094899,11.8482712
CONFIRMED,-0.0203658644965222,-0.3780798090596494,0.0,-0.1075083535203745,78.0,805.0,88.71,0.2011242466529375,-0.1665742132587203,0.0390058998294608,0.0495152193733475,,0.2923151448208467,2.620316184819635,2.368011113891575,Transit,1,1,133.7094899,11.8482712
CONFIRMED,-0.0204147047254345,-0.0559479780175102,0.0,-0.1075083535203745,78.0,805.0,88.7,-0.1012616080081629,-0.1163911580624477,-0.0872890392783174,0.3471804736665835,0.0848,0.1629943659338937,1.7751479289940826,2.1483446221182985,Transit,1,1,133.7094899,11.8482712
CONFIRMED,-0.0196682302113529,-0.0559479780175102,0.0,-0.1075083535203745,78.0,805.0,88.7,-0.1012616080081629,-0.1163911580624477,-0.0872890392783174,0.3471804736665835,0.0848,0.1629943659338937,1.7751479289940826,2.1483446221182985,Transit,1,1,133.7094899,11.8482712
CONFIRMED,-0.0202051129738553,0.0070778150124734,0.0,-0.1075083535203745,78.0,688.0,88.7,-0.0625456718148031,-0.1284770550450183,-0.0842086749098351,0.5151315912335196,0.03,0.1471755938101408,1.6583518746285983,2.1121000314262885,Transit,1,1,133.7094899,11.8482712
CONFIRMED,-0.5664177253587779,-0.5811629199340416,0.0,-0.1075083535203745,78.0,805.0,88.7,0.2011242466529375,-0.1324573551568977,0.0390058998294608,0.0495152193733475,,0.4524571457807618,3.5062089116143165,2.5468581598680533,Transit,1,1,133.7094899,11.8482712
CONFIRMED,-0.5664691840615013,-0.8332660920539766,0.0,-0.1075083535203745,78.0,888.0,88.7,-0.0165848603387749,-0.1284770550450183,-0.0842086749098351,0.4680996344799679,0.03,0.8660317845450811,5.405161929642809,2.837902619042413,Transit,1,1,133.7094899,11.8482712
CONFIRMED,-0.3839567778637345,-0.672200176532907,0.0,-0.1075083535203745,78.0,805.0,88.7,0.2011242466529375,-0.1324573551568977,0.0390058998294608,0.0495152193733475,,0.562998575529143,4.056246619794484,2.6413527189768717,Transit,1,1,133.7094899,11.8482712
CONFIRMED,-0.3840133596673927,-0.9453119463295032,0.0,-0.1075083535203745,78.0,801.0,88.7,-0.0165848603387749,-0.1284770550450183,-0.0842086749098351,0.4680996344799679,0.03,1.217692731880913,6.783876985697326,3.0037570459305534,Transit,1,1,133.7094899,11.8482712
CONFIRMED,1.9087823065765523,-0.3150540160296657,0.0,-0.1075083535203745,78.0,492.0,88.7,-0.0165848603387749,-0.1284770550450183,-0.0842086749098351,0.4680996344799679,0.03,0.2583319056239181,2.4130788875706326,2.319734019081177,Transit,1,1,133.7094899,11.8482712
CONFIRMED,1.908466951252341,-0.0559479780175102,0.0,-0.1075083535203745,78.0,805.0,88.7,0.2011242466529375,-0.1324573551568977,0.0390058998294608,0.0495152193733475,,0.1629943659338937,1.7751479289940826,2.1483446221182985,Transit,1,1,133.7094899,11.8482712
CONFIRMED,-0.6102543923579894,-0.0559479780175102,0.0,-0.1075083535203745,78.0,805.0,88.7,1.2793165040790044,0.2787190186862681,0.9631152103741794,-1.5071484852557349,-0.166,0.1629943659338937,1.7751479289940826,2.1483446221182985,Transit,1,1,130.1551381,13.0146799
CONFIRMED,-0.6101445303046087,-0.7772431649162133,0.0,-0.1075083535203745,78.0,1429.0,88.7,1.3174881675048853,0.2524945270920005,0.9015079230045312,-1.4131786356621392,-0.08,0.7402760168444233,4.868351657268043,2.7646540655045486,Transit,1,1,130.1551381,13.0146799
CONFIRMED,-0.6100952346889467,-1.0394028026006714,0.0,-0.1075083535203745,78.0,805.0,86.72002,1.10703603074623,0.1724757108713824,0.0390058998294608,-1.5072425491692425,-0.07,1.6760689241774998,8.394227543457605,3.1680388291411266,Transit,1,1,130.1551381,13.0146799
CONFIRMED,-0.6101477180118571,-0.8962918850839604,0.0,-0.1075083535203745,78.0,805.0,88.7,0.2011242466529375,0.1558300958035032,0.0390058998294608,0.0495152193733475,,1.0440193059963985,6.122448979591837,2.9277002188456,Transit,1,1,130.1551381,13.0146799
CONFIRMED,-0.3111432827435663,1.876843008235325,0.0,-0.1075083535203745,216.0,805.0,88.7,0.8191762115016323,0.0136765203792424,0.4394532677321723,-0.2844116735768749,,0.0186036545987187,0.417687680997995,1.4962640041614492,Transit,1,1,171.5151874,1.2306237
CONFIRMED,-0.3111438519770035,2.163960509816362,0.0,-0.1075083535203745,78.0,991.0,88.7,0.3656155719355647,-0.071615624875314,0.0390058998294608,0.0495152193733475,-0.09,0.0149130061609834,0.3604372103361378,1.4421243717653187,Transit,1,1,171.5151874,1.2306237
CONFIRMED,-0.3111869463636006,-0.0559479780175102,0.0,-0.1075083535203745,78.0,805.0,88.7,0.1346020195165809,-0.0644852015320331,0.0698095435142848,0.0269398801316447,0.13,0.1629943659338937,1.7751479289940826,2.1483446221182985,Transit,1,1,171.5151874,1.2306237
CONFIRMED,-0.3111348580886957,1.3309661665267247,0.0,-0.1075083535203745,78.0,805.0,88.87126,0.3003028398380509,-0.0857997086311468,0.1625901182929746,0.4680996344799679,0.15,0.0298095468233874,0.571947813491061,1.6185809049017486,Transit,1,1,171.5151874,1.2306237
CONFIRMED,-0.3111403113450241,1.6805176629469256,0.0,-0.1075083535203745,144.17,965.0,88.7,0.1346020195165809,-0.0659294818583436,0.0390058998294608,0.0448120236979948,,0.0218570360501737,0.4650650115556849,1.5369995074653848,Transit,1,1,171.5151874,1.2306237
CONFIRMED,-0.3111364519423198,1.6597541655764918,0.0,-0.1075083535203745,78.0,805.0,88.7,0.2011242466529375,-0.0420476811870678,0.0390058998294608,0.0495152193733475,,0.0222442876452929,0.470542103715322,1.541504986616124,Transit,1,1,171.5151874,1.2306237
CONFIRMED,-0.3111333666970901,1.4006481275643363,0.0,-0.1075083535203745,78.0,805.0,88.7,0.1539539401380665,-0.111418625994107,0.0390058998294608,0.0495152193733475,,0.0279482794811203,0.5478851632697788,1.6012815380508714,Transit,1,1,171.5151874,1.2306237
CONFIRMED,-0.9063181676896754,-0.9663205440061644,0.0,-0.1075083535203745,78.0,805.0,88.7,0.2011242466529375,-0.1540646986213853,0.0390058998294608,0.0495152193733475,,1.30395492747115,7.10059171597633,3.038218101251,Transit,1,1,131.2665588,13.5497322
CONFIRMED,-0.9063617709709654,-0.9102976168684012,0.0,-0.1075083535203745,78.0,1203.0,88.7,-0.2935592242337869,-0.1341631980619888,-0.0534050312250111,0.5151315912335196,0.26,1.0900724849449013,6.301197227473221,2.948839123097943,Transit,1,1,131.2665588,13.5497322
CONFIRMED,-0.9063649586782137,-0.8262632261617562,0.0,-0.1075083535203745,78.0,805.0,88.7,0.2011242466529375,-0.1057324829771367,0.0390058998294608,0.0495152193733475,,0.8488263631567753,5.333333333333333,2.8284271247461903,Transit,1,1,131.2665588,13.5497322
CONFIRMED,-0.5811393543584792,0.2311695235635266,0.0,-0.1075083535203745,78.0,805.0,88.7,0.2011242466529375,-0.1540646986213853,0.0390058998294608,0.0495152193733475,,0.1050492968917351,1.3244886921777907,1.9966749769191652,Transit,1,1,131.2665588,13.5497322
CONFIRMED,-0.5811054280456218,0.4342526344379188,0.0,-0.1075083535203745,78.0,805.0,88.7,0.2011242466529375,-0.1057324829771367,0.0390058998294608,0.0495152193733475,,0.0797169762543928,1.1019283746556474,1.9069251784911847,Transit,1,1,131.2665588,13.5497322
CONFIRMED,-0.5812421385633018,-0.0559479780175102,0.0,-0.1075083535203745,78.0,805.0,88.7,-0.4920252651575098,-0.1023202285526527,-0.349120010599321,0.0047407965439686,0.2297,0.1629943659338937,1.7751479289940826,2.1483446221182985,Transit,1,1,131.2665588,13.5497322
CONFIRMED,-0.5811096403730571,-0.0559479780175102,0.0,-0.1075083535203745,78.0,805.0,88.7,-0.4920252651575098,-0.1023202285526527,-0.349120010599321,0.0047407965439686,0.2297,0.1629943659338937,1.7751479289940826,2.1483446221182985,Transit,1,1,131.2665588,13.5497322
CONFIRMED,-0.5811064526658088,0.1891523282102044,0.0,-0.1075083535203745,78.0,848.0,88.7,-0.2935592242337869,-0.1341631980619888,-0.0534050312250111,0.5151315912335196,0.26,0.11159033691484,1.3789141051422005,2.016877936358443,Transit,1,1,131.2665588,13.5497322
CONFIRMED,-0.581124326595737,0.0841093398268979,0.0,-0.1075083535203745,78.0,805.0,88.7,-0.3745953918362577,-0.1330259694585947,0.0390058998294608,0.5339443739349428,,0.1305024132495498,1.530612244897959,2.070196678027062,Transit,1,1,131.2665588,13.5497322
CONFIRMED,-0.1072546809717885,2.948281489745049,0.0,-0.1075083535203745,78.0,805.0,88.7,0.2011242466529375,-0.0443221383938559,0.0390058998294608,0.0495152193733475,,0.0087586056104781,0.2527800539685415,1.319717610643751,Transit,1,1,125.2239144,16.0907958
CONFIRMED,-0.1072422837062061,2.9709645216766005,0.0,-0.1075083535203745,133.8067,867.44,88.7,0.5147463102248879,0.0097189648394309,0.0390058998294608,-0.3314436303304265,,0.0086362309032383,0.2504199849598412,1.3166263963765648,Transit,1,1,125.2239144,16.0907958
CONFIRMED,-0.1072317977876127,3.221393259541645,0.0,-0.1075083535203745,78.0,893.0,88.7,0.6341234705586767,-0.0090680516886393,-0.115012318594659,-0.5195714573446373,-0.3,0.0074250348913034,0.226421929718633,1.2838814775327387,Transit,1,1,125.2239144,16.0907958
CONFIRMED,-0.1070579812190952,-0.0559479780175102,0.0,-0.1075083535203745,78.0,805.0,88.7,0.5147221203241106,0.0097189648394309,0.3470423366777003,-0.3337952281681028,-0.422,0.1629943659338937,1.7751479289940826,2.1483446221182985,Transit,1,1,125.2239144,16.0907958
CONFIRMED,-0.1072797272430256,-0.0559479780175102,0.0,-0.1075083535203745,78.0,805.0,88.7,0.5147221203241106,0.0097189648394309,0.3470423366777003,-0.3337952281681028,-0.422,0.1629943659338937,1.7751479289940826,2.1483446221182985,Transit,1,1,125.2239144,16.0907958
CONFIRMED,-0.1072336193346119,2.325026425337432,0.0,-0.1075083535203745,78.0,805.0,88.7,0.2011242466529375,-0.1000463399601662,0.0390058998294608,0.0495152193733475,,0.0132629119243246,0.3333333333333333,1.4142135623730951,Transit,1,1,125.2239144,16.0907958
CONFIRMED,0.563508825947554,0.3642239755157149,0.0,-0.1075083535203745,78.0,805.0,88.7,0.4478612345768783,-0.1159675404076834,0.0390058998294608,0.3175973728685994,,0.0874264213761632,1.1718749999999998,1.9364916731037085,Transit,1,1,132.6211743,17.5423852
CONFIRMED,0.5634517887571461,0.1611408646413227,0.0,-0.1075083535203745,78.0,655.0,88.7,0.3619870868190362,-0.111418625994107,-0.1766196059643067,0.2329398507122056,-0.28,0.1162555432171181,1.4170829347787577,2.030692330267238,Transit,1,1,132.6211743,17.5423852
CONFIRMED,0.5632569139668524,-0.0559479780175102,0.0,-0.1075083535203745,78.0,805.0,88.7,0.2949326818655892,-0.1069544351114836,0.1930241182535807,0.4737434692903936,-0.3547,0.1629943659338937,1.7751479289940826,2.1483446221182985,Transit,1,1,132.6211743,17.5423852
CONFIRMED,0.5632772617852988,-0.0559479780175102,0.0,-0.1075083535203745,78.0,805.0,88.7,0.2949326818655892,-0.1069544351114836,0.1930241182535807,0.4737434692903936,-0.3547,0.1629943659338937,1.7751479289940826,2.1483446221182985,Transit,1,1,132.6211743,17.5423852
CONFIRMED,0.5634680232947752,0.3152039142701717,0.0,-0.1075083535203745,78.0,747.0,88.7,0.3353781959644935,-0.1000463399601662,-0.0226013875401871,0.2329398507122056,-0.09,0.0934242508691497,1.2248772570915292,1.9580259994945128,Transit,1,1,132.6211743,17.5423852
CONFIRMED,0.5634495118233971,0.014080680904694,0.0,-0.1075083535203745,78.0,805.0,88.7,0.2011242466529375,-0.1512216271129001,0.0390058998294608,0.0495152193733475,,0.1455463585659765,1.6460905349794237,2.1081851067789192,Transit,1,1,132.6211743,17.5423852
CONFIRMED,0.5631713843659785,0.1961551941024247,0.0,-0.1075083535203745,78.0,805.0,88.7,0.2011242466529375,-0.1159675404076834,0.0390058998294608,0.0495152193733475,,0.1104631703566313,1.3696128560993426,2.013468165642073,Transit,1,1,132.6211743,17.5423852
CONFIRMED,0.2517602160247364,-0.0559479780175102,0.0,-0.1075083535203745,78.0,805.0,88.7,-0.082103206592892,-0.0774837244688275,-0.0749675818043879,0.0221426205427802,0.179,0.1629943659338937,1.7751479289940826,2.1483446221182985,Transit,1,1,129.7768928,19.0100046
CONFIRMED,0.2522481116960998,-0.0559479780175102,0.0,-0.1075083535203745,78.0,805.0,88.7,-0.082103206592892,-0.0774837244688275,-0.0749675818043879,0.0221426205427802,0.179,0.1629943659338937,1.7751479289940826,2.1483446221182985,Transit,1,1,129.7768928,19.0100046
CONFIRMED,0.2525017621157185,0.014080680904694,0.0,-0.1075083535203745,78.0,805.0,90.0,0.2011242466529375,-0.1176733833127745,0.0390058998294608,0.0495152193733475,,0.1455463585659765,1.6460905349794237,2.1081851067789192,Transit,1,1,129.7768928,19.0100046
CONFIRMED,0.2524875312797885,0.0841093398268979,0.0,-0.1075083535203745,78.0,805.0,88.7,0.0608228221471672,-0.0954974255465899,0.0390058998294608,0.3552229382714415,,0.1305024132495498,1.530612244897959,2.070196678027062,Transit,1,1,129.7768928,19.0100046
CONFIRMED,0.2521987363877566,0.2591809871324084,0.0,-0.1075083535203745,78.0,849.0,88.7,0.0499373667975816,-0.0886740539262253,0.0698095435142848,0.2329398507122056,0.2,0.1009701772625591,1.2899758129535073,1.983538814721859,Transit,1,1,129.7768928,19.0100046
CONFIRMED,0.2518305220465656,1.2185736143666055,0.0,-0.1075083535203745,78.0,672.0,88.7,0.0971076733124526,-0.0943601969431958,0.1006131871991088,0.3270037642193089,0.2,0.0331761379877658,0.6142380377142155,1.6477051091432693,Transit,1,1,129.7768928,19.0100046
CONFIRMED,0.2521171880055424,0.4622640980068005,0.0,-0.1075083535203745,78.0,805.0,88.7,0.2011242466529375,-0.0761645392888904,0.0390058998294608,0.0495152193733475,,0.0768870567424292,1.0756929255261931,1.8954720708196904,Transit,1,1,129.7768928,19.0100046
CONFIRMED,0.2518613744988621,1.0645105647377566,0.0,-0.1075083535203745,78.0,805.0,88.7,0.2011242466529375,-0.0829879109092549,0.0390058998294608,0.0495152193733475,,0.0386673817035702,0.6802721088435374,1.6903085094570331,Transit,1,1,129.7768928,19.0100046
CONFIRMED,0.5266347946588678,-0.1890024299696981,0.0,-0.1075083535203745,78.0,805.0,89.44,0.2011242466529375,-0.1205164548212597,0.0390058998294608,0.0495152193733475,,0.2046640241264232,2.0660801294743547,2.231424009916805,Transit,1,1,129.2823699,20.3992512
CONFIRMED,0.5270087810271119,-0.2511849518946725,0.0,-0.1075083535203745,78.0,805.0,88.98432,-0.0262608206495177,-0.146895609505589,0.0390058998294608,1.0324831155226002,-0.15,0.2290617660876335,2.227176103116891,2.27370413206095,Transit,1,1,129.2823699,20.3992512
CONFIRMED,0.5269637432775602,-0.4200970044129719,0.0,-0.1075083535203745,78.0,655.0,88.7,-0.0915735527470314,-0.1739661991807818,-0.2382268933339546,0.750291375001282,-0.16,0.3183483709646362,2.773668639053254,2.401922307076307,Transit,1,1,129.2823699,20.3992512
CONFIRMED,0.5268098908641522,-0.3500683454907677,0.0,-0.1075083535203745,78.0,805.0,88.7,0.2011242466529375,-0.1620821602753136,0.0390058998294608,0.0495152193733475,,0.2765178401076458,2.52503997979968,2.346185661017325,Transit,1,1,129.2823699,20.3992512
CONFIRMED,0.5249612950306248,-0.0559479780175102,0.0,-0.1075083535203745,78.0,805.0,88.7,-0.1153159403595166,-0.1543643583583796,-0.0842086749098351,0.7051406965178723,-0.1328,0.1629943659338937,1.7751479289940826,2.1483446221182985,Transit,1,1,129.2823699,20.3992512
CONFIRMED,0.526586068276643,-0.3360626137063268,0.0,-0.1075083535203745,78.0,589.0,88.7,-0.0661741569313316,-0.1512216271129001,-0.1766196059643067,0.609195504740627,-0.13,0.2690447948585758,2.4793388429752063,2.335496832484569,Transit,1,1,129.2823699,20.3992512
CONFIRMED,0.5265047817418099,-0.0559479780175102,0.0,-0.1075083535203745,78.0,805.0,88.7,-0.1153159403595166,-0.1543643583583796,-0.0842086749098351,0.7051406965178723,-0.1328,0.1629943659338937,1.7751479289940826,2.1483446221182985,Transit,1,1,129.2823699,20.3992512
CONFIRMED,0.5266395762197403,-0.3360626137063268,0.0,-0.1075083535203745,78.0,805.0,88.7,0.2011242466529375,-0.1512216271129001,0.0390058998294608,0.0495152193733475,,0.2690447948585758,2.4793388429752063,2.335496832484569,Transit,1,1,129.2823699,20.3992512
CONFIRMED,-0.7085085236405049,-0.3080511501374451,0.0,-0.1075083535203745,78.0,905.0,88.7,-0.372176401758572,-0.1569077701298705,-0.2382268933339546,0.609195504740627,0.0,0.2548875258780268,2.391581632653061,2.3145502494313788,Transit,1,1,132.1698795,20.4550162
CONFIRMED,-0.7085652261216518,-0.0559479780175102,0.0,-0.1075083535203745,78.0,805.0,88.7,-0.4065865356136507,-0.1538685266872998,-0.2936734519666378,0.5278302195569784,-0.023,0.1629943659338937,1.7751479289940826,2.1483446221182985,Transit,1,1,132.1698795,20.4550162
CONFIRMED,-0.7085006840448995,-0.12283751126627,0.0,-0.1075083535203745,161.2476,908.85,88.7,-0.4065260608617084,-0.1538685266872998,0.0390058998294608,0.5151315912335196,,0.1823637712980437,1.913133154750257,2.188928677446828,Transit,1,1,132.1698795,20.4550162
CONFIRMED,-0.7085100036474415,-0.2940454183530046,0.0,-0.1075083535203745,78.0,805.0,88.7,0.2011242466529375,-0.1716917419739937,0.0390058998294608,0.0495152193733475,,0.2481803080585548,2.3494400501213883,2.3042861179277057,Transit,1,1,132.1698795,20.4550162
CONFIRMED,-0.7085083414858049,-0.2380224912152412,0.0,-0.1075083535203745,78.0,1166.0,88.7,-0.3371010456321294,-0.1796523421977523,-0.2998341807036026,0.7973233317548377,-0.06,0.2235862358489626,2.191540653079115,2.264554068289192,Transit,1,1,132.1698795,20.4550162
CONFIRMED,-0.7085125082745652,-0.2660339547841229,0.0,-0.1075083535203745,78.0,805.0,88.7,0.2011242466529375,-0.1455354840959297,0.0390058998294608,0.0495152193733475,,0.2354556567480987,2.2684310018903595,2.284160962880643,Transit,1,1,132.1698795,20.4550162
CONFIRMED,-0.7085202498493113,-0.3860014509569293,0.0,-0.1075083535203745,78.0,805.0,88.0191,-0.3600814513701434,-0.1585726728052394,0.0390058998294608,-0.1903477600697674,-0.08,0.2970001037048752,2.648239275401297,2.3742946671960152,Transit,1,1,132.1698795,20.4550162
CONFIRMED,-0.7085040836196946,-0.0559479780175102,0.0,-0.1075083535203745,78.0,805.0,88.7,-0.4065865356136507,-0.1538685266872998,-0.2936734519666378,0.5278302195569784,-0.023,0.1629943659338937,1.7751479289940826,2.1483446221182985,Transit,1,1,132.1698795,20.4550162
CONFIRMED,-0.1213012560383078,-0.3290597478141066,0.0,-0.1075083535203745,78.0,653.0,88.7,-0.3371010456321294,-0.1796523421977523,-0.2998341807036026,0.7973233317548377,-0.06,0.265409103902127,2.456952150856862,2.3302069121418523,Transit,1,1,132.1698795,20.4550162
CONFIRMED,-0.1212794543976626,-0.1189737710474941,0.0,-0.1075083535203745,78.0,805.0,88.7,0.2011242466529375,-0.1716917419739937,0.0390058998294608,0.0495152193733475,,0.1811638211303999,1.9047316709258588,2.186521551237011,Transit,1,1,132.1698795,20.4550162
CONFIRMED,-0.1213106483900216,-0.2380224912152412,0.0,-0.1075083535203745,78.0,660.0,88.7,-0.372176401758572,-0.1569077701298705,-0.2382268933339546,0.609195504740627,0.0,0.2235862358489626,2.191540653079115,2.264554068289192,Transit,1,1,132.1698795,20.4550162
CONFIRMED,-0.121396716485727,-0.0559479780175102,0.0,-0.1075083535203745,78.0,805.0,88.7,-0.4065865356136507,-0.1538685266872998,-0.2936734519666378,0.5278302195569784,-0.023,0.1629943659338937,1.7751479289940826,2.1483446221182985,Transit,1,1,132.1698795,20.4550162
CONFIRMED,-0.1212942875269696,0.2354591360686724,0.0,-0.1075083535203745,45.7572,663.34,88.7,-0.4065260608617084,-0.1538685266872998,0.0390058998294608,0.5151315912335196,,0.1044105556885131,1.3191142937297666,1.9946464027300637,Transit,1,1,132.1698795,20.4550162
CONFIRMED,-0.121324423839202,-0.1259766369397144,0.0,-0.1075083535203745,78.0,805.0,88.7,0.2011242466529375,-0.1455354840959297,0.0390058998294608,0.0495152193733475,,0.1833464944418634,1.92,2.1908902300206643,Transit,1,1,132.1698795,20.4550162
CONFIRMED,1.0489778551681306,0.7633873313722785,0.0,-0.1075083535203745,78.0,583.0,88.7,0.023328475943039,-0.0886740539262253,-0.145815962279483,0.0448120236979948,0.07,0.0534648787351326,0.8443034145037255,1.7841031003501575,Transit,1,1,125.9528309,22.6339399
CONFIRMED,1.0489052209815437,0.3642239755157149,0.0,-0.1075083535203745,78.0,805.0,88.7,0.2011242466529375,-0.1341631980619888,0.0390058998294608,0.0495152193733475,,0.0874264213761632,1.1718749999999998,1.9364916731037085,Transit,1,1,125.9528309,22.6339399
CONFIRMED,1.0484007663094916,0.6653472088811927,0.0,-0.1075083535203745,78.0,805.0,88.7,0.2011242466529375,-0.1080069401839248,0.0390058998294608,0.0495152193733475,,0.0598925441430449,0.9106846071534276,1.818181818181818,Transit,1,1,125.9528309,22.6339399
CONFIRMED,1.048150303597121,-0.0559479780175102,0.0,-0.1075083535203745,78.0,805.0,88.7,-0.3346820555544437,-0.0655297460042506,-0.2382268933339546,-0.2080788077658581,,0.1629943659338937,1.7751479289940826,2.1483446221182985,Transit,1,1,125.9528309,22.6339399
CONFIRMED,-0.3617635004221233,-0.2729280171489758,0.0,-0.1075083535203745,195.7304,953.97,88.7,0.6691988266851193,-0.017379486936545,0.0390058998294608,-0.0813276843150325,,0.2385051690335871,2.2879754073766376,2.289065129180807,Transit,1,1,202.0161895,-15.9379749
CONFIRMED,-0.3617534861054635,-0.3460408292473703,0.0,11.917814716053003,78.0,1049.0,86.83,0.6776652919570192,-0.018734494817489,0.3285601504668059,-0.1339094119655063,0.078,0.274340822541032,2.511769480325223,2.343096937007731,Transit,1,1,202.0161895,-15.9379749
CONFIRMED,-0.3617270736739771,-0.0559479780175102,0.0,-0.1075083535203745,78.0,805.0,88.7,0.6691988266851193,-0.017379486936545,0.4332925389952075,-0.0813276843150325,,0.1629943659338937,1.7751479289940826,2.1483446221182985,Transit,1,1,202.0161895,-15.9379749
CONFIRMED,-0.3617502983982151,-0.3360626137063268,0.0,-0.1075083535203745,78.0,805.0,88.7,0.2011242466529375,0.0023042343453015,0.0390058998294608,0.0495152193733475,,0.2690447948585758,2.4793388429752063,2.335496832484569,Transit,1,1,202.0161895,-15.9379749
CONFIRMED,-0.361764187694083,-0.3908869583294414,0.0,-0.1075083535203745,78.0,805.0,88.68588,0.7417685290156901,-0.0335383681621716,0.0390058998294608,0.1388759372050981,0.04,0.2999394625277168,2.665683358963379,2.378194945334009,Transit,1,1,202.0161895,-15.9379749
CONFIRMED,-0.3617540553389007,-0.4270998703051925,0.0,-0.1075083535203745,78.0,958.0,88.7,0.7514444893264329,-0.0204403377225802,0.4702569114169962,-0.0022199330555567,0.11,0.3229844399836745,2.800532101099209,2.407717061715384,Transit,1,1,202.0161895,-15.9379749
CONFIRMED,-0.3614117638884402,-0.0559479780175102,0.0,-0.1075083535203745,78.0,805.0,88.7,0.6691988266851193,-0.017379486936545,0.4332925389952075,-0.0813276843150325,,0.1629943659338937,1.7751479289940826,2.1483446221182985,Transit,1,1,202.0161895,-15.9379749
CONFIRMED,-0.3617623661470839,-0.3640740772752085,0.0,-0.1075083535203745,78.0,805.0,88.7,0.2011242466529375,-0.018165880515792,0.0390058998294608,0.0495152193733475,,0.2842702315741729,2.572016460905349,2.3570226039551585,Transit,1,1,202.0161895,-15.9379749
CONFIRMED,-0.7026375638158526,0.6653472088811927,0.0,-0.1075083535203745,78.0,805.0,88.7,0.2011242466529375,0.4321766464282662,0.0390058998294608,0.0495152193733475,,0.0598925441430449,0.9106846071534276,1.818181818181818,Transit,1,1,203.3018653,-14.5041057
CONFIRMED,-0.7023432701288173,-0.756234567239552,0.0,-0.1075083535203745,78.0,805.0,88.7,0.2011242466529375,-0.0602433388413732,0.0390058998294608,0.0495152193733475,,0.6994113710093056,4.687499999999999,2.7386127875258306,Transit,1,1,203.3018653,-14.5041057
CONFIRMED,-0.702360233285246,0.2101609258868655,0.0,-0.1075083535203745,78.0,1711.0,88.7,1.968196498402337,0.3434728153635275,1.6407953714403063,-1.460210592415691,0.0,0.1082539730681351,1.3512904824107022,2.0067001862719533,Transit,1,1,203.3018653,-14.5041057
CONFIRMED,-0.7025840558727553,-0.0559479780175102,0.0,-0.1075083535203745,78.0,805.0,88.7,0.528897402179349,0.3987933007756328,0.3470423366777003,-2.4258707284796333,,0.1629943659338937,1.7751479289940826,2.1483446221182985,Transit,1,1,203.3018653,-14.5041057
CONFIRMED,-0.2711500799123676,-1.0293463370361484,0.0,-0.1075083535203745,78.0,879.0,88.7,0.5301068972181919,-0.0829879109092549,-0.2382268933339546,-0.0962838465626642,-0.37,1.6170986918622146,8.196161464380848,3.149183286488868,Transit,1,1,204.7792935,-6.0417592
CONFIRMED,-0.270910432635304,-1.0055365930025988,0.0,-0.1075083535203745,78.0,805.0,88.7,0.2011242466529375,-0.084693753814346,0.0390058998294608,0.0495152193733475,,1.488097872140529,7.754262259488632,3.1058496825834725,Transit,1,1,204.7792935,-6.0417592
CONFIRMED,-0.2708774170959461,-0.0559479780175102,0.0,-0.1075083535203745,78.0,805.0,88.7,0.3704293621901587,-0.0635310667337855,0.2392295837808163,0.1417448865670648,-0.5313,0.1629943659338937,1.7751479289940826,2.1483446221182985,Transit,1,1,204.7792935,-6.0417592
CONFIRMED,-0.2711851446920996,-1.176406520772777,0.0,-0.1075083535203745,78.0,805.0,88.7,0.2011242466529375,-0.1398493410789592,0.0390058998294608,0.0495152193733475,,2.8647889756541165,12.0,3.4641016151377544,Transit,1,1,204.7792935,-6.0417592
CONFIRMED,-0.8246920281880633,-0.2660339547841229,0.0,1.3192248920222298,30.1,805.0,88.35,-2.209701739520568,-0.4128598315956657,-2.0514679770192745,0.0495152193733475,,0.2354556567480987,2.2684310018903595,2.284160962880643,Transit,1,1,335.6233145,-7.9563525
CONFIRMED,-0.8246897512543145,-0.2520282229996821,0.0,-2.213638382654695,78.0,568.0,88.9,-2.3049494738294416,-0.4082352914799636,-1.880061101735072,2.1142181208543085,0.26,0.2294186300411844,2.2294887039239004,2.27429413073671,Transit,1,1,335.6233145,-7.9563525
CONFIRMED,-0.8246908327978453,-0.0839594415863919,0.0,-2.213638382654695,21.7,420.0,87.3,-2.3049494738294416,-0.4082352914799636,-1.880061101735072,2.1142181208543085,0.26,0.1707547292503188,1.8310546875,2.165063509461097,Transit,1,1,335.6233145,-7.9563525
CONFIRMED,-0.8246910149525452,-0.756234567239552,0.0,-0.1075083535203745,78.0,805.0,88.7,-2.5674098972583392,-0.4696456360632444,0.0390058998294608,0.0495152193733475,,0.6994113710093056,4.687499999999999,2.7386127875258306,Transit,1,1,335.6233145,-7.9563525
CONFIRMED,-0.8246955574353741,-0.8122574943773153,0.0,-0.1075083535203745,78.0,805.0,88.7,0.2011242466529375,-0.4673711788564562,0.0390058998294608,0.0495152193733475,,0.8157589981155338,5.193905817174516,2.809757434745082,Transit,1,1,335.6233145,-7.9563525
CONFIRMED,-0.824691686648001,-0.1609909664008164,0.0,-0.1075083535203745,78.0,590.0,88.7,-2.213027850877385,-0.41278420589354,-2.0525615063700857,2.1142181208543085,0.332,0.1948024361042841,1.9991670137442727,2.2131333406899523,Transit,1,1,335.6233145,-7.9563525
CONFIRMED,-0.8247113266861454,0.0324543522492846,0.0,-0.1075083535203745,21.3031,547.94,88.7,-2.2783405829748986,-0.3780850867467796,0.0390058998294608,1.8790583370865463,,0.141384448361689,1.6145589857638365,2.098015973941352,Transit,1,1,335.6233145,-7.9563525
CONFIRMED,1.1829677785582962,3.494505029338241,0.0,-0.1075083535203745,78.0,744.0,88.7,0.7526539843652758,0.1558300958035032,0.7474897045804121,-1.0369229816337178,0.3,0.0063490178035298,0.2039813765003255,1.2508145976752496,Transit,1,1,291.5953596,-22.2477071
CONFIRMED,1.1829039105666417,2.0133559935771674,0.0,-0.1075083535203745,78.0,805.0,88.58844,0.7828913603363469,0.0330890126391795,0.0390058998294608,-0.0492518898091125,0.44,0.0167130154658527,0.3888863488199636,1.4697754401666838,Transit,1,1,291.5953596,-22.2477071
CONFIRMED,1.1829752924396673,4.075742898392536,0.0,-0.1075083535203745,78.0,805.0,88.7,0.2011242466529375,0.2524945270920005,0.0390058998294608,0.0495152193733475,,0.0046648304101837,0.1660899653979238,1.1881770515720091,Transit,1,1,291.5953596,-22.2477071
CONFIRMED,1.1829800740005394,3.732602469673735,0.0,-0.1075083535203745,78.0,805.0,88.7,0.2011242466529375,0.2052995400511459,0.0390058998294608,0.0495152193733475,,0.0055743609737185,0.1870321274436916,1.223980122724209,Transit,1,1,291.5953596,-22.2477071
CONFIRMED,-0.0929682878581744,3.795628262703719,0.0,-0.1075083535203745,78.0,805.0,88.7,0.2011242466529375,-0.1455354840959297,0.0390058998294608,0.0495152193733475,,0.0053906058728139,0.182898948331047,1.2171612389003692,Transit,1,1,16.2274724,7.2692169
CONFIRMED,-0.0929564478026807,3.277416186679409,0.0,-0.1075083535203745,78.0,805.0,88.7,0.2011242466529375,-0.1944363140418754,0.0390058998294608,0.0495152193733475,,0.0071855363997832,0.2215264650283553,1.276884796138123,Transit,1,1,16.2274724,7.2692169
CONFIRMED,-0.0929668078512378,3.851651189841482,0.0,-0.1075083535203745,78.0,665.0,88.7,-0.372176401758572,-0.1398493410789592,-0.145815962279483,0.5151315912335196,0.22,0.0052339880377958,0.1793389566059504,1.2111947263081502,Transit,1,1,16.2274724,7.2692169
CONFIRMED,-0.6073232955431298,0.014080680904694,0.0,-0.1075083535203745,78.0,805.0,88.7,0.2011242466529375,-0.0431849097904618,0.0390058998294608,0.0495152193733475,,0.1455463585659765,1.6460905349794237,2.1081851067789192,Transit,1,1,13.4321524,7.9952914
CONFIRMED,-0.6073130493412601,0.0981150716113388,0.0,-0.1075083535203745,78.0,1057.0,88.7,0.4877745708586922,-0.0374987667734915,0.2546314056232284,-0.0492518898091125,0.15,0.1277454121372395,1.508978421608571,2.062842492517587,Transit,1,1,13.4321524,7.9952914
CONFIRMED,-0.6072579475445385,0.3572211096234943,0.0,-0.1075083535203745,78.0,805.0,88.7,0.2011242466529375,0.0040100772503926,0.0390058998294608,0.0495152193733475,,0.0882511935244826,1.1792336946374349,1.939524551505708,Transit,1,1,13.4321524,7.9952914
CONFIRMED,-0.6073190832156945,-0.1259766369397144,0.0,-0.1075083535203745,78.0,805.0,90.1,0.4587466899264639,-0.0033819086716688,0.0390058998294608,0.0918439804515465,-0.23,0.1833464944418634,1.92,2.1908902300206643,Transit,1,1,13.4321524,7.9952914
CONFIRMED,-0.8633229415573414,0.385232573192376,0.0,-0.1075083535203745,78.0,805.0,88.7,0.2011242466529375,-0.1688486704655085,0.0390058998294608,0.0495152193733475,,0.0850129466792495,1.150207516606121,1.9274776986097064,Transit,1,1,13.1943679,9.6929181
CONFIRMED,-0.8633314800588994,0.5883156840667682,0.0,-0.1075083535203745,78.0,1186.0,88.7,-0.0722216321255459,-0.1057324829771367,0.0698095435142848,0.3740357209728605,0.28,0.0656847643697695,0.96849173553719,1.846372364689991,Transit,1,1,13.1943679,9.6929181
CONFIRMED,-0.8633269261914017,0.7843959290489397,0.0,-0.1075083535203745,78.0,805.0,88.7,0.2011242466529375,-0.0829879109092549,0.0390058998294608,0.0495152193733475,,0.0522085758793941,0.8310249307479225,1.7770466332772772,Transit,1,1,13.1943679,9.6929181
CONFIRMED,-0.5361323434123728,0.0701036080424571,0.0,-0.0939204178485402,42.6,653.0,89.0,-1.184957067860965,-0.2268473292386069,-0.7310851922911381,0.891387245261941,0.0,0.1333393239907688,1.5527146628021329,2.0776300831933314,Transit,1,1,79.1407971,20.2549034
CONFIRMED,-0.5361561487547167,-0.0559479780175102,0.0,-0.0939204178485402,78.0,805.0,89.0,-1.184957067860965,-0.2268473292386069,-0.7310851922911381,0.891387245261941,0.0,0.1629943659338937,1.7751479289940826,2.1483446221182985,Transit,1,1,79.1407971,20.2549034
CONFIRMED,-0.5361556592139607,0.50323086347629,0.0,-0.1075083535203745,118.638,919.0,88.7,-1.2672027305022788,-0.202396914265634,0.0390058998294608,0.6562274614941787,,0.0729845297206786,1.0389788275379348,1.87908742356168,Transit,1,1,79.1407971,20.2549034
CONFIRMED,-0.6868089579354859,-0.0192179464128142,0.0,-0.1075083535203745,304.054,1163.0,88.7,0.0299806986566746,-0.1341631980619888,0.0390058998294608,0.5621635479870712,,0.1535150713515466,1.705637885932326,2.1269976987625534,Transit,1,1,349.3843458,1.3001522
CONFIRMED,-0.2693328363180947,0.6479520900049173,0.0,-0.1075083535203745,63.7967,787.0,88.7,0.0299806986566746,-0.1341631980619888,0.0390058998294608,0.5621635479870712,,0.0611390949112448,0.923277300841592,1.8244348149227128,Transit,1,1,349.3843458,1.3001522
CONFIRMED,2.0326964565881145,-0.406091272628531,0.0,-0.1075083535203745,78.0,347.0,89.67,-1.4437890061733345,-0.2194553433165453,-0.7002815486063141,1.0324831155226002,0.0,0.3093390536285623,2.7210884353741496,2.390457218668787,Transit,1,1,233.3698192,-16.7737113
CONFIRMED,2.4914758376384265,-1.001334873467267,0.0,-0.1075083535203745,78.0,805.0,88.7,0.2011242466529375,-0.3945885482392346,0.0390058998294608,0.0495152193733475,,1.4667719555349077,7.68,3.0983866769659336,Transit,1,1,55.4442857,18.2684913
CONFIRMED,2.4920067047419647,-0.5461485904729395,0.0,-0.1075083535203745,78.0,226.36,89.81,-2.1513436038964,-0.3900396338256582,-1.6551945028358566,2.255313991114968,-0.21,0.4176686070351533,3.32409972299169,2.513123449750173,Transit,1,1,55.4442857,18.2684913
CONFIRMED,0.4157638319340628,0.3642239755157149,0.0,-0.1075083535203745,78.0,805.0,88.7,-1.5852999257179474,-0.3559227757238357,0.0390058998294608,1.926090293840098,,0.0874264213761632,1.1718749999999998,1.9364916731037085,Transit,1,1,246.6429443,-15.7925384
CONFIRMED,0.4158428415351469,1.757794288067578,0.0,-0.1075083535203745,78.0,805.0,88.7,-1.5768334604460477,-0.2649444874523087,0.0390058998294608,0.0495152193733475,,0.0204922933011975,0.4454987915845277,1.520571842539411,Transit,1,1,246.6429443,-15.7925384
CONFIRMED,0.4158422723017096,4.49591485192576,0.0,-0.1075083535203745,78.0,753.0,88.48,0.4950315410917493,0.0108334488707571,0.2638724987286756,-0.4113979568114677,0.162,0.0038016178643473,0.1449100350199251,1.148338503526429,Transit,1,1,246.6429443,-15.7925384
CONFIRMED,-0.7110276024627138,-0.0559479780175102,0.0,-0.4200308739725639,78.0,805.0,86.66,0.2882078894496225,-0.0829879109092549,0.2238277619384044,0.2799718074657572,0.16,0.1629943659338937,1.7751479289940826,2.1483446221182985,Transit,1,1,62.670422,24.4016558
CONFIRMED,-0.7109860210985927,-0.0559479780175102,0.0,-0.1075083535203745,78.0,805.0,88.7,0.3233558152783961,-0.1073735038518343,0.2084259400959927,0.4883704078407503,0.2829,0.1629943659338937,1.7751479289940826,2.1483446221182985,Transit,1,1,62.670422,24.4016558
CONFIRMED,-0.7110278939102337,-0.0559479780175102,0.0,-0.1075083535203745,78.0,805.0,88.7,0.2882078894496225,-0.0829879109092549,0.2238277619384044,0.2799718074657572,0.16,0.1629943659338937,1.7751479289940826,2.1483446221182985,Transit,1,1,62.670422,24.4016558
CONFIRMED,-0.3111279134407618,-0.0559479780175102,0.0,-0.1075083535203745,78.0,805.0,88.7,0.2011242466529375,-0.0812820680041638,0.0390058998294608,0.0495152193733475,,0.1629943659338937,1.7751479289940826,2.1483446221182985,Transit,1,1,234.8578846,-20.1988975
CONFIRMED,-0.3111279134407618,-0.0559479780175102,0.0,-0.1075083535203745,78.0,805.0,88.7,0.2011242466529375,-0.0812820680041638,0.0390058998294608,0.0495152193733475,,0.1629943659338937,1.7751479289940826,2.1483446221182985,Transit,1,1,234.8578846,-20.1988975
CONFIRMED,-0.8287075260854686,-0.8232099766327482,0.0,-0.1075083535203745,348.601,1203.0,88.7,0.4708416403148924,-0.0488710528074323,0.0390058998294608,0.0918439804515465,,0.8414674186562942,5.302463546268347,2.824325416885287,Transit,1,1,76.44594,21.548199
CONFIRMED,0.411918090832301,-0.1609909664008164,0.0,-0.1075083535203745,78.0,750.0,88.8,0.4986600262082779,-0.0335184666616122,0.2792743205710876,0.1859078939586498,0.218,0.1948024361042841,1.9991670137442727,2.2131333406899523,Transit,1,1,351.6064952,-6.0279068
CONFIRMED,-0.7969777598308291,-0.7142173718862296,0.0,-0.1075083535203745,78.0,1425.0,85.5,0.5954196293157056,0.1103409516677397,0.3686048872570771,-1.319114722155032,0.194,0.6262797544483604,4.354768471476267,2.688664289689325,Transit,1,1,352.0516724,-7.6037856
CONFIRMED,-0.6238147077300438,-0.0559479780175102,0.0,-0.1075083535203745,78.0,805.0,89.3,-0.8172705760527397,-0.1739661991807818,-0.3922451117580746,0.7032594182477303,0.14,0.1629943659338937,1.7751479289940826,2.1483446221182985,Transit,1,1,19.6101417,6.8167277
CONFIRMED,0.0626414630171257,-0.4200970044129719,0.0,-0.1075083535203745,78.0,805.0,88.7,0.2011242466529375,-0.2530035871166708,0.0390058998294608,0.0495152193733475,,0.3183483709646362,2.773668639053254,2.401922307076307,Transit,1,1,172.3353708,-1.4551364
CONFIRMED,0.0626478737855727,-0.3970809511939149,0.0,-0.1075083535203745,11.5486,470.17,88.7,-1.4510459764063914,-0.2587716105930857,0.0390058998294608,1.0005013849301836,,0.3037220977291399,2.688048386817404,2.383167578969499,Transit,1,1,172.3353708,-1.4551364
CONFIRMED,0.0626341768291295,-0.4901256633351761,0.0,-0.1075083535203745,78.0,504.0,88.7,-1.4135516302022633,-0.2763167734862496,-1.0391216291393774,0.0495152193733475,-0.3,0.3690600752518189,3.0609121518212428,2.461829819586655,Transit,1,1,172.3353708,-1.4551364
CONFIRMED,0.0626353152960038,-0.3500683454907677,0.0,-0.1075083535203745,10.9,463.0,88.8,-1.4800738573386198,-0.2535722014183679,-0.8234961233456101,1.1265470290297035,-0.32,0.2765178401076458,2.52503997979968,2.346185661017325,Transit,1,1,172.3353708,-1.4551364
CONFIRMED,0.0626558076997433,-0.8612775556228583,0.0,-0.1075083535203745,78.0,805.0,88.7,0.2011242466529375,-0.361040304439109,0.0390058998294608,0.0495152193733475,,0.9396987086486914,5.707491082045184,2.876779808912305,Transit,1,1,172.3353708,-1.4551364
CONFIRMED,0.0625829458197809,-0.3780798090596494,0.0,-0.1075083535203745,11.0,805.0,89.28,-1.4800738573386198,-0.2530035871166708,-0.8204157589771276,0.0495152193733475,-0.32,0.2923151448208467,2.620316184819635,2.368011113891575,Transit,1,1,172.3353708,-1.4551364
CONFIRMED,0.0626221090802606,-0.1960052958619187,0.0,-0.1075083535203745,78.0,805.0,88.7,-1.4425795111344917,-0.242199915384427,0.0390058998294608,0.0495152193733475,,0.2072329988175721,2.083333333333333,2.23606797749979,Transit,1,1,172.3353708,-1.4551364
CONFIRMED,0.0626284844947574,-0.8682804215150788,0.0,-0.1075083535203745,5.8,805.0,88.7,-1.5465960844749764,-0.361040304439109,-1.3964438958833356,2.001341424645782,,0.9594120315628336,5.787037037037037,2.886751345948129,Transit,1,1,172.3353708,-1.4551364
CONFIRMED,0.0623253995665179,-0.0559479780175102,0.0,-0.1075083535203745,78.0,805.0,88.7,-1.4510459764063914,-0.2587716105930857,-0.989761870498816,1.0005013849301836,,0.1629943659338937,1.7751479289940826,2.1483446221182985,Transit,1,1,172.3353708,-1.4551364
CONFIRMED,1.723545776841694,-1.0503549347128096,0.0,-0.1075083535203745,1.77,805.0,88.7,-1.5465960844749764,-0.361040304439109,-1.3964438958833356,2.001341424645782,,1.7435990142943756,8.618213157138754,3.188964020716404,Transit,1,1,172.3353708,-1.4551364
CONFIRMED,1.72391122470838,-1.0503549347128096,0.0,-0.1075083535203745,78.0,805.0,88.7,0.2011242466529375,-0.361040304439109,0.0390058998294608,0.0495152193733475,,1.7435990142943756,8.618213157138754,3.188964020716404,Transit,1,1,172.3353708,-1.4551364
CONFIRMED,1.723762085547832,-0.672200176532907,0.0,-0.1075083535203745,3.32,805.0,89.55,-1.4800738573386198,-0.2530035871166708,-0.8204157589771276,0.0495152193733475,-0.32,0.562998575529143,4.056246619794484,2.6413527189768717,Transit,1,1,172.3353708,-1.4551364
CONFIRMED,1.7238736553015246,-0.6932087742095683,0.0,-0.1075083535203745,78.0,805.0,88.7,0.2011242466529375,-0.2530035871166708,0.0390058998294608,0.0495152193733475,,0.5935161253851388,4.201533559749309,2.664693550105965,Transit,1,1,172.3353708,-1.4551364
CONFIRMED,1.7239954712570864,-0.7842460308084337,0.0,-0.1075083535203745,78.0,374.0,88.7,-1.4135516302022633,-0.2763167734862496,-1.0391216291393774,0.0495152193733475,-0.3,0.7546035459902487,4.930966469428007,2.773500981126145,Transit,1,1,172.3353708,-1.4551364
CONFIRMED,1.7237180268797925,-0.5461485904729395,0.0,-0.1075083535203745,78.0,805.0,88.7,-1.4425795111344917,-0.242199915384427,0.0390058998294608,0.0495152193733475,,0.4176686070351533,3.32409972299169,2.513123449750173,Transit,1,1,172.3353708,-1.4551364
CONFIRMED,1.7235503307091915,-0.5811629199340416,0.0,-0.1075083535203745,3.3,344.0,89.12,-1.4800738573386198,-0.2535722014183679,-0.8234961233456101,1.1265470290297035,-0.32,0.4524571457807618,3.5062089116143165,2.5468581598680533,Transit,1,1,172.3353708,-1.4551364
CONFIRMED,3.991104250953749,-0.6862059083173478,0.0,-0.1075083535203745,78.0,805.0,88.7,-1.4425795111344917,-0.242199915384427,0.0390058998294608,0.0495152193733475,,0.5831038012729731,4.152249134948097,2.6568446566202857,Transit,1,1,172.3353708,-1.4551364
CONFIRMED,3.990531602115921,-0.0559479780175102,0.0,-0.1075083535203745,78.0,805.0,88.7,-1.4510459764063914,-0.2587716105930857,-0.989761870498816,1.0005013849301836,,0.1629943659338937,1.7751479289940826,2.1483446221182985,Transit,1,1,172.3353708,-1.4551364
CONFIRMED,3.9907057875477054,-0.7492317013473315,0.0,-0.1075083535203745,1.5,300.0,88.7,0.2011242466529375,-0.2530035871166708,0.0390058998294608,0.0495152193733475,,0.6864596406650105,4.629451024266039,2.7300945311597404,Transit,1,1,172.3353708,-1.4551364
CONFIRMED,3.990677325875845,-1.0993749959583523,0.0,-0.1075083535203745,78.0,805.0,88.7,0.2011242466529375,-0.361040304439109,0.0390058998294608,0.0495152193733475,,2.0947090082442674,9.739469198928656,3.287979746107146,Transit,1,1,172.3353708,-1.4551364
CONFIRMED,3.990953973326327,-0.8192603602695357,0.0,-0.1075083535203745,1.5,282.0,89.38,-1.4800738573386198,-0.2535722014183679,-0.8234961233456101,1.1265470290297035,-0.32,0.8320736994671479,5.2629270646024295,2.8190459144096374,Transit,1,1,172.3353708,-1.4551364
CONFIRMED,3.991326251994259,-0.8122574943773153,0.0,-0.1075083535203745,1.51,805.0,89.68,-1.4800738573386198,-0.2530035871166708,-0.8204157589771276,0.0495152193733475,-0.32,0.8157589981155338,5.193905817174516,2.809757434745082,Transit,1,1,172.3353708,-1.4551364
CONFIRMED,3.9910757892818887,-1.2044179843416587,0.0,-0.1075083535203745,0.8,805.0,88.7,-1.5465960844749764,-0.361040304439109,-1.3964438958833356,2.001341424645782,,3.238015606524564,13.020833333333334,3.5355339059327378,Transit,1,1,172.3353708,-1.4551364
CONFIRMED,-0.6154369167098176,-0.0559479780175102,0.0,-0.1075083535203745,78.0,805.0,86.92,0.3692440570520932,-0.0920857397364076,0.1006131871991088,0.2799718074657572,-0.15,0.1629943659338937,1.7751479289940826,2.1483446221182985,Transit,1,1,52.3420548,22.2993491
CONFIRMED,-0.6154877743020313,-0.0559479780175102,0.0,-0.1075083535203745,78.0,805.0,88.7,0.0946886832347669,0.0329809759218569,0.048246992934908,-0.7068056771805309,,0.1629943659338937,1.7751479289940826,2.1483446221182985,Transit,1,1,52.3420548,22.2993491
CONFIRMED,-0.6154367960323289,-0.0559479780175102,0.0,-0.1075083535203745,78.0,805.0,88.7,0.3692440570520932,-0.0920857397364076,0.1006131871991088,0.2799718074657572,-0.15,0.1629943659338937,1.7751479289940826,2.1483446221182985,Transit,1,1,52.3420548,22.2993491
CONFIRMED,-0.696514076534814,-0.0559479780175102,0.0,-0.1075083535203745,512.9234,1213.76,88.7,0.7986147958413039,-0.0812820680041638,0.0390058998294608,-0.1997541514204811,,0.1629943659338937,1.7751479289940826,2.1483446221182985,Transit,1,1,78.3391194,16.4141986
CONFIRMED,-0.9388349219405894,-0.0559479780175102,0.0,-0.1075083535203745,78.0,805.0,88.7,0.2664369787504512,0.0131306506496132,0.1683812033057215,-0.4822280836823183,0.15,0.1629943659338937,1.7751479289940826,2.1483446221182985,Transit,1,1,245.4405531,-23.548273
CONFIRMED,-0.9388331379629972,-0.0559479780175102,0.0,-0.1075083535203745,78.0,805.0,79.9,0.1938672764198804,-0.1284770550450183,0.1314168308839327,0.5621635479870712,0.08,0.1629943659338937,1.7751479289940826,2.1483446221182985,Transit,1,1,245.4405531,-23.548273
CONFIRMED,-0.9388330890089216,3.0253130145594733,0.0,-0.1075083535203745,78.0,805.0,88.7,0.1587919202934378,-0.111418625994107,0.0390058998294608,0.0495152193733475,,0.0083521544479711,0.2448979591836734,1.3093073414159542,Transit,1,1,245.4405531,-23.548273
CONFIRMED,-0.7240647740905061,-1.2114208502338792,0.0,-0.1075083535203745,7.45,460.0,88.74,-2.2009329004889566,-0.4605478072360917,-2.135731344319111,2.885542211612574,-0.24,3.341348856281227,13.29639889196676,3.5540932665545544,Transit,1,1,228.0210932,-20.1081634
CONFIRMED,-0.9530467682432668,-0.9453119463295032,0.0,-0.1075083535203745,78.0,841.0,87.02,-2.0364415752063296,-0.3564913900255327,-1.41492608209423,1.9307934895154548,,1.217692731880913,6.783876985697326,3.0037570459305534,Transit,1,1,233.6247336,-23.2594663
CONFIRMED,-0.4832014891736753,-0.5951686517184823,0.0,-0.1075083535203745,78.0,423.0,89.31,-2.0364415752063296,-0.3564913900255327,-1.41492608209423,1.9307934895154548,,0.4674545243636996,3.5832661470930747,2.56073759865792,Transit,1,1,233.6247336,-23.2594663
CONFIRMED,-0.3739086692301793,0.1751465964257636,0.0,-0.1075083535203745,78.0,432.0,89.22,-2.095706832109629,-0.3564913900255327,-1.430327903936642,1.902574315463322,,0.1138910968907792,1.397803119430628,2.0237497720646545,Transit,1,1,228.6188638,-21.0227209
CONFIRMED,-0.2839697861516774,-0.7142173718862296,0.0,-0.1075083535203745,78.0,456.0,89.38,-1.534501134086548,-0.2581211158319442,-0.9436303337164232,1.037186311197953,,0.6262797544483604,4.354768471476267,2.688664289689325,Transit,1,1,232.4461375,-17.557463
CONFIRMED,1.9553945558155792,0.0771064739346776,0.0,-0.1075083535203745,78.0,641.0,89.45,0.3873864826347359,-0.0613805674447672,0.266952863097158,0.1482823285558076,,0.1319107005901569,1.541604039002582,2.0739033894608503,Transit,1,1,166.8010058,3.0399357
CONFIRMED,-0.0585509485454463,-0.0559479780175102,0.0,-0.1075083535203745,78.0,805.0,88.7,0.1866103061868233,-0.0876533912546792,0.1129346446730383,0.2497302592732232,-0.03,0.1629943659338937,1.7751479289940826,2.1483446221182985,Transit,1,1,252.426008,-19.5430504
CONFIRMED,-0.0583352603037546,1.4776796523787612,0.0,-0.1075083535203745,78.0,805.0,88.7,-0.5245727766527707,-0.162593913146841,0.0390058998294608,0.0495152193733475,,0.0260667025687631,0.5230102727934415,1.582788427642995,Transit,1,1,252.426008,-19.5430504
CONFIRMED,-0.0583322547512062,1.7445115671721794,0.0,-0.1075083535203745,78.0,805.0,89.11504,0.3571491066636648,-0.0948355584994145,0.1493414711441319,1.1735789857832593,0.03,0.0207186210625195,0.4487729996618519,1.5233580485018203,Transit,1,1,252.426008,-19.5430504
CONFIRMED,-0.0583108515739673,2.058917521433056,0.0,-0.1075083535203745,100.0,805.0,88.7,0.3728725421686217,-0.0488710528074323,0.0390058998294608,-0.1480189989915726,,0.0161392626756352,0.3799343979939463,1.461243072430449,Transit,1,1,252.426008,-19.5430504
CONFIRMED,-0.0583452332735745,1.5967283725465082,0.0,-0.1075083535203745,78.0,805.0,88.7,0.2011242466529375,-0.0915171254347106,-0.0349228450141167,0.0495152193733475,,0.0234772706860899,0.4877731529656607,1.5554275420956378,Transit,1,1,252.426008,-19.5430504
CONFIRMED,0.9644570833718592,1.4709207733370917,0.0,-0.1075083535203745,29.794,595.87,88.7,0.1866103061868233,-0.0876533912546792,0.0390058998294608,0.2497302592732232,,0.026224908665862,0.5251243348475579,1.584385457879752,Transit,1,1,252.426008,-19.5430504
CONFIRMED,-0.0583236024029607,1.5687169089776265,0.0,-0.1075083535203745,78.0,805.0,88.7,0.2011242466529375,-0.1415551839840504,0.0390058998294608,0.0495152193733475,,0.0240545550781413,0.49573666468372,1.5617376188860606,Transit,1,1,252.426008,-19.5430504
CONFIRMED,-0.0583051592395953,1.8908487400197656,0.0,-0.1075083535203745,82.9,769.0,89.0,0.23619960277938,-0.0773017678922845,0.0082022561446368,-0.2373797168233233,0.0,0.0183969492262676,0.4145879686571496,1.4934802547658488,Transit,1,1,252.426008,-19.5430504
CONFIRMED,1.2695980492063834,0.5603042204978864,0.0,-0.1075083535203745,27.4,583.0,88.23,0.23619960277938,-0.0773017678922845,0.0082022561446368,-0.2373797168233233,0.0,0.0679758903825731,0.9908838684106224,1.8569533817705184,Transit,1,1,252.426008,-19.5430504
CONFIRMED,1.270249252258547,0.0420921444735757,0.0,-0.1075083535203745,78.0,805.0,88.7,0.2011242466529375,-0.0915171254347106,-0.0349228450141167,0.0495152193733475,,0.1392646680392635,1.5983803079546055,2.0927403192454674,Transit,1,1,252.426008,-19.5430504
CONFIRMED,1.2700602667573944,0.4482583662223596,0.0,-0.1075083535203745,33.0,805.0,88.7,0.3728725421686217,-0.0488710528074323,0.0390058998294608,-0.1480189989915726,,0.078284969306045,1.0886921178690667,1.9011727515734336,Transit,1,1,252.426008,-19.5430504
CONFIRMED,1.2701498641004103,0.1401322669646613,0.0,-0.1075083535203745,78.0,805.0,88.7,-0.5245727766527707,-0.162593913146841,0.0390058998294608,0.0495152193733475,,0.1199265039453542,1.4467592592592593,2.041241452319315,Transit,1,1,252.426008,-19.5430504
CONFIRMED,1.2702401445235514,0.0350892785813551,0.0,-0.1075083535203745,78.0,805.0,88.7,0.2011242466529375,-0.1415551839840504,0.0390058998294608,0.0495152193733475,,0.1408006616424954,1.6101115002213904,2.096569673443837,Transit,1,1,252.426008,-19.5430504
CONFIRMED,1.270222270593623,0.3048253448860702,0.0,-0.1075083535203745,78.0,805.0,89.27474,0.3571491066636648,-0.0948355584994145,0.1493414711441319,1.1735789857832593,0.03,0.0947640015837577,1.2365596825637548,1.9626781251931005,Transit,1,1,252.426008,-19.5430504
CONFIRMED,2.5287114460064264,0.3152039142701717,0.0,-0.1075083535203745,78.0,805.0,88.7,-0.5245727766527707,-0.162593913146841,0.0390058998294608,0.0495152193733475,,0.0934242508691497,1.2248772570915292,1.9580259994945128,Transit,1,1,252.426008,-19.5430504
CONFIRMED,2.528658165756703,0.7633873313722785,0.0,-0.1075083535203745,18.7,805.0,88.7,0.3728725421686217,-0.0488710528074323,0.0390058998294608,-0.1480189989915726,,0.0534648787351326,0.8443034145037255,1.7841031003501575,Transit,1,1,252.426008,-19.5430504
CONFIRMED,2.529591708593721,0.3222067801623923,0.0,-0.1075083535203745,78.0,805.0,88.7,0.2011242466529375,-0.1415551839840504,0.0390058998294608,0.0495152193733475,,0.0925345021055529,1.2170879143170108,1.954905637353224,Transit,1,1,252.426008,-19.5430504
CONFIRMED,2.5285215497317743,0.4132440367612577,0.0,-0.1075083535203745,78.0,805.0,88.7,0.2011242466529375,-0.0915171254347106,-0.0349228450141167,0.0495152193733475,,0.0819312118837469,1.1222399910220802,1.9156525704423024,Transit,1,1,252.426008,-19.5430504
CONFIRMED,2.529093060102729,0.7493815995878378,0.0,-0.1075083535203745,15.4,505.0,88.4,0.23619960277938,-0.0773017678922845,0.0082022561446368,-0.2373797168233233,0.0,0.0543248872420336,0.8533333333333334,1.7888543819998317,Transit,1,1,252.426008,-19.5430504
CONFIRMED,2.5286195717296613,0.5141637237014928,0.0,-0.1075083535203745,78.0,805.0,89.34542,0.3571491066636648,-0.0948355584994145,0.1493414711441319,1.1735789857832593,0.03,0.0719878747268803,1.0294985115139117,1.8747861748881691,Transit,1,1,252.426008,-19.5430504
CONFIRMED,-0.5869363138362947,-1.1694036548805566,0.0,-0.1075083535203745,78.0,805.0,88.7,0.2011242466529375,-0.0915171254347106,-0.0349228450141167,0.0495152193733475,,2.7805359556616143,11.76355259288305,3.4469099377285564,Transit,1,1,252.426008,-19.5430504
CONFIRMED,-0.5869044367638112,-0.3360626137063268,0.0,-0.1075083535203745,78.0,805.0,88.7,0.2011242466529375,-0.1415551839840504,0.0390058998294608,0.0495152193733475,,0.2690447948585758,2.4793388429752063,2.335496832484569,Transit,1,1,252.426008,-19.5430504
CONFIRMED,-0.8549109236690028,-0.0419422462330693,0.0,-0.1075083535203745,78.0,698.0,87.84,-2.373890691043484,-0.4014119198595991,-2.311312113322607,0.3270037642193089,,0.1592900918854105,1.7481498747159254,2.140129125019265,Transit,1,1,163.2519122,5.3064776
CONFIRMED,-0.8204153773743369,-0.5111342610118375,0.0,-0.1075083535203745,78.0,701.0,88.94,-1.5296631539311765,-0.2404940724793359,-0.8265764877140924,0.952528789041559,,0.3863570155470074,3.155818540433925,2.480694691784169,Transit,1,1,156.4054989,2.5138829
CONFIRMED,-0.8204163441080372,-0.2470516223476437,0.0,-0.1075083535203745,68.5516,733.88,88.7,-1.7776096368939602,-0.2362152498590657,0.0390058998294608,0.8443552885083894,,0.2273232455144727,2.2158926662170746,2.2708188547689,Transit,1,1,156.4054989,2.5138829
CONFIRMED,-0.8204182349261917,-0.4402348167245332,0.0,9.743745008559513,78.0,830.0,86.1,-1.6566601330096755,-0.2336707008589714,-0.8912641394522228,0.7973233317548377,0.148,0.3319257935373401,2.851982281295576,2.4187000705054884,Transit,1,1,156.4054989,2.5138829
CONFIRMED,-0.1479229946595131,-0.5321428586884988,0.0,-0.1075083535203745,78.0,635.0,88.15,-1.1837475728221225,-0.2296904007470921,-0.7310851922911381,0.9243096149894264,,0.4047519508155705,3.255208333333333,2.5,Transit,1,1,156.6226981,4.7640203
CONFIRMED,1.756162852793581,-0.406091272628531,0.0,-0.1075083535203745,78.0,318.0,89.88,-1.705039934563389,-0.2598269587370354,-1.1993005763004625,0.7032594182477303,,0.3093390536285623,2.7210884353741496,2.390457218668787,Transit,1,1,159.4209874,6.2858689
CONFIRMED,-0.7106671706810763,-0.1749966981852572,0.0,-0.1075083535203745,78.0,707.0,88.33,-1.65424114293199,-0.2848459880117053,-1.0791663659296489,1.2347205295628771,,0.1996520693634794,2.0322105370116343,2.2222222222222223,Transit,1,1,157.6222171,6.8636732
CONFIRMED,-0.2930775211469688,-0.3360626137063268,0.0,-0.1075083535203745,78.0,423.0,89.37,-2.216656335993913,-0.4025491484629932,-1.8276949074708708,1.6909305100723355,,0.2690447948585758,2.4793388429752063,2.335496832484569,Transit,1,1,353.9169507,-7.6867213
CONFIRMED,-0.9390436256880064,-0.2800396865685637,0.0,-0.1075083535203745,78.0,1114.0,85.63,-1.44620799625102,-0.1807895708011464,-1.109970009614473,-0.0868774552119547,,0.2417063698120101,2.308402585410896,2.2941573387056176,Transit,1,1,351.612262,1.3375909
CONFIRMED,0.336081302459429,4.266448723917064,0.0,-0.1075083535203745,47.7343,670.39,88.7,0.1914482863421947,-0.0924797894474836,0.0390058998294608,0.2928585636162315,,0.004243736770688,0.1559379354533585,1.1695889500166532,Transit,1,1,351.1353785,-5.1641451
CONFIRMED,-0.4643933219436054,-1.2688443505500866,0.0,-0.1075083535203745,78.0,805.0,88.7,-2.696825866414524,-0.4810179220971852,0.0390058998294608,0.0495152193733475,,4.380598611981799,15.927286627450147,3.718182996118767,Transit,1,1,242.5613635,-19.3193831
CONFIRMED,-0.4647127871332339,-0.0559479780175102,0.0,-0.1075083535203745,78.0,805.0,88.7,-2.1791619897897854,-0.0547715634161425,-1.5966675798346912,-1.9626529864138915,,0.1629943659338937,1.7751479289940826,2.1483446221182985,Transit,1,1,242.5613635,-19.3193831
CONFIRMED,-0.4643871856071522,0.3432153778390535,0.0,-0.1075083535203745,78.0,805.0,88.7,0.2011242466529375,-0.2711992447709762,0.0390058998294608,0.0495152193733475,,0.0899321238906453,1.1941605548866046,1.9456333053765649,Transit,1,1,242.5613635,-19.3193831
CONFIRMED,0.4860693983765899,0.430717601741258,0.0,-0.1075083535203745,78.0,805.0,88.63397,1.202586138814815,0.3847417041520954,0.0390058998294608,-2.2127219004725336,-0.15,0.080083925320456,1.1053073454832707,1.9083853569761375,Transit,1,1,126.8968265,11.6674131
CONFIRMED,0.4859753610127635,-0.3570712113829882,0.0,-0.1075083535203745,78.0,805.0,88.7,0.2011242466529375,0.2632981988242444,0.0390058998294608,0.0495152193733475,,0.2803583111668351,2.548365860392024,2.3515854050088616,Transit,1,1,126.8968265,11.6674131
CONFIRMED,0.4859753610127635,-0.0559479780175102,0.0,-0.1075083535203745,78.0,805.0,88.7,1.387614689856993,0.2633436879683801,1.089410149481958,-1.36290147389259,-0.082,0.1629943659338937,1.7751479289940826,2.1483446221182985,Transit,1,1,126.8968265,11.6674131
CONFIRMED,0.4859327823516607,-0.3360626137063268,0.0,-0.1075083535203745,78.0,805.0,88.7,0.2011242466529375,0.1387716667525919,0.0390058998294608,0.0495152193733475,,0.2690447948585758,2.4793388429752063,2.335496832484569,Transit,1,1,126.8968265,11.6674131
CONFIRMED,0.4861843949155742,-0.0023340367466708,0.0,-0.1075083535203745,114.929,912.0,88.7,1.387614689856993,0.2638668131259414,0.0390058998294608,-1.36290147389259,,0.149403814822614,1.6750480876601783,2.11739620985486,Transit,1,1,126.8968265,11.6674131
CONFIRMED,0.4861800573567828,0.0631007421502368,0.0,-0.1075083535203745,78.0,969.0,88.7,1.3453065533982709,0.2809252421768527,1.1171334287982992,-1.4131786356621392,-0.03,0.1347886518534765,1.5639458353425693,2.081376939407881,Transit,1,1,126.8968265,11.6674131
CONFIRMED,-0.0119926683286011,-0.6231801152873641,0.0,-0.1075083535203745,78.0,909.0,88.7,1.057446734153673,0.0307349494301537,0.7166860608955882,-0.2373797168233233,0.08,0.499497758659796,3.7452014606285697,2.5891911120126183,Transit,1,1,132.7376431,13.170269
CONFIRMED,1.535974251547418,-0.1259766369397144,0.0,-0.1075083535203745,78.0,805.0,88.7,1.076798654775159,0.0210685063013039,0.0390058998294608,-0.2561924995247422,,0.1833464944418634,1.92,2.1908902300206643,Transit,1,1,132.7376431,13.170269
CONFIRMED,1.5360506426746907,0.0280864126891348,0.0,-0.1075083535203745,78.0,673.0,88.7,1.057446734153673,0.0307349494301537,0.7166860608955882,-0.2373797168233233,0.08,0.1423593264826594,1.6219723183391,2.100420126042015,Transit,1,1,132.7376431,13.170269
CONFIRMED,0.9333928426564504,-0.0559479780175102,0.0,-0.1075083535203745,78.0,805.0,88.7,-2.242055731809613,-0.4072822939103194,-1.855778589418325,2.1485514492844016,,0.1629943659338937,1.7751479289940826,2.1483446221182985,Transit,1,1,135.8832666,14.2504994
CONFIRMED,0.933770813658755,-0.3360626137063268,0.0,-0.1075083535203745,78.0,266.0,88.7,-2.182790474906314,-0.41278420589354,-1.8400163649448005,2.3023459478685195,0.09,0.2690447948585758,2.4793388429752063,2.335496832484569,Transit,1,1,135.8832666,14.2504994
CONFIRMED,0.9334725353376592,-0.6441887129640254,0.0,-0.1075083535203745,78.0,805.0,88.7,0.2011242466529375,-0.4554302785208182,0.0390058998294608,0.0495152193733475,,0.5254781149581561,3.8739669421487606,2.6111648393354674,Transit,1,1,135.8832666,14.2504994
CONFIRMED,0.598260868829025,2.451078011397399,0.0,-0.1075083535203745,78.0,826.0,88.7,0.9195642997255886,0.1217132377016805,0.5934714861562922,-0.8958271113730587,0.07,0.0121374432262812,0.3141986363779181,1.3934660285832354,Transit,1,1,136.7892752,15.2056765
CONFIRMED,0.5983259891342413,-0.0559479780175102,0.0,-0.1075083535203745,78.0,805.0,89.35,1.1493683571057296,0.1023803514439811,0.0390058998294608,-0.7641376324631133,,0.1629943659338937,1.7751479289940826,2.1483446221182985,Transit,1,1,136.7892752,15.2056765
CONFIRMED,0.5982959336087567,1.8348258128820023,0.0,-0.1075083535203745,78.0,805.0,88.7,1.1493683571057296,0.1023803514439811,0.0390058998294608,-0.7641376324631133,,0.0192426565262204,0.4271982912068351,1.5047095877265575,Transit,1,1,136.7892752,15.2056765
CONFIRMED,0.5979437482515854,2.142644976527645,0.0,-0.1075083535203745,102.1266,810.78,88.7,0.8115563927569222,0.1113303405526926,0.0390058998294608,-0.848795154619507,,0.0151515286048595,0.3642703208478385,1.445943284498035,Transit,1,1,136.7892752,15.2056765
CONFIRMED,-0.4998418861951215,2.0945364503238286,0.0,-0.1075083535203745,832.2294,1369.87,88.7,1.4465412881494168,0.2859063034597188,0.0390058998294608,-1.460210592415691,,0.0157088751339624,0.3731495136893817,1.4546751888249605,Transit,1,1,136.4894259,16.3255146
CONFIRMED,-0.4998252686271434,2.079926119109717,0.0,-0.1075083535203745,78.0,1380.0,88.7,1.6718702138858397,0.2752390991598822,1.517580796701011,-1.2250508086479286,0.17,0.0158835397157475,0.375910408019422,1.4573585026717806,Transit,1,1,136.4894259,16.3255146
CONFIRMED,-0.4998410022393478,-0.0559479780175102,0.0,-0.1075083535203745,78.0,805.0,88.58,2.141154288956864,0.2291813407224218,0.0390058998294608,-0.9710782421787432,,0.1629943659338937,1.7751479289940826,2.1483446221182985,Transit,1,1,136.4894259,16.3255146
CONFIRMED,-0.4998432564037591,1.62473983611539,0.0,-0.1075083535203745,78.0,805.0,88.7,2.141154288956864,0.2291813407224218,0.0390058998294608,-0.9710782421787432,,0.0229183118052329,0.48,1.5491933384829668,Transit,1,1,136.4894259,16.3255146
CONFIRMED,0.3162689994518136,-0.10753367223712,0.0,-0.1075083535203745,78.0,805.0,88.50662,1.0465612788040874,0.2299620481586518,0.0390058998294608,-1.60130646267635,0.08,0.1776720627910131,1.8801777889376932,2.1794406203080667,Transit,1,1,129.3896679,16.5220648
CONFIRMED,0.3161161033505803,-0.0559479780175102,0.0,-0.1075083535203745,78.0,805.0,88.7,1.393686354951985,0.1869389842493484,1.0863297851134752,-0.9727243606651176,,0.1629943659338937,1.7751479289940826,2.1483446221182985,Transit,1,1,129.3896679,16.5220648
CONFIRMED,0.3161388726880685,-0.1469852346163755,0.0,-0.1075083535203745,78.0,805.0,88.7,0.2011242466529375,0.180280510776476,0.0390058998294608,0.0495152193733475,,0.190108605842127,1.9669229130128336,2.204155075111935,Transit,1,1,129.3896679,16.5220648
CONFIRMED,0.3163678183765125,-0.3290597478141066,0.0,-0.1075083535203745,78.0,949.0,88.7,1.3332116030098422,0.1842608108883554,1.1171334287982992,-0.9428590681266104,0.1,0.265409103902127,2.456952150856862,2.3302069121418523,Transit,1,1,129.3896679,16.5220648
CONFIRMED,1.330579799640856,-0.9542433314597824,0.0,-0.1075083535203745,78.0,805.0,89.03041,0.1902387913033519,-0.1272761416398342,0.0390058998294608,0.2799718074657572,-0.2,1.2534062977373817,6.91587926974491,3.018263573007224,Transit,1,1,133.8382032,16.7940663
CONFIRMED,1.33091507813537,-1.022343471143928,0.0,-0.1075083535203745,78.0,569.0,88.7,0.3680345620132504,-0.1171047690110775,-0.0226013875401871,0.3740357209728605,-0.17,1.5776590197274862,8.06234883095942,3.1362502409359,Transit,1,1,133.8382032,16.7940663
CONFIRMED,1.3314008619506816,-0.0559479780175102,0.0,-0.1075083535203745,78.0,805.0,88.7,0.2141505082212755,-0.1182852123014006,0.1314168308839327,0.530134785437903,-0.206,0.1629943659338937,1.7751479289940826,2.1483446221182985,Transit,1,1,133.8382032,16.7940663
CONFIRMED,1.331241476588264,-0.9453119463295032,0.0,-0.1075083535203745,78.0,805.0,88.7,0.2011242466529375,-0.1314907108440127,0.0390058998294608,0.0495152193733475,,1.217692731880913,6.783876985697326,3.0037570459305534,Transit,1,1,133.8382032,16.7940663
CONFIRMED,0.770656175300647,-0.0419422462330693,0.0,-0.1075083535203745,78.0,850.0,88.7,0.9062598542983172,0.1785746678713849,0.2238277619384044,-1.460210592415691,-0.27,0.1592900918854105,1.7481498747159254,2.140129125019265,Transit,1,1,127.761137,16.9004702
CONFIRMED,0.7703643862407356,-0.0559479780175102,0.0,-0.1075083535203745,78.0,805.0,88.7,0.9921340020561594,0.1436788081762373,0.6550787735259401,-0.9819426241888116,,0.1629943659338937,1.7751479289940826,2.1483446221182985,Transit,1,1,127.761137,16.9004702
CONFIRMED,0.7703985402469679,0.0631007421502368,0.0,-0.1075083535203745,78.0,805.0,88.7,0.2011242466529375,0.1501439527865327,0.0390058998294608,0.0495152193733475,,0.1347886518534765,1.5639458353425693,2.081376939407881,Transit,1,1,127.761137,16.9004702
CONFIRMED,0.770573864145627,-0.3998840093331919,0.0,-0.1075083535203745,78.0,805.0,88.13758,0.6486374110247909,0.0335484529949506,0.0390058998294608,-1.1780188518943726,-0.28,0.3054548219383416,2.6982621735273904,2.3854281929047514,Transit,1,1,127.761137,16.9004702
CONFIRMED,-0.643725318465685,-0.0559479780175102,0.0,-0.1075083535203745,78.0,805.0,88.7,-0.7447008737221689,-0.2155017680768458,-0.4908167715495113,1.002523759070585,,0.1629943659338937,1.7751479289940826,2.1483446221182985,Transit,1,1,124.3609294,17.0241557
CONFIRMED,-0.6436554165995961,-1.1553979230961158,0.0,-0.1075083535203745,78.0,783.0,88.7,-0.6793881416246551,-0.2137692002995748,-0.6386742612366662,0.7973233317548377,-0.23,2.6216877368767464,11.311150909605052,3.4132807439314456,Transit,1,1,124.3609294,17.0241557
CONFIRMED,-0.6436524565857227,-1.125285599759568,0.0,-0.1075083535203745,78.0,805.0,88.7,0.2011242466529375,-0.28200291650322,0.0390058998294608,0.0495152193733475,,2.318961139144501,10.422737549388575,3.344188599719511,Transit,1,1,124.3609294,17.0241557
CONFIRMED,1.1388861134877108,-0.3990884067363108,0.0,-0.1075083535203745,78.0,805.0,88.7,0.2011242466529375,-0.2444743725912152,0.0390058998294608,0.0495152193733475,,0.3049616795837777,2.6953572471417986,2.384785900551493,Transit,1,1,130.082542,18.6929046
CONFIRMED,1.1388209931824949,-0.5321428586884988,0.0,-0.1075083535203745,78.0,508.0,88.7,-0.3177491250106438,-0.162593913146841,-0.3922451117580746,0.5151315912335196,-0.11,0.4047519508155705,3.255208333333333,2.5,Transit,1,1,130.082542,18.6929046
CONFIRMED,-0.7410308404405672,-0.0559479780175102,0.0,-0.1075083535203745,78.0,805.0,88.7,1.2285539972987711,0.2253147634708818,0.907668651741496,-1.2736818519310988,0.0284,0.1629943659338937,1.7751479289940826,2.1483446221182985,Transit,1,1,127.5787231,22.2359194
CONFIRMED,-0.7409919025965286,-0.0559479780175102,0.0,-0.1075083535203745,78.0,805.0,83.0,1.169929772766058,0.3719035304483796,1.3635625782768912,-1.761215115638428,0.15,0.1629943659338937,1.7751479289940826,2.1483446221182985,Transit,1,1,127.5787231,22.2359194
CONFIRMED,-0.7409503895404199,-0.0559479780175102,0.0,-0.1075083535203745,78.0,805.0,88.7,1.2285539972987711,0.2253147634708818,0.907668651741496,-1.2736818519310988,0.0284,0.1629943659338937,1.7751479289940826,2.1483446221182985,Transit,1,1,127.5787231,22.2359194
CONFIRMED,2.30251310582362,-0.0559479780175102,0.0,-0.1075083535203745,78.0,805.0,88.7,0.4164143635669642,0.0608373905619951,0.2854350493080523,-0.7199746250715242,,0.1629943659338937,1.7751479289940826,2.1483446221182985,Transit,1,1,127.9373409,19.0745863
CONFIRMED,2.3033214173044523,0.5883156840667682,0.0,-0.1075083535203745,78.0,805.0,88.7,0.2011242466529375,0.0784985507727052,0.0390058998294608,0.0495152193733475,,0.0656847643697695,0.96849173553719,1.846372364689991,Transit,1,1,127.9373409,19.0745863
CONFIRMED,2.3038167642415086,0.4762698297912414,0.0,-0.1075083535203745,78.0,606.0,88.7,0.4986600262082779,0.0705379505489466,0.1930241182535807,-0.848795154619507,0.08,0.0755222298897857,1.0629251700680271,1.889822365046136,Transit,1,1,127.9373409,19.0745863
CONFIRMED,3.079773016502842,0.2016665405968589,0.0,-0.1075083535203745,78.0,805.0,89.32473,0.7732154000256042,0.0166566279344366,0.0390058998294608,-0.8017631978659554,-0.03,0.1095867274904681,1.362358671137298,2.010796759101944,Transit,1,1,130.4971951,19.9166357
CONFIRMED,3.0797785949905263,0.350218243731274,0.0,-0.1075083535203745,78.0,805.0,88.7,0.2011242466529375,0.0534795214980354,0.0390058998294608,0.0495152193733475,,0.0890863728065759,1.1866619200189863,1.942571724714528,Transit,1,1,130.4971951,19.9166357
CONFIRMED,3.07935178375931,0.3712268414079351,0.0,-0.1075083535203745,78.0,598.0,88.7,0.8433661122784892,0.0875963795998579,0.3470423366777003,-0.848795154619507,-0.05,0.0866118947617323,1.1645849710309488,1.9334729780913271,Transit,1,1,130.4971951,19.9166357
CONFIRMED,0.234205005590303,-0.1960052958619187,0.0,-0.1075083535203745,78.0,805.0,88.7,1.2340330098247287,0.2274754978173306,0.0390058998294608,-1.0604389600104935,,0.2072329988175721,2.083333333333333,2.23606797749979,Transit,1,1,133.1218996,21.2386816
CONFIRMED,0.2341524084207052,-0.4551113338740742,0.0,-0.1075083535203745,78.0,861.0,88.7,0.9679441012793024,0.047793378481065,0.4394532677321723,-0.5666034140981889,-0.06,0.3424557976124969,2.911985245941421,2.431322695419324,Transit,1,1,133.1218996,21.2386816
CONFIRMED,-0.7647245378920038,-0.72122023777845,0.0,-0.1075083535203745,78.0,653.0,88.7,-1.5913474009121618,-0.3104336315880722,-1.1623362038786735,1.502802683058125,-0.1,0.6377358100351431,4.40771349862259,2.6967994498529686,Transit,1,1,134.2021746,21.5026882
CONFIRMED,-0.7647318240800001,-0.4761199315507353,0.0,-0.1075083535203745,78.0,805.0,88.7,0.2011242466529375,-0.2837087594083112,0.0390058998294608,0.0495152193733475,,0.3580986219567645,3.0,2.449489742783178,Transit,1,1,134.2021746,21.5026882
CONFIRMED,-0.2080465687640544,-0.167993832293037,0.0,-0.1075083535203745,78.0,805.0,88.7,0.2011242466529375,-0.2837087594083112,0.0390058998294608,0.0495152193733475,,0.1972073774659357,2.015587207739855,2.2176638128637185,Transit,1,1,134.2021746,21.5026882
CONFIRMED,-0.2080358671754349,-0.2660339547841229,0.0,-0.1075083535203745,78.0,805.0,88.7,-1.6082803314559615,-0.3075905600795869,0.0390058998294608,1.4557707263045732,,0.2354556567480987,2.2684310018903595,2.284160962880643,Transit,1,1,134.2021746,21.5026882
CONFIRMED,-0.2080372333356842,-0.4621141997662945,0.0,-0.1075083535203745,78.0,465.0,88.7,-1.5913474009121618,-0.3104336315880722,-1.1623362038786735,1.502802683058125,-0.1,0.3475669944577018,2.9408881482207625,2.4373333911071624,Transit,1,1,134.2021746,21.5026882
CONFIRMED,-0.6999972428253864,-0.535714320293531,0.0,-0.1075083535203745,37.2966,688.0,88.7,-1.5877189157956333,-0.2535722014183679,0.0390058998294608,0.9384192020154928,,0.407994528846787,3.272570775417728,2.503326941861052,Transit,1,1,136.3614923,21.6685886
CONFIRMED,-0.6999822036779755,-0.756234567239552,0.0,-0.1075083535203745,78.0,805.0,88.7,-1.5236156787369624,-0.2586897301336412,0.0390058998294608,1.1265470290297035,,0.6994113710093056,4.687499999999999,2.7386127875258306,Transit,1,1,136.3614923,21.6685886
CONFIRMED,-0.6999826590647251,-0.7632374331317724,0.0,-0.1075083535203745,78.0,722.0,88.7,-0.9019352287717388,-0.2933752025371609,-1.1007289165090255,1.314674856043914,-0.95,0.7126909824526078,4.746647680075946,2.74721127897378,Transit,1,1,136.3614923,21.6685886
CONFIRMED,0.0982632945906469,-0.3990884067363108,0.0,-0.1075083535203745,78.0,437.0,88.7,-1.621584776883233,-0.2763167734862496,-0.9467106980849056,1.2206109425368108,0.26,0.3049616795837777,2.6953572471417986,2.384785900551493,Transit,1,1,132.7075876,21.7890367
CONFIRMED,0.0980996969007939,-0.0559479780175102,0.0,-0.1075083535203745,78.0,805.0,88.7,-1.747372260922889,-0.2652850874190253,-1.0218038206597695,1.047063022116201,,0.1629943659338937,1.7751479289940826,2.1483446221182985,Transit,1,1,132.7075876,21.7890367
CONFIRMED,0.0981304355064031,-0.6021715176107028,0.0,-0.1075083535203745,78.0,805.0,88.7,0.2011242466529375,-0.3445504896898948,0.0390058998294608,0.0495152193733475,,0.4752022330434219,3.622750875498128,2.567762955065477,Transit,1,1,132.7075876,21.7890367
CONFIRMED,1.900520452468949,-0.0559479780175102,0.0,-0.1075083535203745,78.0,805.0,88.7,-0.5342487369635135,-0.1683215650078353,-0.3737629255471802,0.6015763277465517,,0.1629943659338937,1.7751479289940826,2.1483446221182985,Transit,1,1,125.9864854,22.663226
CONFIRMED,1.900912768153871,-0.2940454183530046,0.0,-0.1075083535203745,78.0,450.0,88.7,-0.3854808471858433,-0.1739661991807818,-0.4846560428125465,0.5621635479870712,-0.18,0.2481803080585548,2.3494400501213883,2.3042861179277057,Transit,1,1,125.9864854,22.663226
CONFIRMED,1.9002472204190897,-0.4200970044129719,0.0,-0.1075083535203745,78.0,805.0,88.7,0.2011242466529375,-0.1989852284554517,0.0390058998294608,0.0495152193733475,,0.3183483709646362,2.773668639053254,2.401922307076307,Transit,1,1,125.9864854,22.663226
CONFIRMED,1.9004091104086311,-0.2225248058553285,0.0,-0.1075083535203745,78.0,805.0,89.51661,-0.3999947876519574,-0.1783684111045203,0.0390058998294608,1.0795150722761515,-0.18,0.2173606781510959,2.1506685045960774,2.2539209499423665,Transit,1,1,125.9864854,22.663226
CONFIRMED,1.9001168494291536,0.2203805512238117,0.0,-0.1075083535203745,8.8138,439.45,88.7,-0.5342487369635135,-0.1683215650078353,0.0390058998294608,0.6015763277465517,,0.1066790177736961,1.3381521425539384,2.0018046095265083,Transit,1,1,125.9864854,22.663226
CONFIRMED,-0.263862184215823,-0.069953709801951,0.0,-0.1075083535203745,78.0,805.0,88.7,0.2011242466529375,-0.2399254581776388,0.0390058998294608,0.0495152193733475,,0.1668143927493756,1.8027762754642147,2.1566554640687685,Transit,1,1,126.3726821,23.2974061
CONFIRMED,-0.263789663875923,-0.1890024299696981,0.0,-0.1075083535203745,78.0,640.0,88.7,-0.6297988450320984,-0.2137692002995748,-0.6386742612366662,0.7973233317548377,-0.26,0.2046640241264232,2.0660801294743547,2.231424009916805,Transit,1,1,126.3726821,23.2974061
CONFIRMED,-0.2638189224745953,-0.0559479780175102,0.0,-0.1075083535203745,78.0,805.0,88.7,-0.8813738131114105,-0.2211048934057684,-0.5555044232876414,1.0057219321298267,,0.1629943659338937,1.7751479289940826,2.1483446221182985,Transit,1,1,126.3726821,23.2974061
CONFIRMED,-0.5482742064746579,0.4062411708690371,0.0,-0.1075083535203745,78.0,908.0,88.7,-0.0516602164652175,-0.0886740539262253,-0.115012318594659,0.0918439804515465,0.13,0.0826874952419905,1.1291354586171856,1.9185884381732377,Transit,1,1,130.8783479,24.4229559
CONFIRMED,-0.5482506402103576,0.7843959290489397,0.0,-0.1075083535203745,78.0,805.0,88.7,0.1212975740893096,-0.1011835685635603,0.0390058998294608,0.303487785842533,,0.0522085758793941,0.8310249307479225,1.7770466332772772,Transit,1,1,130.8783479,24.4229559
CONFIRMED,-0.5482495928208332,0.4767670332695891,0.0,-0.1075083535203745,133.083,946.0,88.7,-0.2004281062428876,-0.0773017678922845,0.0390058998294608,-0.0492518898091125,,0.0754743744165395,1.0624760999891518,1.889622727952472,Transit,1,1,130.8783479,24.4229559
CONFIRMED,0.3467603300557998,-0.0069279167719674,0.0,-0.1075083535203745,78.0,655.0,88.7,-0.0516602164652175,-0.0886740539262253,-0.115012318594659,0.0918439804515465,0.13,0.1505077462903998,1.6832891469932247,2.11999576001272,Transit,1,1,130.8783479,24.4229559
CONFIRMED,0.3468428689041946,-0.0559479780175102,0.0,-0.1075083535203745,78.0,805.0,88.7,0.1212975740893096,-0.1011835685635603,0.0390058998294608,0.303487785842533,,0.1629943659338937,1.7751479289940826,2.1483446221182985,Transit,1,1,130.8783479,24.4229559
CONFIRMED,-0.0541133242080124,-0.0559479780175102,0.0,-0.1075083535203745,78.0,805.0,88.7,0.1866103061868233,-0.1250267034623207,0.1006131871991088,0.5687009899758182,,0.1629943659338937,1.7751479289940826,2.1483446221182985,Transit,1,1,199.0996546,-14.4447454
CONFIRMED,-0.0537515194353244,-0.9102976168684012,0.0,-0.1075083535203745,78.0,518.0,88.7,-0.8886307833444677,-0.2933752025371609,-1.0083179854545536,1.4087387695510216,-0.66,1.0900724849449013,6.301197227473221,2.948839123097943,Transit,1,1,199.0996546,-14.4447454
CONFIRMED,-0.0536237834520154,0.0490950103657959,0.0,-0.1075083535203745,78.0,805.0,88.7,0.2011242466529375,-0.1028894114686514,0.0390058998294608,0.0495152193733475,,0.1377509349675908,1.5867768595041325,2.088931871468374,Transit,1,1,199.0996546,-14.4447454
CONFIRMED,-0.8088071137360883,-0.9523148122217236,0.0,1.3192248920222298,211.0,805.0,88.98,-0.8672106262065608,-0.2196970043947665,-0.5093975294201969,0.0495152193733475,,1.2455777539748882,6.887052341597795,3.015113445777636,Transit,1,1,170.1031027,1.2858679
CONFIRMED,-0.8088132614572101,-1.1203835936350135,0.0,-0.1075083535203745,132.0,805.0,88.7,-0.8390414867519109,-0.2302590150487891,-0.629433168131219,1.0183735284965338,,2.2741618525933838,10.288065843621398,3.333333333333333,Transit,1,1,170.1031027,1.2858679
CONFIRMED,-0.8088432828286883,-0.8122574943773153,0.0,-0.1075083535203745,78.0,805.0,88.7,-0.9599909906361956,-0.1910246282316931,0.0390058998294608,0.0495152193733475,,0.8157589981155338,5.193905817174516,2.809757434745082,Transit,1,1,170.1031027,1.2858679
CONFIRMED,-0.808821230725331,-0.8962918850839604,0.0,-0.1075083535203745,217.4,979.0,86.1,-0.5318297468858277,-0.162593913146841,-0.3306378243884266,0.3740357209728605,0.04,1.0440193059963985,6.122448979591837,2.9277002188456,Transit,1,1,170.1031027,1.2858679
CONFIRMED,-0.8089157234759071,-0.9873291416828258,0.0,-0.1075083535203745,78.0,805.0,88.7,0.2011242466529375,-0.229121786445395,0.0390058998294608,0.0495152193733475,,1.398561194685816,7.44001488002976,3.07389311747136,Transit,1,1,170.1031027,1.2858679
CONFIRMED,-0.4434621644554704,-0.6932087742095683,0.0,-0.1075083535203745,42.0,805.0,88.7,-0.8390414867519109,-0.2302590150487891,-0.629433168131219,1.0183735284965338,,0.5935161253851388,4.201533559749309,2.664693550105965,Transit,1,1,170.1031027,1.2858679
CONFIRMED,-0.4435020107960747,-0.5461485904729395,0.0,-0.1075083535203745,78.0,805.0,88.7,0.2011242466529375,-0.229121786445395,0.0390058998294608,0.0495152193733475,,0.4176686070351533,3.32409972299169,2.513123449750173,Transit,1,1,170.1031027,1.2858679
CONFIRMED,-0.4433918664029092,-0.0559479780175102,0.0,-0.1075083535203745,78.0,805.0,88.7,-0.9630872979356336,-0.1289933568309593,-0.5770669738670181,0.0325837149420704,0.054,0.1629943659338937,1.7751479289940826,2.1483446221182985,Transit,1,1,170.1031027,1.2858679
CONFIRMED,-0.4435373032691816,-0.3360626137063268,0.0,-0.1075083535203745,78.0,766.0,88.7,-0.7217204679841548,-0.1796523421977523,0.0390058998294608,0.0495152193733475,0.05,0.2690447948585758,2.4793388429752063,2.335496832484569,Transit,1,1,170.1031027,1.2858679
CONFIRMED,-0.4434553336542239,-0.4130941385207516,0.0,-0.1075083535203745,70.1,737.0,87.85,-0.5318297468858277,-0.162593913146841,-0.3306378243884266,0.3740357209728605,0.04,0.3138006063374555,2.7471898537121406,2.3961691914926155,Transit,1,1,170.1031027,1.2858679
CONFIRMED,-0.4435427679101787,-0.5251399927962783,0.0,1.047466178585543,68.0,805.0,88.58,-0.8672106262065608,-0.2196970043947665,-0.5093975294201969,0.0495152193733475,,0.3984930117613641,3.221562994979731,2.493514904770148,Transit,1,1,170.1031027,1.2858679
CONFIRMED,-0.443475086054495,-0.3570712113829882,0.0,-0.1075083535203745,78.0,805.0,88.7,-0.9599909906361956,-0.1910246282316931,0.0390058998294608,0.0495152193733475,,0.2803583111668351,2.548365860392024,2.3515854050088616,Transit,1,1,170.1031027,1.2858679
CONFIRMED,-0.6079919171384717,-0.7982517625928746,0.0,-0.1075083535203745,78.0,1158.0,88.7,0.8095002511908895,0.0193626633962128,0.3470423366777003,-0.425507543837534,-0.02,0.7843871570220872,5.05987518974532,2.7914526311954124,Transit,1,1,204.0355092,-14.0092516
CONFIRMED,1.1937716015030857,0.0911122057191185,0.0,-0.1075083535203745,78.0,805.0,88.7,0.2011242466529375,2.9777138513366697e-05,0.0390058998294608,0.0495152193733475,,0.1291141014050819,1.5197375919757854,2.066509770954872,Transit,1,1,204.0355092,-14.0092516
CONFIRMED,1.1938740635217824,-0.0559479780175102,0.0,-0.1075083535203745,78.0,805.0,88.7,0.821595201579318,-0.0162348663472288,0.5318641987866443,-0.025924039259348,,0.1629943659338937,1.7751479289940826,2.1483446221182985,Transit,1,1,204.0355092,-14.0092516
CONFIRMED,1.193981534794727,0.0420921444735757,0.0,-0.1075083535203745,78.0,687.0,88.7,0.8095002511908895,0.0193626633962128,0.3470423366777003,-0.425507543837534,-0.02,0.1392646680392635,1.5983803079546055,2.0927403192454674,Transit,1,1,204.0355092,-14.0092516
CONFIRMED,-0.1933291520917883,-0.0979651733708327,0.0,-0.1075083535203745,78.0,934.0,88.7,0.7853103504140326,0.0250488064131832,0.4702569114169962,-0.3784755870839782,0.08,0.1748201493357269,1.86000372000744,2.173570668006655,Transit,1,1,206.6522408,-11.8049588
CONFIRMED,-0.1932896837221862,-0.0559479780175102,0.0,-0.1075083535203745,78.0,805.0,88.7,0.7490254992487472,0.0192148236777716,0.5010605551018202,-0.2982390688624181,,0.1629943659338937,1.7751479289940826,2.1483446221182985,Transit,1,1,206.6522408,-11.8049588
CONFIRMED,-0.1932430839960828,0.2451752553479675,0.0,-0.1075083535203745,78.0,805.0,88.7,0.2011242466529375,0.0551853644031265,0.0390058998294608,0.0495152193733475,,0.1029828131726523,1.307061399209228,1.9900743804199783,Transit,1,1,206.6522408,-11.8049588
CONFIRMED,-0.1933478229485286,-0.0559479780175102,0.0,-0.1075083535203745,78.0,805.0,88.7,0.7490254992487472,0.0192148236777716,0.5010605551018202,-0.2982390688624181,,0.1629943659338937,1.7751479289940826,2.1483446221182985,Transit,1,1,206.6522408,-11.8049588
CONFIRMED,-0.6646831274633499,-0.9173004827606216,0.0,-0.1075083535203745,78.0,1160.0,88.7,0.8119192412685753,-0.031812623756521,0.3470423366777003,-0.0492518898091125,-0.05,1.1141173443141084,6.393521231818423,2.9595817420019404,Transit,1,1,140.4451478,18.469628
CONFIRMED,-0.1443384178587414,-0.4761199315507353,0.0,-0.1075083535203745,78.0,805.0,88.7,0.980039051667731,-0.0471652099023412,0.0390058998294608,0.0777343934254801,,0.3580986219567645,3.0,2.449489742783178,Transit,1,1,140.4451478,18.469628
CONFIRMED,-0.1445206864053345,-0.5321428586884988,0.0,-0.1075083535203745,78.0,885.0,88.7,0.8119192412685753,-0.031812623756521,0.3470423366777003,-0.0492518898091125,-0.05,0.4047519508155705,3.255208333333333,2.5,Transit,1,1,140.4451478,18.469628
CONFIRMED,0.6110230824911769,-0.3150540160296657,0.0,-0.1075083535203745,78.0,727.0,88.7,0.8119192412685753,-0.031812623756521,0.3470423366777003,-0.0492518898091125,-0.05,0.2583319056239181,2.4130788875706326,2.319734019081177,Transit,1,1,140.4451478,18.469628
CONFIRMED,0.6108586878745118,1.204567882582165,0.0,-0.1075083535203745,78.0,805.0,88.7,0.980039051667731,-0.0471652099023412,0.0390058998294608,0.0777343934254801,,0.0336305993573219,0.6198347107438016,1.651445647689541,Transit,1,1,140.4451478,18.469628
CONFIRMED,-0.6501007329623889,-0.0559479780175102,0.0,-0.1075083535203745,78.0,805.0,88.7,-1.9469389423319587,-0.3321086401544618,-1.3904464264579002,1.5344551899532664,,0.1629943659338937,1.7751479289940826,2.1483446221182985,Transit,1,1,129.1299193,10.1472175
CONFIRMED,-0.6501797425634732,-0.7842460308084337,0.0,-0.1075083535203745,78.0,543.0,88.7,-1.7546292311559462,-0.3388643466729244,-1.3471580659876172,1.784994423579443,-0.04,0.7546035459902487,4.930966469428007,2.773500981126145,Transit,1,1,129.1299193,10.1472175
CONFIRMED,-0.4287184833524115,-0.3010482842452249,0.0,-0.1075083535203745,78.0,1066.0,88.7,0.8107097462297324,-0.0488710528074323,0.2854350493080523,0.0448120236979948,-0.12,0.2515041076020075,2.3703703703703702,2.309401076758503,Transit,1,1,124.6426189,13.5027816
CONFIRMED,1.3117892444933332,-0.2730368206763432,0.0,-0.1075083535203745,78.0,624.0,88.7,0.5422018476066204,-0.0829879109092549,0.1006131871991088,0.1859078939586498,-0.11,0.2385537180235669,2.288285883183005,2.289142781149547,Transit,1,1,128.3219134,13.6613758
CONFIRMED,0.7792289105576462,0.7283730019111766,0.0,-0.1075083535203745,78.0,735.0,88.7,0.8155477263851038,-0.0033819086716688,0.3470423366777003,-0.2373797168233233,-0.02,0.0556498268114724,0.8671522719389524,1.796053020267749,Transit,1,1,131.9386628,16.3289144
CONFIRMED,0.1988572599167964,7.494912025317552e-05,0.0,-0.1075083535203745,78.0,888.0,88.7,0.6413804407917338,-0.0545571958244027,0.1930241182535807,0.0448120236979948,-0.07,0.1488292367897499,1.67075072399198,2.1160368475757947,Transit,1,1,133.8081054,18.9497263
CONFIRMED,-0.9200714167660026,-0.8612775556228583,0.0,-0.1075083535203745,570.0,805.0,88.7,-0.2016376012817305,-0.1455354840959297,-0.1766196059643067,0.5527571566363617,,0.9396987086486914,5.707491082045184,2.876779808912305,Transit,1,1,169.4490102,3.8665038
CONFIRMED,-0.9200765398669376,-0.891389878959406,0.0,-0.1075083535203745,78.0,805.0,88.7,0.2011242466529375,-0.1574763844315676,0.0390058998294608,0.0495152193733475,,1.0285143239978405,6.061680631263421,2.920408301622845,Transit,1,1,169.4490102,3.8665038
CONFIRMED,-0.920074604473251,-0.8490301664324291,0.0,-0.1075083535203745,78.0,805.0,86.3093,-0.2125230566313161,-0.1478173332886399,-0.2066069530914829,1.0324831155226002,-0.03,0.906500348592146,5.57226127749854,2.859586113898967,Transit,1,1,169.4490102,3.8665038
CONFIRMED,-0.920075538016088,-0.7912488967006541,0.0,-0.1075083535203745,78.0,805.0,88.7,-0.2826737688842012,-0.1512216271129001,0.0390058998294608,0.0495152193733475,,0.7693032058417955,4.994797086368366,2.782433374561009,Transit,1,1,169.4490102,3.8665038
CONFIRMED,-0.9200699367590658,-0.9523148122217236,0.0,-0.1075083535203745,546.3,1232.0,87.75,-0.2367129574081731,-0.1512216271129001,-0.2074232496491307,0.7973233317548377,-0.03,1.2455777539748882,6.887052341597795,3.015113445777636,Transit,1,1,169.4490102,3.8665038
CONFIRMED,-0.4739932275533735,0.6305895904779678,0.0,-0.1075083535203745,78.0,805.0,85.49003,-0.2125230566313161,-0.1478173332886399,-0.2066069530914829,1.0324831155226002,-0.03,0.062418043673685,0.936108646566746,1.8307408646273808,Transit,1,1,169.4490102,3.8665038
CONFIRMED,-0.4739741354638895,0.3082010483779515,0.0,-0.1075083535203745,78.0,805.0,88.7,-0.2016376012817305,-0.1591822273366587,-0.1766196059643067,0.5527571566363617,,0.094325443248781,1.2327416173570018,1.96116135138184,Transit,1,1,169.4490102,3.8665038
CONFIRMED,-0.4740117845634263,-0.0209336485564082,0.0,-0.1075083535203745,97.8,805.0,88.7,-0.2016376012817305,-0.1455354840959297,-0.1766196059643067,0.5527571566363617,,0.1539412522097633,1.708793164827341,2.127980706395726,Transit,1,1,169.4490102,3.8665038
CONFIRMED,-0.4740265846327937,0.0841093398268979,0.0,-0.1075083535203745,93.6,793.0,88.33,-0.2367129574081731,-0.1512216271129001,-0.2074232496491307,0.7973233317548377,-0.03,0.1305024132495498,1.530612244897959,2.070196678027062,Transit,1,1,169.4490102,3.8665038
CONFIRMED,-0.4739716684061727,-0.0559479780175102,0.0,-0.1075083535203745,78.0,805.0,88.7,-0.4200845002471367,-0.1431927931729378,-0.302914545072085,0.4168818335753498,-0.047,0.1629943659338937,1.7751479289940826,2.1483446221182985,Transit,1,1,169.4490102,3.8665038
CONFIRMED,-0.4739920435478241,0.0981150716113388,0.0,-0.1075083535203745,78.0,805.0,88.7,-0.2826737688842012,-0.1512216271129001,0.0390058998294608,0.0495152193733475,,0.1277454121372395,1.508978421608571,2.062842492517587,Transit,1,1,169.4490102,3.8665038
CONFIRMED,0.033311824011789,-0.0559479780175102,0.0,0.7757074651488567,115.0,912.0,88.7,0.6764557969181764,-0.0147541947056097,0.2792743205710876,-0.2138637384465474,0.01,0.1629943659338937,1.7751479289940826,2.1483446221182985,Radial Velocity,0,1,183.7203635,1.9681688
CONFIRMED,1.5854155909693568,-0.0559479780175102,0.0,-0.1075083535203745,78.0,805.0,88.7,0.5422018476066204,0.0294328226792674,0.3532030654146651,-0.4657668988185756,,0.1629943659338937,1.7751479289940826,2.1483446221182985,Transit,1,1,238.8197061,-21.0269691
CONFIRMED,1.587461643636049,0.1583397182844346,0.0,-0.1075083535203745,78.0,805.0,88.7,0.5337353823347204,0.0256174207148802,-0.1365748691740358,-0.7876536108398892,-0.021,0.1167362684946113,1.420986742667353,2.032089435578889,Transit,1,1,238.8197061,-21.0269691
CONFIRMED,1.5873293537852422,0.3922354390845965,0.0,-0.1075083535203745,78.0,805.0,88.7,0.2011242466529375,0.062008736023491,0.0390058998294608,0.0495152193733475,,0.0842282167627179,1.1431184270690442,1.9245008972987525,Transit,1,1,238.8197061,-21.0269691
CONFIRMED,1.587271405821335,0.0210835467969142,0.0,-0.1075083535203745,78.0,805.0,88.7,0.4406042643438212,-0.0773017678922845,0.0390058998294608,0.0495152193733475,,0.1439410823917703,1.633964679130186,2.104291871495683,Transit,1,1,238.8197061,-21.0269691
CONFIRMED,1.587313756789063,0.1520749264457905,0.0,-0.1075083535203745,78.0,805.0,89.0039,0.9062598542983172,-0.0108466772243476,0.0390058998294608,0.2329398507122056,0.02,0.1178210486072818,1.4297762453284022,2.035224541283487,Transit,1,1,238.8197061,-21.0269691
CONFIRMED,0.7323498388372638,-0.5671571881496007,0.0,-0.1075083535203745,78.0,805.0,88.7,0.2011242466529375,-0.1563391558281735,0.0390058998294608,0.0495152193733475,,0.4380945163583568,3.431610855329005,2.5332019855244945,Transit,1,1,243.6800912,-19.3468837
CONFIRMED,0.7323826266832469,-0.588165785826262,0.0,-0.1075083535203745,78.0,805.0,88.7,-0.6600362210031695,-0.1739661991807818,0.0390058998294608,0.0495152193733475,,0.4598743295861301,3.544423440453686,2.553769592276246,Transit,1,1,243.6800912,-19.3468837
CONFIRMED,0.7323440326562044,-0.2247170460200223,0.0,-0.1075083535203745,78.0,805.0,88.7,0.5821151838884343,-0.0374987667734915,-0.130414140437071,-0.3502564130318497,-0.216,0.2182271666731469,2.1563803430837067,2.2554159770061184,Transit,1,1,243.6800912,-19.3468837
CONFIRMED,1.2683410679303455,-0.1869015702020322,0.0,-0.1075083535203745,78.0,805.0,88.7,-0.933382099781653,-0.2166122718080601,-0.3429592818623562,1.154766203081836,-0.351,0.203901617536932,2.060945950146748,2.230036452102096,Transit,1,1,337.8588454,-13.2644554
CONFIRMED,1.268207753459352,-0.0979651733708327,0.0,-0.1075083535203745,78.0,805.0,88.7,-0.8753263379171963,-0.1853384852147226,0.0390058998294608,0.0495152193733475,,0.1748201493357269,1.86000372000744,2.173570668006655,Transit,1,1,337.8588454,-13.2644554
CONFIRMED,1.2684436437957305,-0.2100110276463595,0.0,-0.1075083535203745,78.0,805.0,88.7,0.2011242466529375,-0.242199915384427,0.0390058998294608,0.0495152193733475,,0.2125013853035616,2.118494456606172,2.2454435656953597,Transit,1,1,337.8588454,-13.2644554
CONFIRMED,-0.5098085984955445,-0.9509142390432797,0.0,-0.1075083535203745,78.0,805.0,88.7,0.2011242466529375,-0.2439057582895182,0.0390058998294608,0.0495152193733475,,1.2399331504029514,6.86622982186711,3.0128318613072853,Transit,1,1,332.6357627,-11.1661157
CONFIRMED,-0.50986085412508,-0.672200176532907,0.0,-0.1075083535203745,78.0,805.0,88.7,-0.5330392419246706,-0.162593913146841,0.0390058998294608,0.0495152193733475,,0.562998575529143,4.056246619794484,2.6413527189768717,Transit,1,1,332.6357627,-11.1661157
CONFIRMED,-0.5098873804032539,-0.9439113731510592,0.0,-0.1075083535203745,78.0,805.0,88.7,-0.5523911625461562,-0.1950049283435724,-0.3737629255471802,0.8772776582358747,-0.25,1.2122158612524694,6.763520277033789,3.0015011259383213,Transit,1,1,332.6357627,-11.1661157
CONFIRMED,0.0177451110512119,-0.92360306206362,0.0,-0.1075083535203745,78.0,805.0,88.7,-0.5523911625461562,-0.1950049283435724,-0.3737629255471802,0.8772776582358747,-0.25,1.1363660783764278,6.478358772588553,2.9693511563122708,Transit,1,1,332.6357627,-11.1661157
CONFIRMED,0.0175747964068,-0.9102976168684012,0.0,-0.1075083535203745,78.0,805.0,88.7,0.2011242466529375,-0.2439057582895182,0.0390058998294608,0.0495152193733475,,1.0900724849449013,6.301197227473221,2.948839123097943,Transit,1,1,332.6357627,-11.1661157
CONFIRMED,1.2177915448528545,-0.5125348341902816,0.0,-0.1075083535203745,78.0,805.0,88.7,-0.5523911625461562,-0.1950049283435724,-0.3737629255471802,0.8772776582358747,-0.25,0.3875482490842166,3.1623019871905687,2.4819678223230914,Transit,1,1,332.6357627,-11.1661157
CONFIRMED,1.2177704832156782,-0.5531514563651599,0.0,-0.1075083535203745,78.0,805.0,88.7,0.2011242466529375,-0.2439057582895182,0.0390058998294608,0.0495152193733475,,0.4243334068978909,3.3593684387335183,2.519763153394848,Transit,1,1,332.6357627,-11.1661157
CONFIRMED,-0.4260946245929493,-0.957216818346278,0.0,-0.1075083535203745,78.0,805.0,88.7,0.680084282034705,-0.071047010573617,-0.4076469336004866,-0.2938180649275844,-0.234,1.2656058059452044,6.960682007623108,3.023140002713923,Transit,1,1,329.7262534,-10.8750666
CONFIRMED,-0.426123427804872,-0.9151222133133828,0.0,-0.1075083535203745,78.0,805.0,88.33669,0.7550729744429614,-0.0592738514569797,0.0390058998294608,0.4210676777264163,-0.14,1.1065629736420577,6.364587249647816,2.956227635896977,Transit,1,1,329.7262534,-10.8750666
CONFIRMED,-0.4260590133491178,-0.9173004827606216,0.0,-0.1075083535203745,78.0,805.0,88.7,0.2785319291388797,-0.1000463399601662,0.0390058998294608,0.0495152193733475,,1.1141173443141084,6.393521231818423,2.9595817420019404,Transit,1,1,329.7262534,-10.8750666
CONFIRMED,-0.4260299596744828,-1.024444330911594,0.0,-0.1075083535203745,78.0,805.0,88.7,0.2011242466529375,-0.0784389964956786,0.0390058998294608,0.0495152193733475,,1.5893549617256248,8.10214646115122,3.140113412477491,Transit,1,1,329.7262534,-10.8750666
CONFIRMED,-0.5764225722511054,-0.7492317013473315,0.0,-0.1075083535203745,213.3,974.0,87.28,0.3547301165859791,-0.0886740539262253,0.1006131871991088,0.1859078939586498,-0.03,0.6864596406650105,4.629451024266039,2.7300945311597404,Transit,1,1,243.4509662,-24.7870527
CONFIRMED,-0.5764214337842309,-0.7142173718862296,0.0,-0.1075083535203745,240.0,805.0,88.7,0.4744701254314209,-0.0773017678922845,0.1006131871991088,0.1482823285558076,,0.6262797544483604,4.354768471476267,2.688664289689325,Transit,1,1,243.4509662,-24.7870527
CONFIRMED,-0.5761385361506084,-0.8262632261617562,0.0,-0.1075083535203745,78.0,805.0,88.7,-0.4592600445552569,-0.162593913146841,0.0390058998294608,0.0495152193733475,,0.8488263631567753,5.333333333333333,2.8284271247461903,Transit,1,1,243.4509662,-24.7870527
CONFIRMED,-0.5761261154770085,-0.8082510637631195,0.0,-0.1075083535203745,78.0,805.0,87.49112,0.3172357703818508,-0.1066405600169468,0.0601618423121978,0.8443552885083894,-0.07,0.8066165973890048,5.155026762126275,2.8044844903638784,Transit,1,1,243.4509662,-24.7870527
CONFIRMED,-0.5761686941381117,-0.9032947509761808,0.0,-0.1075083535203745,193.0,949.0,88.7,0.2809509192165654,-0.1119872402958041,-0.0842086749098351,0.2329398507122056,-0.08,1.0667145919261507,6.210858651208531,2.9382126412463507,Transit,1,1,243.4509662,-24.7870527
CONFIRMED,-0.5761459248006233,-0.7772431649162133,0.0,-0.1075083535203745,78.0,805.0,88.7,0.2011242466529375,-0.1216536834246538,0.0390058998294608,0.0495152193733475,,0.7402760168444233,4.868351657268043,2.7646540655045486,Transit,1,1,243.4509662,-24.7870527
CONFIRMED,-0.3500395727412695,-0.1890024299696981,0.0,-0.1075083535203745,118.0,839.0,88.7,0.2809509192165654,-0.1119872402958041,-0.0842086749098351,0.2329398507122056,-0.08,0.2046640241264232,2.0660801294743547,2.231424009916805,Transit,1,1,243.4509662,-24.7870527
CONFIRMED,-0.3501101576874831,0.0490950103657959,0.0,-0.1075083535203745,130.3,861.0,87.37,0.3547301165859791,-0.0886740539262253,0.1006131871991088,0.1859078939586498,-0.03,0.1377509349675908,1.5867768595041325,2.088931871468374,Transit,1,1,243.4509662,-24.7870527
CONFIRMED,-0.3500316034731486,-0.0209336485564082,0.0,-0.1075083535203745,146.0,805.0,88.7,0.4744701254314209,-0.0773017678922845,0.1006131871991088,0.1482823285558076,,0.1539412522097633,1.708793164827341,2.127980706395726,Transit,1,1,243.4509662,-24.7870527
CONFIRMED,-0.349963874940323,-0.0559479780175102,0.0,-0.1075083535203745,78.0,805.0,88.7,-0.2330844722916445,-0.0841149044552185,-0.1796999703327891,-0.0068290648174058,,0.1629943659338937,1.7751479289940826,2.1483446221182985,Transit,1,1,243.4509662,-24.7870527
CONFIRMED,-0.350057526363879,-0.1259766369397144,0.0,-0.1075083535203745,78.0,805.0,88.7,-0.4592600445552569,-0.162593913146841,0.0390058998294608,0.0495152193733475,,0.1833464944418634,1.92,2.1908902300206643,Transit,1,1,243.4509662,-24.7870527
CONFIRMED,-0.35004845278289,-0.0572647689084197,0.0,-0.1075083535203745,78.0,805.0,88.1633,0.3172357703818508,-0.1066405600169468,0.0601618423121978,0.8443552885083894,-0.07,0.1633485181661912,1.777718345689635,2.1491219016902114,Transit,1,1,243.4509662,-24.7870527
CONFIRMED,-0.3500475420093904,-0.0279365144486285,0.0,-0.1075083535203745,78.0,805.0,88.7,0.2011242466529375,-0.1216536834246538,0.0390058998294608,0.0495152193733475,,0.155697219246861,1.7217630853994488,2.1320071635561044,Transit,1,1,243.4509662,-24.7870527
CONFIRMED,0.5221680198771146,-0.2450253571074615,0.0,-0.1075083535203745,78.0,805.0,88.7,-0.4592600445552569,-0.162593913146841,0.0390058998294608,0.0495152193733475,,0.2264774015945749,2.210392528873252,2.2694084234167016,Transit,1,1,243.4509662,-24.7870527
CONFIRMED,0.5221781522322969,-0.1877708779624287,0.0,-0.1075083535203745,78.0,805.0,89.16344,0.3172357703818508,-0.1066405600169468,0.0601618423121978,0.8443552885083894,-0.07,0.2042166311682334,2.063068081470356,2.230610291017764,Transit,1,1,243.4509662,-24.7870527
CONFIRMED,0.5222810696377438,-0.0629508439097308,0.0,-0.1075083535203745,51.6,805.0,88.7,0.4744701254314209,-0.0773017678922845,0.1006131871991088,0.1482823285558076,,0.164889630386575,1.788882097762407,2.152488010002526,Transit,1,1,243.4509662,-24.7870527
CONFIRMED,0.5222799311708692,0.0350892785813551,0.0,-0.1075083535203745,45.7,663.0,88.34,0.3547301165859791,-0.0886740539262253,0.1006131871991088,0.1859078939586498,-0.03,0.1408006616424954,1.6101115002213904,2.096569673443837,Transit,1,1,243.4509662,-24.7870527
CONFIRMED,0.5223971932589335,-0.069953709801951,0.0,-0.1075083535203745,78.0,805.0,88.7,0.2011242466529375,-0.1216536834246538,0.0390058998294608,0.0495152193733475,,0.1668143927493756,1.8027762754642147,2.1566554640687685,Transit,1,1,243.4509662,-24.7870527
CONFIRMED,-0.8383113594059536,-0.0584760126046018,0.0,-0.1075083535203745,428.205,1267.0,88.7,0.3051408199934223,-0.0033819086716688,0.0390058998294608,-0.3347828992599277,,0.1636751898782573,1.780087663808368,2.149837623969636,Transit,1,1,67.8205302,19.8316901
CONFIRMED,-0.8383075227725867,0.3691259816402689,0.0,-0.1075083535203745,78.0,805.0,88.7,0.3111882951876366,-0.0198717234208831,0.3593637941516299,-0.1245030206147968,0.018,0.0868551864589521,1.166764820757213,1.9343771039196007,Transit,1,1,67.8205302,19.8316901
CONFIRMED,-0.8383075227725867,0.3691259816402689,0.0,-0.1075083535203745,78.0,805.0,88.7,0.3111882951876366,-0.0198717234208831,0.3593637941516299,-0.1245030206147968,0.018,0.0868551864589521,1.166764820757213,1.9343771039196007,Transit,1,1,67.8205302,19.8316901
CONFIRMED,-0.7274125816584728,-0.0559479780175102,0.0,-0.1075083535203745,78.0,805.0,88.7,-0.2028470963205733,-0.1457856743886764,-0.145815962279483,0.5728398021701286,,0.1629943659338937,1.7751479289940826,2.1483446221182985,Transit,1,1,128.0670932,11.6307099
CONFIRMED,-0.7274026337349241,-0.0559479780175102,0.0,-0.1075083535203745,78.0,805.0,88.7,-0.2028470963205733,-0.1457856743886764,-0.145815962279483,0.5728398021701286,,0.1629943659338937,1.7751479289940826,2.1483446221182985,Transit,1,1,128.0670932,11.6307099
CONFIRMED,0.0386865261258853,0.385232573192376,0.0,-0.1075083535203745,78.0,805.0,88.7,0.2011242466529375,-0.03778307392434,0.0390058998294608,0.0495152193733475,,0.0850129466792495,1.150207516606121,1.9274776986097064,Transit,1,1,130.7988719,13.0094226
CONFIRMED,0.0386736614502044,0.2241666576713064,0.0,-0.1075083535203745,78.0,805.0,88.7,0.2011242466529375,-0.0545571958244027,0.0390058998294608,0.0495152193733475,,0.1061032953945969,1.3333333333333333,2.0,Transit,1,1,130.7988719,13.0094226
CONFIRMED,0.038680492251451,0.185650895264094,0.0,-0.1075083535203745,78.0,805.0,88.7,0.434556789149607,-0.0477338242040382,-0.0626461243304583,-0.2044573470958338,-0.064,0.1121596742734794,1.3836003009330655,2.0185893307574667,Transit,1,1,130.7988719,13.0094226
CONFIRMED,0.0386717260565179,-0.0559479780175102,0.0,-0.1075083535203745,78.0,805.0,88.7,0.46023436882424,-0.0275736041373696,0.2854350493080523,-0.1052199183458392,0.0182,0.1629943659338937,1.7751479289940826,2.1483446221182985,Transit,1,1,130.7988719,13.0094226
CONFIRMED,0.1727034311809741,-0.3010482842452249,0.0,-0.1075083535203745,78.0,805.0,88.7,0.2011242466529375,0.2849055422887319,0.0390058998294608,0.0495152193733475,,0.2515041076020075,2.3703703703703702,2.309401076758503,Transit,1,1,123.1361518,13.6884986
CONFIRMED,0.1726305693010117,-0.4334024496081908,0.0,-0.1075083535203745,78.0,805.0,88.7,1.231614019747043,0.2729646419530941,0.8953471942675666,-1.5260553318706658,0.049,0.3272341811022865,2.825044300225933,2.4129683592549758,Transit,1,1,123.1361518,13.6884986
CONFIRMED,-0.5672256952995476,-0.7611365733641063,0.0,-0.1075083535203745,78.0,805.0,88.7,0.8095002511908895,-0.0562630387294939,-0.4199683910744162,-0.444320326538953,-0.292,0.7086720578344259,4.728786368800413,2.7446232319753943,Transit,1,1,137.3794986,16.3558324
CONFIRMED,-0.5672256952995476,-0.7611365733641063,0.0,-0.1075083535203745,78.0,805.0,88.7,0.8095002511908895,-0.0562630387294939,-0.4199683910744162,-0.444320326538953,-0.292,0.7086720578344259,4.728786368800413,2.7446232319753943,Transit,1,1,137.3794986,16.3558324
CONFIRMED,0.7889726273029899,-0.3269588880464403,0.0,-0.1075083535203745,78.0,805.0,88.7,0.8095002511908895,-0.0562630387294939,-0.4199683910744162,-0.444320326538953,-0.292,0.2643311801608748,2.450295250368105,2.328626932135033,Transit,1,1,137.3794986,16.3558324
CONFIRMED,0.7889726273029899,-0.3269588880464403,0.0,-0.1075083535203745,78.0,805.0,88.7,0.8095002511908895,-0.0562630387294939,-0.4199683910744162,-0.444320326538953,-0.292,0.2643311801608748,2.450295250368105,2.328626932135033,Transit,1,1,137.3794986,16.3558324
CONFIRMED,0.564005880584922,0.1121208033957796,0.0,-0.1075083535203745,78.0,805.0,88.7,0.2011242466529375,0.3099245715634018,0.0390058998294608,0.0495152193733475,,0.1250655267499338,1.4878000396746678,2.055566129482595,Transit,1,1,130.5013137,20.3593003
CONFIRMED,0.5642521309698574,-0.647462118590953,0.0,-0.1075083535203745,78.0,805.0,87.9722,0.8687655080941891,0.0338475441176433,0.0390058998294608,-0.7547312411123996,0.03,0.5296873018716876,3.894626931891564,2.614639255019945,Transit,1,1,130.5013137,20.3593003
CONFIRMED,0.5622526415983284,-0.0559479780175102,0.0,-0.1075083535203745,78.0,805.0,88.7,0.8543483272311823,0.308747539958889,0.5626678424714682,-1.887260759737948,-0.054,0.1629943659338937,1.7751479289940826,2.1483446221182985,Transit,1,1,130.5013137,20.3593003
CONFIRMED,0.5634930012579996,-0.3059502903697793,0.0,-0.1075083535203745,78.0,805.0,88.7,0.8494135874727035,0.3053756571498255,0.7752129838967533,-1.7565119199630712,-0.091,0.2538661612302373,2.385188456721451,2.313001882495173,Transit,1,1,130.5013137,20.3593003
CONFIRMED,-0.4244025212775117,-0.6609955911053543,0.0,-0.1075083535203745,78.0,805.0,88.7,0.9885055169396308,0.0813416222811905,0.125256102146968,-0.966375046503386,-0.176,0.5475748264977248,3.981821656862537,2.6291524102480945,Transit,1,1,132.7193327,25.0380824
CONFIRMED,-0.4244025212775117,-0.6609955911053543,0.0,-0.1075083535203745,78.0,805.0,88.7,0.9885055169396308,0.0813416222811905,0.125256102146968,-0.966375046503386,-0.176,0.5475748264977248,3.981821656862537,2.6291524102480945,Transit,1,1,132.7193327,25.0380824
CONFIRMED,0.378872382102198,-0.6911079144419021,0.0,-0.1075083535203745,78.0,805.0,88.7,-1.1123873655303944,-0.1790837278960552,-0.1427355979110006,0.9054968322880074,-0.008,0.5903665770616973,4.1866564977432175,2.6623315816553106,Transit,1,1,202.897887,-12.0951142
CONFIRMED,0.3789663056193368,-0.6021715176107028,0.0,-0.1075083535203745,78.0,805.0,88.7,0.2011242466529375,-0.202965528567331,0.0390058998294608,0.0495152193733475,,0.4752022330434219,3.622750875498128,2.567762955065477,Transit,1,1,202.897887,-12.0951142
CONFIRMED,0.3794431661312867,-0.0559479780175102,0.0,-0.1075083535203745,78.0,805.0,88.7,-0.9745049311023096,-0.175112525613003,-0.5955491600779126,0.4635845666316265,,0.1629943659338937,1.7751479289940826,2.1483446221182985,Transit,1,1,202.897887,-12.0951142
CONFIRMED,-0.8474610241362295,0.1401322669646613,0.0,-0.1075083535203745,78.0,805.0,88.7,-0.3588719563313006,-0.1557705415264764,0.1714615676742039,0.9102000279633642,-0.206,0.1199265039453542,1.4467592592592593,2.041241452319315,Transit,1,1,205.1596569,-11.1172332
CONFIRMED,-0.8475108889853286,-0.0559479780175102,0.0,-0.1075083535203745,78.0,805.0,88.7,-0.3213776101271723,-0.1532566976986738,-0.2382268933339546,0.5689361497595854,,0.1629943659338937,1.7751479289940826,2.1483446221182985,Transit,1,1,205.1596569,-11.1172332
CONFIRMED,-0.8474689934043502,0.3362125119468332,0.0,-0.1075083535203745,78.0,805.0,88.7,0.2011242466529375,-0.1586136130349617,0.0390058998294608,0.0495152193733475,,0.0907886145813932,1.2017304919083478,1.9487094073848927,Transit,1,1,205.1596569,-11.1172332
CONFIRMED,-0.0827745693113822,-0.3493680589015457,0.0,-0.1075083535203745,78.0,805.0,88.7,-0.624960864876727,-0.1449668697942326,-0.0349228450141167,0.6327114831174029,-0.045,0.2761376598124641,2.522725022341884,2.3456477301009304,Transit,1,1,283.0317641,-27.1807287
CONFIRMED,-0.0826546887495066,-0.287042552460784,0.0,-0.1075083535203745,78.0,805.0,88.7,0.2011242466529375,-0.1796523421977523,0.0390058998294608,0.0495152193733475,,0.2449148198447523,2.32878573230608,2.2992049957180423,Transit,1,1,283.0317641,-27.1807287
CONFIRMED,-0.624794891277972,-0.7282231036706704,0.0,-0.1075083535203745,480.0,805.0,88.7,0.7720059049867612,0.0648518075319763,0.6550787735259401,-0.54779063139677,,0.6494729871098153,4.461629982153481,2.705008904002297,Transit,1,1,240.0333095,-23.1894196
CONFIRMED,-0.6247550449373676,-0.504131395119617,0.0,-0.1075083535203745,78.0,805.0,88.7,0.2011242466529375,0.1336541380373185,0.0390058998294608,0.0495152193733475,,0.3804735080161801,3.123698458975427,2.4743582965269675,Transit,1,1,240.0333095,-23.1894196
CONFIRMED,-0.6248347376185764,-0.7912488967006541,0.0,-0.1075083535203745,465.9,1184.0,87.28,0.7707964099479184,0.0534795214980354,0.6242751298411162,-0.6136353708517447,0.28,0.7693032058417955,4.994797086368366,2.782433374561009,Transit,1,1,240.0333095,-23.1894196
CONFIRMED,0.1202975240180678,-0.1890024299696981,0.0,-0.1075083535203745,132.0,805.0,88.7,0.7720059049867612,0.0648518075319763,0.6550787735259401,-0.54779063139677,,0.2046640241264232,2.0660801294743547,2.231424009916805,Transit,1,1,240.0333095,-23.1894196
CONFIRMED,0.1203350934249234,0.1051179375035593,0.0,-0.1075083535203745,78.0,805.0,88.7,0.2011242466529375,0.1336541380373185,0.0390058998294608,0.0495152193733475,,0.1263959999824451,1.498333104421331,2.0591946691637406,Transit,1,1,240.0333095,-23.1894196
CONFIRMED,-0.0116803868649501,-0.504131395119617,0.0,-0.1075083535203745,78.0,805.0,88.7,0.2011242466529375,0.0705379505489466,0.0390058998294608,0.0495152193733475,,0.3804735080161801,3.123698458975427,2.4743582965269675,Transit,1,1,283.4346389,-26.5387308
CONFIRMED,-0.0117268363134259,0.0343889919921331,0.0,-0.1075083535203745,78.0,805.0,88.7,0.9570586459297168,0.1785746678713849,0.3870870734679715,-1.3473338962071644,-0.049,0.1409555010659223,1.6112917175174666,2.0969537660866933,Transit,1,1,283.4346389,-26.5387308
CONFIRMED,-0.1782137957082404,-1.123885026581124,0.0,-0.1075083535203745,78.0,805.0,88.7,-0.782195219926297,-0.1881815567232079,-0.349120010599321,0.8114329187809,-0.244,2.3060421653673697,10.38399134667388,3.3410762783382277,Transit,1,1,288.0267612,-21.0075789
CONFIRMED,-0.1781770687668718,-1.1181260727544728,0.0,-0.1075083535203745,78.0,805.0,88.8625,-0.5548101526238418,-0.2048692492494127,0.0390058998294608,0.8443552885083894,-0.33,2.253918272606374,10.226921706435292,3.3283695817508563,Transit,1,1,288.0267612,-21.0075789
CONFIRMED,-0.1782289828563451,-1.2184237161260996,0.0,-0.1075083535203745,78.0,805.0,88.7,0.2011242466529375,-0.2217298005233335,0.0390058998294608,0.0495152193733475,,3.449126127705466,13.58080579447714,3.5729480050524822,Transit,1,1,288.0267612,-21.0075789
CONFIRMED,0.7435027157257477,-0.4353860463864916,0.0,-0.1075083535203745,78.0,805.0,88.79817,-0.5548101526238418,-0.2048692492494127,0.0390058998294608,0.8443552885083894,-0.33,0.3285871080755948,2.8328255773592743,2.4146282104805112,Transit,1,1,288.0267612,-21.0075789
CONFIRMED,0.7438608774044376,-0.0559479780175102,0.0,-0.1075083535203745,78.0,805.0,88.7,-0.4955448957205423,-0.2194553433165453,0.0390058998294608,0.0495152193733475,,0.1629943659338937,1.7751479289940826,2.1483446221182985,Transit,1,1,288.0267612,-21.0075789
CONFIRMED,0.7438920713967966,-0.4761199315507353,0.0,-0.1075083535203745,78.0,805.0,88.7,0.2011242466529375,-0.1739661991807818,0.0390058998294608,0.0495152193733475,,0.3580986219567645,3.0,2.449489742783178,Transit,1,1,288.0267612,-21.0075789
CONFIRMED,0.7434574047441461,-0.4761199315507353,0.0,-0.1075083535203745,78.0,805.0,88.7,-0.782195219926297,-0.1881815567232079,-0.349120010599321,0.8114329187809,-0.244,0.3580986219567645,3.0,2.449489742783178,Transit,1,1,288.0267612,-21.0075789
CONFIRMED,0.7434168753234174,-0.4411056020896333,0.0,-0.1075083535203745,78.0,805.0,88.7,0.2011242466529375,-0.2217298005233335,0.0390058998294608,0.0495152193733475,,0.3325301694002254,2.8554431885782274,2.419433515636536,Transit,1,1,288.0267612,-21.0075789
CONFIRMED,1.969670930420698,-0.840268957946197,0.0,-0.1075083535203745,78.0,805.0,88.7,0.2011242466529375,-0.2217298005233335,0.0390058998294608,0.0495152193733475,,0.8837053628530506,5.47845142439737,2.847473987257497,Transit,1,1,288.0267612,-21.0075789
CONFIRMED,1.9696251640523468,-0.8041483087285761,0.0,-0.1075083535203745,78.0,805.0,89.47797,-0.5548101526238418,-0.2048692492494127,0.0390058998294608,0.8443552885083894,-0.33,0.7973954235738061,5.115663631956777,2.799115419816816,Transit,1,1,288.0267612,-21.0075789
CONFIRMED,1.9694003168446503,-0.6939090607987902,0.0,-0.1075083535203745,78.0,805.0,88.7,-0.782195219926297,-0.1881815567232079,-0.349120010599321,0.8114329187809,-0.244,0.5945709523756169,4.206510205519572,2.6654822710201165,Transit,1,1,288.0267612,-21.0075789
CONFIRMED,1.3884380523586934,-0.2100110276463595,0.0,-0.1075083535203745,78.0,805.0,88.7,0.2011242466529375,-0.11085001169241,0.0390058998294608,0.0495152193733475,,0.2125013853035616,2.118494456606172,2.2454435656953597,Transit,1,1,287.4125267,-19.6269336
CONFIRMED,1.388166983395896,0.0635147725903825,0.0,-0.1075083535203745,78.0,805.0,88.29769,0.544620837684306,-0.0706148637043272,0.0390058998294608,0.609195504740627,0.0,0.1347023806388958,1.5632784304737115,2.0811548499615857,Transit,1,1,287.4125267,-19.6269336
CONFIRMED,1.3884558124419344,-0.4256992971267482,0.0,-0.1075083535203745,78.0,805.0,88.7,0.4019004231008501,-0.11085001169241,0.1683812033057215,0.4916156128567437,-0.027,0.3220500593487793,2.7951282777537605,2.4065547555594478,Transit,1,1,287.4125267,-19.6269336
CONFIRMED,-0.869594300181724,-0.6511915788562458,0.0,-0.1075083535203745,78.0,805.0,88.7,0.2011242466529375,-0.0727528534787081,0.0390058998294608,0.0495152193733475,,0.5345378846701558,3.918367346938776,2.6186146828319083,Transit,1,1,282.008765,-18.3795798
CONFIRMED,-0.8695995371293463,-0.5751317857187574,0.0,-0.1075083535203745,78.0,805.0,85.25534,0.1346020195165809,-0.1028183346809393,0.0390058998294608,0.9384192020154928,0.21,0.446196500614828,3.4737902735724195,2.540950532376671,Transit,1,1,282.008765,-18.3795798
CONFIRMED,-0.8696014725230329,-0.7814448844515455,0.0,-0.1075083535203745,78.0,805.0,88.7,0.0112335255546105,-0.1148303118042893,0.5965518505247742,0.8208393101316136,0.187,0.7488285440034687,4.905776388171192,2.7699520340792443,Transit,1,1,282.008765,-18.3795798
CONFIRMED,-0.8279831082286119,-1.123184739991902,0.0,-0.1075083535203745,78.0,805.0,88.7,-1.810266002942717,-0.3741184333781411,-1.6551945028358566,1.8508391630344136,0.068,2.2996186532834497,10.364699216428738,3.339523372710142,Transit,1,1,20.4998403,0.7509701
CONFIRMED,-0.6044197496266309,-1.141392191311675,0.0,-0.1075083535203745,78.0,805.0,88.7,0.2011242466529375,-0.425862334832572,0.0390058998294608,0.0495152193733475,,2.4747124290284988,10.884353741496598,3.3806170189140663,Transit,1,1,20.4998403,0.7509701
CONFIRMED,-0.6044748514233523,-1.042651782231367,0.0,-0.1075083535203745,78.0,805.0,88.7,-1.810266002942717,-0.3741184333781411,-1.6551945028358566,1.8508391630344136,0.068,1.695732533056558,8.459753778866265,3.1742033253447586,Transit,1,1,20.4998403,0.7509701
CONFIRMED,-0.3215867809226045,-0.9018941777977368,0.0,-0.1075083535203745,78.0,805.0,88.7,-1.810266002942717,-0.3741184333781411,-1.6551945028358566,1.8508391630344136,0.068,1.0621232872277058,6.1930241775663895,2.9361010975735176,Transit,1,1,20.4998403,0.7509701
CONFIRMED,-0.3216416550259512,-1.1063778618505729,0.0,-0.1075083535203745,78.0,805.0,88.7,0.2011242466529375,-0.425862334832572,0.0390058998294608,0.0495152193733475,,2.152358358868607,9.917355371900824,3.302891295379082,Transit,1,1,20.4998403,0.7509701
CONFIRMED,0.0239903987841706,-0.9348076474911728,0.0,-0.1075083535203745,78.0,805.0,88.7,-1.810266002942717,-0.3741184333781411,-1.6551945028358566,1.8508391630344136,0.068,1.1774047504811267,6.633407498514393,2.9869605095316976,Transit,1,1,20.4998403,0.7509701
CONFIRMED,0.0241004885309263,-1.0783663982816911,0.0,-0.1075083535203745,78.0,805.0,88.7,0.2011242466529375,-0.425862334832572,0.0390058998294608,0.0495152193733475,,1.9336509584960808,9.233610341643583,3.244428422615251,Transit,1,1,20.4998403,0.7509701
CONFIRMED,0.4694186372581984,-0.6301829811795845,0.0,-0.1075083535203745,78.0,805.0,88.7,0.2011242466529375,-0.425862334832572,0.0390058998294608,0.0495152193733475,,0.5079636437300995,3.787400580734756,2.5964539344474926,Transit,1,1,20.4998403,0.7509701
CONFIRMED,0.4694095295232031,-0.3206563087434421,0.0,-0.1075083535203745,78.0,805.0,88.7,-1.810266002942717,-0.3741184333781411,-1.6551945028358566,1.8508391630344136,0.068,0.261132227240948,2.430486072909721,2.323906205939775,Transit,1,1,20.4998403,0.7509701
CONFIRMED,0.4693992833213333,-0.0559479780175102,0.0,-0.1075083535203745,78.0,805.0,88.7,-1.5236156787369624,-0.425862334832572,0.0390058998294608,0.0495152193733475,,0.1629943659338937,1.7751479289940826,2.1483446221182985,Transit,1,1,20.4998403,0.7509701
CONFIRMED,-0.8109683792504709,-0.672200176532907,0.0,-0.1075083535203745,78.0,805.0,88.7,0.2011242466529375,-0.1546333129230824,0.0390058998294608,0.0495152193733475,,0.562998575529143,4.056246619794484,2.6413527189768717,Transit,1,1,12.6140752,5.8712567
CONFIRMED,-0.8109812439261518,-0.7989520491820966,0.0,-0.1075083535203745,78.0,805.0,88.7,-0.3334725605156008,-0.1392807267772622,0.1837830251481335,0.750291375001282,-0.224,0.7859171705516762,5.066452862355876,2.7923593886113034,Transit,1,1,12.6140752,5.8712567
CONFIRMED,-0.2312333820551294,-0.2520282229996821,0.0,-0.1075083535203745,78.0,805.0,88.7,0.7611204496371756,-0.0204403377225802,0.1344971952524151,-0.2655988908754517,0.074,0.2294186300411844,2.2294887039239004,2.27429413073671,Transit,1,1,18.2999964,7.0130302
CONFIRMED,-0.2311768002514712,-0.0559479780175102,0.0,-0.1075083535203745,78.0,805.0,88.7,0.5712297285388487,0.0023042343453015,0.0390058998294608,0.0495152193733475,,0.1629943659338937,1.7751479289940826,2.1483446221182985,Transit,1,1,18.2999964,7.0130302
CONFIRMED,-0.2312234773933221,0.0420921444735757,0.0,-0.1075083535203745,78.0,805.0,88.7,0.2011242466529375,0.0034414629486956,0.0390058998294608,0.0495152193733475,,0.1392646680392635,1.5983803079546055,2.0927403192454674,Transit,1,1,18.2999964,7.0130302
CONFIRMED,2.189463117501191,0.9244532468933482,0.0,-0.1075083535203745,78.0,805.0,88.7,0.2011242466529375,-0.372981204774747,0.0390058998294608,0.0495152193733475,,0.0447623277445955,0.75,1.7320508075688772,Transit,1,1,19.4418282,11.3684915
CONFIRMED,2.189386726373918,3.2508052962889717,0.0,-0.1075083535203745,78.0,805.0,88.7,-1.8719502499237024,-0.2393568438759418,-0.915907054400082,0.8443552885083894,0.126,0.0072979933468584,0.2238318050222037,1.2801939213933864,Transit,1,1,19.4418282,11.3684915
CONFIRMED,2.1892584211571724,3.8796626534103646,0.0,-0.1075083535203745,78.0,805.0,88.7,0.2011242466529375,-0.1944363140418754,0.0390058998294608,0.0495152193733475,,0.0051579506681208,0.1775978119949562,1.208244186660354,Transit,1,1,19.4418282,11.3684915
CONFIRMED,-0.36035305800325,0.6863558065578541,0.0,-0.1075083535203745,78.0,805.0,88.7,0.2990933447992081,-0.0619491817464643,-0.0780479461728703,-0.1150966292640831,0.124,0.0584318155454624,0.8958165367732687,1.8107149208503703,Transit,1,1,352.7139342,-11.0773564
CONFIRMED,-0.36035305800325,0.6863558065578541,0.0,-0.1075083535203745,78.0,805.0,88.7,0.2990933447992081,-0.0619491817464643,-0.0780479461728703,-0.1150966292640831,0.124,0.0584318155454624,0.8958165367732687,1.8107149208503703,Transit,1,1,352.7139342,-11.0773564
CONFIRMED,-0.3603304366664555,0.8682062280470338,0.0,-0.1075083535203745,120.002,922.0,88.7,0.204752731769466,-0.0431849097904618,0.0390058998294608,-0.0962838465626642,,0.047570837552061,0.7810521282538281,1.7497069486271022,Transit,1,1,352.7139342,-11.0773564
CONFIRMED,-0.3603244824847023,0.854424587971144,0.0,-0.1075083535203745,138.0,874.0,88.7,0.2301521275851658,-0.0545571958244027,0.1930241182535807,-0.2844116735768749,0.24,0.0482946269433759,0.7889546351084813,1.7541160386140584,Transit,1,1,352.7139342,-11.0773564
CONFIRMED,-0.10490146994238,-0.2450253571074615,0.0,-0.1075083535203745,179.0,932.0,88.7,0.790148330569404,0.0500678356878532,0.3778459803625243,-0.8017631978659554,0.038,0.2264774015945749,2.210392528873252,2.2694084234167016,Transit,1,1,355.6304152,-9.7135814
CONFIRMED,-0.1047702047117605,-0.3472671991338795,0.0,-0.1075083535203745,78.0,805.0,88.7,0.8010337859189897,0.0443816926708827,-0.2012625209121659,-0.9757814378541,-0.034,0.2750012922704987,2.515799219095922,2.344036154692477,Transit,1,1,355.6304152,-9.7135814
CONFIRMED,-0.1048245095816699,-0.3934861140225344,0.0,-0.1075083535203745,78.0,805.0,88.7,0.8010337859189897,0.0443816926708827,-0.2012625209121659,-0.9757814378541,-0.034,0.3015190592507554,2.6750341735615675,2.380277794628896,Transit,1,1,355.6304152,-9.7135814
CONFIRMED,1.291820581054832,-0.4481084679818536,0.0,-0.1075083535203745,78.0,805.0,88.7,0.8010337859189897,0.0443816926708827,-0.2012625209121659,-0.9757814378541,-0.034,0.3374443294403778,2.883506343713956,2.425356250363329,Transit,1,1,355.6304152,-9.7135814
CONFIRMED,1.291820581054832,-0.4481084679818536,0.0,-0.1075083535203745,78.0,805.0,88.7,0.8010337859189897,0.0443816926708827,-0.2012625209121659,-0.9757814378541,-0.034,0.3374443294403778,2.883506343713956,2.425356250363329,Transit,1,1,355.6304152,-9.7135814
CONFIRMED,-0.5580215321599936,-0.0559479780175102,0.0,-0.1075083535203745,78.0,805.0,83.4,-0.2524363929131301,1.20240452107803,0.0390058998294608,0.0495152193733475,0.39,0.1629943659338937,1.7751479289940826,2.1483446221182985,Transit,1,1,338.3682095,-9.0229405
CONFIRMED,-0.5577730162259783,-0.7072145059940091,0.0,-0.1075083535203745,78.0,805.0,88.7,-0.3346820555544437,-0.1512216271129001,0.0390058998294608,0.0495152193733475,,0.6150964539394338,4.3027717021047724,2.6806023096526217,Transit,1,1,338.3682095,-9.0229405
CONFIRMED,-0.5574198060402806,3.056554564026874,0.0,-0.1075083535203745,378.5469,1124.99,88.7,-0.2524363929131301,1.20240452107803,0.0390058998294608,-0.1997541514204811,,0.0081944782318496,0.2418059735814557,1.305154929080342,Transit,1,1,338.3682095,-9.0229405
CONFIRMED,-0.5577744848482463,3.088338807589457,0.0,-0.1075083535203745,1148.0,805.0,88.7,-0.1532577997280166,0.9007148310266297,0.9323115666893552,-3.75537008198906,,0.0080381097420346,0.2387199834487478,1.3009706694048186,Transit,1,1,338.3682095,-9.0229405
CONFIRMED,-0.7048846697325659,1.3880429689583398,0.0,-0.1075083535203745,78.0,805.0,88.7,0.5301068972181919,-0.0227147949293683,-0.241307257702437,-0.5289778486953468,-0.116,0.0282732562391246,0.5521241042476563,1.6043698370396315,Transit,1,1,355.702386,-9.5887124
CONFIRMED,-0.7048846697325659,1.3880429689583398,0.0,-0.1075083535203745,78.0,805.0,88.7,0.5301068972181919,-0.0227147949293683,-0.241307257702437,-0.5289778486953468,-0.116,0.0282732562391246,0.5521241042476563,1.6043698370396315,Transit,1,1,355.702386,-9.5887124
CONFIRMED,-0.7048699379712109,1.1266750052629977,0.0,-0.1075083535203745,260.965,1119.0,88.7,0.4744701254314209,-0.0147541947056097,0.0390058998294608,-0.1903477600697674,,0.0363156956488689,0.6524026754568361,1.6727238332788277,Transit,1,1,355.702386,-9.5887124
CONFIRMED,-0.5557612200275373,-0.9166001961713997,0.0,-0.1075083535203745,78.0,805.0,88.7,0.5119644716355491,-0.2501605156081857,-0.3398789174938738,2.316455534894585,-0.543,1.1116812285357436,6.384197833522466,2.9585021936377367,Transit,1,1,356.2260152,-7.7015151
CONFIRMED,-0.5557612200275373,-0.9166001961713997,0.0,-0.1075083535203745,78.0,805.0,88.7,0.5119644716355491,-0.2501605156081857,-0.3398789174938738,2.316455534894585,-0.543,1.1116812285357436,6.384197833522466,2.9585021936377367,Transit,1,1,356.2260152,-7.7015151
CONFIRMED,0.6710585392596388,-0.5811629199340416,0.0,-0.1075083535203745,78.0,805.0,88.7,0.7333020637437901,0.0295977208267596,-0.0811283105413527,-0.7829504151645322,-0.238,0.4524571457807618,3.5062089116143165,2.5468581598680533,Transit,1,1,354.6499065,-7.4788816
CONFIRMED,0.6710585392596388,-0.5811629199340416,0.0,-0.1075083535203745,78.0,805.0,88.7,0.7333020637437901,0.0295977208267596,-0.0811283105413527,-0.7829504151645322,-0.238,0.4524571457807618,3.5062089116143165,2.5468581598680533,Transit,1,1,354.6499065,-7.4788816
CONFIRMED,0.1034710974609544,-0.2296190521445767,0.0,-0.1075083535203745,78.0,805.0,88.7,0.6752463018793335,0.0369897067488211,0.0420862641979432,-0.7500280454370469,0.076,0.2201814282501042,2.169235040955158,2.258769757263128,Transit,1,1,348.5159113,-0.0821031
CONFIRMED,0.1032728903781195,-0.0559479780175102,0.0,-0.1075083535203745,78.0,805.0,88.7,0.5083359865190207,0.0648518075319763,0.0390058998294608,0.0495152193733475,,0.1629943659338937,1.7751479289940826,2.1483446221182985,Transit,1,1,348.5159113,-0.0821031
CONFIRMED,-0.501892838317762,-0.0559479780175102,0.0,-0.1075083535203745,78.0,805.0,88.7,-0.7616338042659687,-0.242199915384427,0.0390058998294608,0.0495152193733475,,0.1629943659338937,1.7751479289940826,2.1483446221182985,Transit,1,1,71.110002,16.5185817
CONFIRMED,-0.5019045645265684,-0.6918082010311242,0.0,-0.1075083535203745,78.0,805.0,88.7,-0.2197800268643732,-0.2132005859978778,-1.1993005763004625,0.1623919155818739,-0.388,0.5914139450798124,4.191606726690476,2.663118206456537,Transit,1,1,71.110002,16.5185817
CONFIRMED,-0.5018953087908794,-0.5299159473347727,0.0,-0.1075083535203745,28.5068,643.0,88.7,-1.1160158506469229,-0.1739661991807818,0.0390058998294608,0.3740357209728605,,0.4027474830222098,3.244452185404544,2.4979322556719405,Transit,1,1,71.110002,16.5185817
CONFIRMED,-0.5351893513002978,-0.0580488377851764,0.0,-0.1075083535203745,78.0,805.0,88.7,-0.1363248691842168,-0.1267712121399272,0.2607921343601931,0.6938530268970208,-0.033,0.1635598817348248,1.779251525226302,2.1495851253236533,Transit,1,1,70.4438684,16.6743415
CONFIRMED,-0.5351893513002978,-0.0580488377851764,0.0,-0.1075083535203745,78.0,805.0,88.7,-0.1363248691842168,-0.1267712121399272,0.2607921343601931,0.6938530268970208,-0.033,0.1635598817348248,1.779251525226302,2.1495851253236533,Transit,1,1,70.4438684,16.6743415
CONFIRMED,-0.1153307372854882,0.5007798604140129,0.0,-0.1075083535203745,78.0,805.0,88.7,-0.1363248691842168,-0.1267712121399272,0.2607921343601931,0.6938530268970208,-0.033,0.0732104878568441,1.0411221561639854,1.880055775815369,Transit,1,1,70.4438684,16.6743415
CONFIRMED,-0.1153307372854882,0.5007798604140129,0.0,-0.1075083535203745,78.0,805.0,88.7,-0.1363248691842168,-0.1267712121399272,0.2607921343601931,0.6938530268970208,-0.033,0.0732104878568441,1.0411221561639854,1.880055775815369,Transit,1,1,70.4438684,16.6743415
CONFIRMED,-1.005318108621618,-0.7709405856132149,0.0,-0.1075083535203745,78.0,805.0,88.7,0.1406494947107951,-0.0488710528074323,0.266952863097158,0.0354056323472853,0.237,0.7276897317127095,4.813012460488176,2.75676380473751,Transit,1,1,74.6928607,17.2690562
CONFIRMED,-1.005318108621618,-0.7709405856132149,0.0,-0.1075083535203745,78.0,805.0,88.7,0.1406494947107951,-0.0488710528074323,0.266952863097158,0.0354056323472853,0.237,0.7276897317127095,4.813012460488176,2.75676380473751,Transit,1,1,74.6928607,17.2690562
CONFIRMED,1.8507136651803235,0.3110021947348397,0.0,-0.1075083535203745,78.0,805.0,88.7,0.1406494947107951,-0.0488710528074323,0.266952863097158,0.0354056323472853,0.237,0.0939635813297774,1.2295868096484857,1.9599054041820156,Transit,1,1,74.6928607,17.2690562
CONFIRMED,-0.6753375835542166,-0.184100423845144,0.0,-0.1075083535203745,78.0,805.0,88.7,0.3232832455760651,-0.0227147949293683,0.2145866688329575,-0.2138637384465474,0.11,0.2028909546098322,2.054130093878881,2.2281903951200523,Transit,1,1,79.9516586,21.2591617
CONFIRMED,-0.6753375835542166,-0.184100423845144,0.0,-0.1075083535203745,78.0,805.0,88.7,0.3232832455760651,-0.0227147949293683,0.2145866688329575,-0.2138637384465474,0.11,0.2028909546098322,2.054130093878881,2.2281903951200523,Transit,1,1,79.9516586,21.2591617
CONFIRMED,-0.3542103461356758,-0.2842414061038958,0.0,-0.1075083535203745,78.0,805.0,88.7,0.9993909722892164,0.1325169094339245,0.2392295837808163,-1.192128438920439,-0.257,0.2436246654193461,2.320600200035737,2.2971819376969838,Transit,1,1,161.7349738,1.9367044
CONFIRMED,-0.3542103461356758,-0.2842414061038958,0.0,-0.1075083535203745,78.0,805.0,88.7,0.9993909722892164,0.1325169094339245,0.2392295837808163,-1.192128438920439,-0.257,0.2436246654193461,2.320600200035737,2.2971819376969838,Transit,1,1,161.7349738,1.9367044
CONFIRMED,1.0568981692134112,1.69336792185915,0.0,-0.1075083535203745,78.0,805.0,88.7,0.9993909722892164,0.1325169094339245,0.2392295837808163,-1.192128438920439,-0.257,0.0216218645977648,0.461723079736036,1.5342308367694582,Transit,1,1,161.7349738,1.9367044
CONFIRMED,1.0568981692134112,1.69336792185915,0.0,-0.1075083535203745,78.0,805.0,88.7,0.9993909722892164,0.1325169094339245,0.2392295837808163,-1.192128438920439,-0.257,0.0216218645977648,0.461723079736036,1.5342308367694582,Transit,1,1,161.7349738,1.9367044
REFUTED,-0.9955140872859364,2.359340468209312,0.0,-0.1075083535203745,78.0,805.0,88.7,0.6897602423454477,0.3042384285464314,-0.2597894439133315,-2.466694466941717,0.252,0.0129432065930818,0.3279548644465525,1.408473988058422,Transit,1,3,158.0734448,2.2378452
REFUTED,-0.9955094175077108,3.2285774576432797,0.0,-0.1075083535203745,9667.9228,2529.02,88.7,0.690002141353216,0.3718978443053627,0.0390058998294608,-2.2597538572260856,,0.0073937331857766,0.2257851307680711,1.282977812785942,Transit,1,3,158.0734448,2.2378452
REFUTED,-0.9955140872859364,2.359340468209312,0.0,-0.1075083535203745,78.0,805.0,88.7,0.6897602423454477,0.3042384285464314,-0.2597894439133315,-2.466694466941717,0.252,0.0129432065930818,0.3279548644465525,1.408473988058422,Transit,1,3,158.0734448,2.2378452
CONFIRMED,0.0568427958389986,-0.0769565756941716,0.0,-0.1075083535203745,78.0,805.0,88.7,-1.2611552553080645,-0.2194553433165453,0.0390058998294608,0.0495152193733475,,0.1687692291446467,1.8168329573498467,2.160847218196859,Transit,1,1,174.7455392,-3.9055746
CONFIRMED,0.057012427403286,-0.2730368206763432,0.0,-0.1075083535203745,78.0,805.0,88.7,0.2011242466529375,-0.2467488297980034,0.0390058998294608,0.0495152193733475,,0.2385537180235669,2.288285883183005,2.289142781149547,Transit,1,1,174.7455392,-3.9055746
CONFIRMED,0.0568063648990174,-0.2170138935385798,0.0,-0.1075083535203745,78.0,563.0,88.7,-1.1160158506469229,-0.2308276293504862,-0.7310851922911381,0.0495152193733475,-0.12,0.21520264197071,2.1364097633926185,2.250175801852048,Transit,1,1,174.7455392,-3.9055746
CONFIRMED,0.0571353465332492,-0.0559479780175102,0.0,-0.1075083535203745,78.0,805.0,88.7,-1.209146968637822,-0.182866150230944,-0.7002815486063141,0.438422469768476,,0.1629943659338937,1.7751479289940826,2.1483446221182985,Transit,1,1,174.7455392,-3.9055746
CONFIRMED,0.0569327347220772,-0.6932087742095683,0.0,-0.1075083535203745,8.9,805.0,88.7,-1.3010685915898783,-0.3246489891304983,-1.1715772969841207,1.7332592711505346,,0.5935161253851388,4.201533559749309,2.664693550105965,Transit,1,1,174.7455392,-3.9055746
CONFIRMED,0.0568208234283225,-0.406091272628531,0.0,-0.0395686751612028,15.6,805.0,89.54,-1.3364705113768085,-0.2482505401687853,-0.7156032809751456,0.0495152193733475,,0.3093390536285623,2.7210884353741496,2.390457218668787,Transit,1,1,174.7455392,-3.9055746
CONFIRMED,-0.6420115842796336,-1.0622598067295843,0.0,-0.1075083535203745,78.0,805.0,88.7,-1.8646932796906448,-0.3547855471204416,-1.5196584706226313,1.723852879799825,-0.051,1.8211826010645096,8.872005790462445,3.212186597056252,Transit,1,1,154.5110307,3.6969271
CONFIRMED,-0.6420115842796336,-1.0622598067295843,0.0,-0.1075083535203745,78.0,805.0,88.7,-1.8646932796906448,-0.3547855471204416,-1.5196584706226313,1.723852879799825,-0.051,1.8211826010645096,8.872005790462445,3.212186597056252,Transit,1,1,154.5110307,3.6969271
CONFIRMED,-0.3655865902249193,-0.2926448451745603,0.0,-0.1075083535203745,78.0,805.0,88.7,-1.0966639300254373,-0.1881815567232079,0.0082022561446368,1.1218438333543508,-0.098,0.2475225867367251,2.3452872625103485,2.3032671985243938,Transit,1,1,154.987604,3.9548275
CONFIRMED,-0.3655865902249193,-0.2926448451745603,0.0,-0.1075083535203745,78.0,805.0,88.7,-1.0966639300254373,-0.1881815567232079,0.0082022561446368,1.1218438333543508,-0.098,0.2475225867367251,2.3452872625103485,2.3032671985243938,Transit,1,1,154.987604,3.9548275
CONFIRMED,0.8846368602929071,-0.001325624058191,0.0,-0.1075083535203745,78.0,805.0,88.7,0.7212071133553617,0.1558300958035032,0.236149219412334,-1.333224309181098,-0.378,0.1491629345059596,1.6732471759770788,2.1168268557599643,Transit,1,1,161.451913,6.419318
CONFIRMED,0.8846368602929071,-0.001325624058191,0.0,-0.1075083535203745,78.0,805.0,88.7,0.7212071133553617,0.1558300958035032,0.236149219412334,-1.333224309181098,-0.378,0.1491629345059596,1.6732471759770788,2.1168268557599643,Transit,1,1,161.451913,6.419318
CONFIRMED,2.7420727752534315,1.8579352703263297,0.0,-0.1075083535203745,78.0,805.0,88.7,0.4732606303925781,-0.0682039390651318,-0.256709079544849,-0.1950509557451243,-0.162,0.0188876482299593,0.4219277393192596,1.50004687719738,Transit,1,1,164.1893864,9.6739464
CONFIRMED,2.7420727752534315,1.8579352703263297,0.0,-0.1075083535203745,78.0,805.0,88.7,0.4732606303925781,-0.0682039390651318,-0.256709079544849,-0.1950509557451243,-0.162,0.0188876482299593,0.4219277393192596,1.50004687719738,Transit,1,1,164.1893864,9.6739464
CONFIRMED,0.4111057947174085,-0.1049680392630533,0.0,-0.1075083535203745,78.0,805.0,88.7,-1.6590791230873612,-0.2581211158319442,-0.9713536130327648,1.0089671371458242,0.005,0.176901319870848,1.874736365198644,2.177862025921883,Transit,1,1,160.3249517,12.1911149
CONFIRMED,0.4111057947174085,-0.1049680392630533,0.0,-0.1075083535203745,78.0,805.0,88.7,-1.6590791230873612,-0.2581211158319442,-0.9713536130327648,1.0089671371458242,0.005,0.176901319870848,1.874736365198644,2.177862025921883,Transit,1,1,160.3249517,12.1911149
CONFIRMED,-0.6909134839424702,1.0530818876016528,0.0,-0.1075083535203745,146.577,969.0,88.7,-0.3020256895056868,-0.1171047690110775,0.0390058998294608,0.2329398507122056,,0.039121658695616,0.6855897691981458,1.693602139110275,Transit,1,1,164.3759959,12.535614
CONFIRMED,-0.690918071963974,1.3229163161606898,0.0,-0.1075083535203745,78.0,805.0,88.7,-0.2330844722916445,-0.137006269570474,0.5133820125757499,0.9619351803922684,0.132,0.0300351055558931,0.5748293439458326,1.6206157078371508,Transit,1,1,164.3759959,12.535614
CONFIRMED,-0.690920121204348,0.7885976485842721,0.0,-0.1075083535203745,78.0,805.0,88.7,-0.2330844722916445,-0.137006269570474,0.5133820125757499,0.9619351803922684,0.132,0.0519620510079202,0.828406843855527,1.7756453609080096,Transit,1,1,164.3759959,12.535614
CONFIRMED,1.485140111751324,1.3460257736050176,0.0,-0.1075083535203745,78.0,805.0,88.7,0.8034527759966753,-0.0255578664378536,-0.2135839783860955,-0.5007586746432183,-0.038,0.0293936009422676,0.5666149347231263,1.6147947019964577,Transit,1,1,230.8872242,-25.3706149
CONFIRMED,1.485140111751324,1.3460257736050176,0.0,-0.1075083535203745,78.0,805.0,88.7,0.8034527759966753,-0.0255578664378536,-0.2135839783860955,-0.5007586746432183,-0.038,0.0293936009422676,0.5666149347231263,1.6147947019964577,Transit,1,1,230.8872242,-25.3706149
CONFIRMED,-0.5194153235218905,-0.9782254160229392,0.0,-0.1075083535203745,78.0,805.0,88.7,0.5361543724124062,-0.044890752695553,0.0420862641979432,-0.1433158033162158,0.014,1.3564777284461724,7.2900067979313405,3.0582803536866776,Transit,1,1,232.5552584,-23.0067371
CONFIRMED,-0.5194153235218905,-0.9782254160229392,0.0,-0.1075083535203745,78.0,805.0,88.7,0.5361543724124062,-0.044890752695553,0.0420862641979432,-0.1433158033162158,0.014,1.3564777284461724,7.2900067979313405,3.0582803536866776,Transit,1,1,232.5552584,-23.0067371
CONFIRMED,-0.031852881412646,-0.924303348652842,0.0,-0.1075083535203745,78.0,805.0,88.7,0.5361543724124062,-0.044890752695553,0.0420862641979432,-0.1433158033162158,0.014,1.1388746118612751,6.4878892733564,2.9704426289300225,Transit,1,1,232.5552584,-23.0067371
CONFIRMED,-0.031852881412646,-0.924303348652842,0.0,-0.1075083535203745,78.0,805.0,88.7,0.5361543724124062,-0.044890752695553,0.0420862641979432,-0.1433158033162158,0.014,1.1388746118612751,6.4878892733564,2.9704426289300225,Transit,1,1,232.5552584,-23.0067371
CONFIRMED,1.3063499229994453,-0.7023124998694548,0.0,-0.1075083535203745,78.0,805.0,88.7,0.260389503556237,-0.1262025978382302,-0.1673785128588598,0.3693325252975079,-0.171,0.6074261001342763,4.2669260957732895,2.6750018808613585,Transit,1,1,227.9168555,-17.6842698
CONFIRMED,1.3063499229994453,-0.7023124998694548,0.0,-0.1075083535203745,78.0,805.0,88.7,0.260389503556237,-0.1262025978382302,-0.1673785128588598,0.3693325252975079,-0.171,0.6074261001342763,4.2669260957732895,2.6750018808613585,Transit,1,1,227.9168555,-17.6842698
CONFIRMED,-0.8648060223546371,-0.138581795545711,0.0,-0.1075083535203745,78.0,805.0,88.7,0.7526539843652758,0.1262621521152569,0.0574880860403552,-1.3003019394536128,-0.036,0.1873644986186249,1.947949490968332,2.1988202829206847,Transit,1,1,228.4551125,-16.3512966
CONFIRMED,-0.8648060223546371,-0.138581795545711,0.0,-0.1075083535203745,78.0,805.0,88.7,0.7526539843652758,0.1262621521152569,0.0574880860403552,-1.3003019394536128,-0.036,0.1873644986186249,1.947949490968332,2.1988202829206847,Transit,1,1,228.4551125,-16.3512966
CONFIRMED,-0.716120427009507,-1.1835494439828418,0.0,-0.1075083535203745,619.038,805.0,90.0008,0.7151596381611475,0.2098484544647223,0.4640961826800314,-1.4635028293884402,0.1415,2.954270707423792,12.248597035488393,3.481904844438804,Transit,1,1,58.003631,19.3909877
CONFIRMED,-0.405990665751093,-0.3948866872009784,0.0,-0.1075083535203745,243.518,805.0,89.998,0.568810738461163,-0.0164600376107009,0.079050636619732,-0.3220372389797171,0.014,0.3023748365816586,2.680093338717343,2.381402423935505,Transit,1,1,76.2621295,21.580162
CONFIRMED,-0.9898875562992204,-1.3445453308449893,0.0,-0.1075083535203745,921.755,805.0,89.9518,-1.2139849487931935,-0.1739661991807818,-0.1827803347012715,0.8255425058069662,-0.205,6.52864874403571,20.781091617234942,3.973858517856019,Transit,1,1,353.4175668,-7.6120272
CONFIRMED,-0.4752208363840513,-1.013449831460808,0.0,-0.1075083535203745,69.529,805.0,89.9985,-1.2139849487931935,-0.1739661991807818,-0.1827803347012715,0.8255425058069662,-0.205,1.529397756574983,7.89707848173849,3.120052666933531,Transit,1,1,353.4175668,-7.6120272
CONFIRMED,-0.5845705796712678,-1.02304375773315,0.0,-0.1075083535203745,72.113,805.0,90.0045,-0.9394295749758672,-0.1557705415264764,-0.1642981484903774,0.6609306571695355,-0.102,1.5815448776379064,8.07558206440142,3.1375363801086564,Transit,1,1,351.6361913,-4.6066569
CONFIRMED,-0.3227915065691067,-0.5260503653622668,0.0,-0.1075083535203745,56.13,805.0,89.9973,-0.9394295749758672,-0.1557705415264764,-0.1642981484903774,0.6609306571695355,-0.102,0.3992993427123875,3.225907313247205,2.494355114064532,Transit,1,1,351.6361913,-4.6066569
CONFIRMED,-0.6246012906450041,-1.105143676765728,0.0,-0.1075083535203745,4.644,374.41,88.7,-2.363005235693898,-0.4614820405337799,0.0390058998294608,2.792795192894567,,2.142046012722869,9.885652769307162,3.300248554378671,Transit,1,1,137.2015437,11.8622503
CONFIRMED,1.2357696445001227,-0.0559479780175102,0.0,-0.1075083535203745,78.0,805.0,88.7,-1.683269023864218,-0.2654607892382497,-1.0226786441404188,1.0483328849485447,,0.1629943659338937,1.7751479289940826,2.1483446221182985,Transit,1,1,135.0194934,13.2737056
CONFIRMED,-0.32057035769713,-0.3010482842452249,0.0,-0.1075083535203745,78.0,805.0,88.7,0.2011242466529375,-0.1978479998520576,0.0390058998294608,0.0495152193733475,,0.2515041076020075,2.3703703703703702,2.309401076758503,Transit,1,1,176.6657559,-5.1720463
CONFIRMED,-0.3206927201167917,0.0771064739346776,0.0,-0.1075083535203745,78.0,805.0,88.7,-0.7785667348097686,-0.1796523421977523,0.0390058998294608,0.0495152193733475,,0.1319107005901569,1.541604039002582,2.0739033894608503,Transit,1,1,176.6657559,-5.1720463
CONFIRMED,-0.3206329733752226,-0.3710769431674291,0.0,-0.1075083535203745,44.1,805.0,88.7,-0.6128659144882985,-0.2063772143775133,-0.5092989577604057,0.8396520928330325,,0.2882552706709212,2.5959978366684697,2.362497692874473,Transit,1,1,176.6657559,-5.1720463
CONFIRMED,-0.6868562498494489,1.2815994073965893,0.0,-0.1075083535203745,78.0,939.3,89.6,-1.5470798824905136,-0.2638072588489146,-0.9128266900315996,0.0495152193733475,,0.0312293547520872,0.5899676009459147,1.631181743481111,Transit,1,1,169.117028,-3.9754405
CONFIRMED,-0.6868577298563858,1.736785690390917,0.0,-0.1075083535203745,78.0,805.0,88.7,0.2011242466529375,-0.2251414863335157,0.0390058998294608,0.0495152193733475,,0.0208517990936719,0.4506940688660537,1.5249857033260468,Transit,1,1,169.117028,-3.9754405
CONFIRMED,-0.6868343912854603,1.4496681888098797,0.0,-0.3113273885978893,46.4,805.0,88.9,-1.487669486182553,-0.2379643074510857,-0.8269954172682061,0.0495152193733475,,0.0267307908502498,0.5318559556786704,1.5894388284780523,Transit,1,1,169.117028,-3.9754405
CONFIRMED,-0.686840766699957,1.1835592849055037,0.0,-0.1075083535203745,78.0,805.0,88.7,-1.6929449841749609,-0.2876890595201905,0.0390058998294608,0.0495152193733475,,0.0343279861128588,0.628374238750792,1.6571045299983225,Transit,1,1,169.117028,-3.9754405
CONFIRMED,-0.6868413060600234,1.0865181212339432,0.0,-0.1075083535203745,38.8531,636.76,88.7,-1.7219728651071893,-0.2518663585132768,0.0390058998294608,0.9513529901227228,,0.0378122248745107,0.6702049681886868,1.684019911647504,Transit,1,1,169.117028,-3.9754405
CONFIRMED,-0.686857274469636,1.0154905034922137,0.0,-0.1075083535203745,49.0,805.0,88.7,-1.4280655706683774,-0.2478860584013975,-0.8234961233456101,1.0230767241718906,,0.0406670324033673,0.703527604664388,1.7045729691814084,Transit,1,1,169.117028,-3.9754405
CONFIRMED,-0.8316349684216613,-0.0559479780175102,0.0,-0.1075083535203745,78.0,805.0,88.7,0.2011242466529375,-0.2251414863335157,0.0390058998294608,0.0495152193733475,,0.1629943659338937,1.7751479289940826,2.1483446221182985,Transit,1,1,169.117028,-3.9754405
CONFIRMED,-0.8316994056467532,-0.1819995640774778,0.0,-0.1075083535203745,78.0,1093.7,89.26,-1.5470798824905136,-0.2638072588489146,-0.9128266900315996,0.0495152193733475,,0.2021373364827768,2.049040366095212,2.2268088570756164,Transit,1,1,169.117028,-3.9754405
CONFIRMED,-0.4380043542595421,-0.1728958384175913,0.0,-0.1075083535203745,78.0,805.0,87.9933,0.9582681409685596,0.3264143863126162,0.8707042793197074,-1.784731094015204,0.0,0.1989144393125409,2.027202010173513,2.220851748936015,Transit,1,1,174.011661,-2.5209338
CONFIRMED,-0.4379975234582955,-0.3640740772752085,0.0,-0.1075083535203745,78.0,1211.0,88.7,1.051399258959459,0.047793378481065,0.0390058998294608,0.0495152193733475,-0.02,0.2842702315741729,2.572016460905349,2.3570226039551585,Transit,1,1,174.011661,-2.5209338
CONFIRMED,-0.438018015862035,0.0280864126891348,0.0,-0.1075083535203745,646.0,805.0,88.7,0.9582681409685596,0.3264143863126162,0.8707042793197074,-1.784731094015204,,0.1423593264826594,1.6219723183391,2.100420126042015,Transit,1,1,174.011661,-2.5209338
CONFIRMED,-0.4380942931426206,0.3152039142701717,0.0,-0.1075083535203745,78.0,805.0,88.7,0.2011242466529375,0.3474531154754067,0.0390058998294608,0.0495152193733475,,0.0934242508691497,1.2248772570915292,1.9580259994945128,Transit,1,1,174.011661,-2.5209338
CONFIRMED,-0.4380890561949982,-0.4200970044129719,0.0,-0.1075083535203745,78.0,805.0,88.7,0.8711844981718747,0.0136765203792424,0.0390058998294608,0.0495152193733475,,0.3183483709646362,2.773668639053254,2.401922307076307,Transit,1,1,174.011661,-2.5209338
CONFIRMED,-0.438083591554001,0.1815933227202874,0.0,-0.1075083535203745,78.0,805.0,87.35435,0.7284640835884187,0.3158643165589291,0.5613802501654425,-2.165689943718982,0.04,0.11282429569439,1.3890607578442833,2.0205780092762424,Transit,1,1,174.011661,-2.5209338
CONFIRMED,-0.8851635860774373,2.822229903685081,0.0,-0.1075083535203745,100.0,805.0,88.7,-1.2297083842981504,-0.3189628461135278,-1.1222914670884023,1.6156793792666513,,0.009482548578377,0.2665239282961791,1.3373015960759795,Transit,1,1,169.6327547,-1.7740582
CONFIRMED,1.09852063198858,-0.4481084679818536,0.0,-0.1075083535203745,78.0,889.0,88.7,1.6029289966717972,0.0648518075319763,0.0390058998294608,0.0495152193733475,-0.5,0.3374443294403778,2.883506343713956,2.425356250363329,Transit,1,1,174.2662454,-0.90721
CONFIRMED,1.0985957708022909,-0.4411056020896333,0.0,-0.1075083535203745,119.0,805.0,88.7,1.374334434330499,0.1615162388204736,0.2854350493080523,-1.328521113505741,,0.3325301694002254,2.8554431885782274,2.419433515636536,Transit,1,1,174.2662454,-0.90721
CONFIRMED,1.0984705394461056,-0.1960052958619187,0.0,-0.1075083535203745,78.0,805.0,88.7,0.2011242466529375,0.1387716667525919,0.0390058998294608,0.0495152193733475,,0.2072329988175721,2.083333333333333,2.23606797749979,Transit,1,1,174.2662454,-0.90721
CONFIRMED,1.098557632161998,-0.0209336485564082,0.0,-0.1075083535203745,78.0,805.0,88.7,1.3477255434759563,0.1785746678713849,0.0390058998294608,0.0495152193733475,,0.1539412522097633,1.708793164827341,2.127980706395726,Transit,1,1,174.2662454,-0.90721
CONFIRMED,1.098645863344765,-0.146000652680527,0.0,-0.1075083535203745,78.0,805.0,88.64866,1.202586138814815,0.1836285117848683,0.4551415634608531,-1.7424023329370049,-0.32,0.189784334997371,1.964685605163871,2.20352801973904,Transit,1,1,174.2662454,-0.90721
CONFIRMED,2.5197553547988067,-0.5531514563651599,0.0,-0.1075083535203745,10.7,805.0,88.7,-0.0794786023586029,-0.1398493410789592,-0.3614414680732506,0.2987845901671762,,0.4243334068978909,3.3593684387335183,2.519763153394848,Transit,1,1,168.5825696,2.7805614
CONFIRMED,2.521793210504003,-0.1399823687241553,0.0,-0.1075083535203745,78.0,805.0,88.7,0.2011242466529375,-0.1318887408552006,0.0390058998294608,0.0495152193733475,,0.1878181654887196,1.951092611862643,2.1997067253202998,Transit,1,1,168.5825696,2.7805614
CONFIRMED,2.5207920427346453,-0.1049680392630533,0.0,-0.1075083535203745,78.0,805.0,88.7,-0.3745953918362577,-0.1569077701298705,0.0390058998294608,0.0495152193733475,,0.176901319870848,1.874736365198644,2.177862025921883,Transit,1,1,168.5825696,2.7805614
CONFIRMED,1.2525620308976908,-0.3080511501374451,0.0,-0.1075083535203745,15.3,805.0,88.7,-0.2669503333792443,-0.1569077701298705,-0.2998341807036026,0.5762731350131376,,0.2548875258780268,2.391581632653061,2.3145502494313788,Transit,1,1,176.1233077,3.2723812
CONFIRMED,1.252697849995808,0.0701036080424571,0.0,-0.1075083535203745,78.0,805.0,88.7,-0.4737739850213711,-0.162593913146841,0.0390058998294608,0.0495152193733475,,0.1333393239907688,1.5527146628021329,2.0776300831933314,Transit,1,1,176.1233077,3.2723812
CONFIRMED,1.2530401869849437,-0.3150540160296657,0.0,-0.1075083535203745,78.0,805.0,88.7,0.2011242466529375,-0.1955735426452695,0.0390058998294608,0.0495152193733475,,0.2583319056239181,2.4130788875706326,2.319734019081177,Transit,1,1,176.1233077,3.2723812
CONFIRMED,-0.7666203129312738,0.3572211096234943,0.0,-0.1075083535203745,78.0,805.0,88.7,0.2011242466529375,-0.17624065638757,0.0390058998294608,0.0495152193733475,,0.0882511935244826,1.1792336946374349,1.939524551505708,Transit,1,1,177.3202331,3.4755183
CONFIRMED,-0.7666080516430362,0.4762698297912414,0.0,-0.1075083535203745,78.0,805.0,88.7,-0.9563625055196672,-0.1910246282316931,0.0390058998294608,0.0495152193733475,,0.0755222298897857,1.0629251700680271,1.889822365046136,Transit,1,1,177.3202331,3.4755183
CONFIRMED,-0.7666057405552813,-0.5251399927962783,0.0,-0.1075083535203745,59.0,805.0,88.7,-1.1426247415014654,-0.3161197746050427,-1.1007289165090255,1.5498346398116765,,0.3984930117613641,3.221562994979731,2.493514904770148,Transit,1,1,177.3202331,3.4755183
CONFIRMED,-0.4290138813523151,-0.8262632261617562,0.0,-0.1075083535203745,19.7,805.0,88.7,-1.328886977483264,-0.3092964029846781,-1.0699252728242017,1.6109761835912986,,0.8488263631567753,5.333333333333333,2.8284271247461903,Transit,1,1,169.3034598,-1.8778254
CONFIRMED,-0.4290172967529383,-0.5391457245807192,0.0,-0.1075083535203745,24.1,565.0,87.35,-1.438951026017963,-0.2478860584013975,-0.792692479660786,1.0795150722761515,-0.33,0.411142653997773,3.289383514706285,2.506535958866141,Transit,1,1,169.3034598,-1.8778254
CONFIRMED,-0.4291345588410027,-0.5321428586884988,0.0,-0.1075083535203745,78.0,634.0,88.7,-1.2309178793369933,-0.2763167734862496,-1.0391216291393774,0.0495152193733475,-0.51,0.4047519508155705,3.255208333333333,2.5,Transit,1,1,169.3034598,-1.8778254
CONFIRMED,-0.4291418222596615,-0.1960052958619187,0.0,-0.1075083535203745,78.0,805.0,88.7,-1.2478508098807932,-0.2194553433165453,0.0390058998294608,0.0495152193733475,,0.2072329988175721,2.083333333333333,2.23606797749979,Transit,1,1,169.3034598,-1.8778254
CONFIRMED,-0.4289546810748457,1.0645105647377566,0.0,-0.1075083535203745,78.0,805.0,88.7,0.2011242466529375,-0.2694934018658851,0.0390058998294608,0.0495152193733475,,0.0386673817035702,0.6802721088435374,1.6903085094570331,Transit,1,1,169.3034598,-1.8778254
CONFIRMED,0.1627714461686089,-0.5321428586884988,0.0,-0.1075083535203745,78.0,511.0,88.7,-1.2309178793369933,-0.2763167734862496,-1.0391216291393774,0.0495152193733475,-0.51,0.4047519508155705,3.255208333333333,2.5,Transit,1,1,169.3034598,-1.8778254
CONFIRMED,0.1628317849129527,-0.4621141997662945,0.0,-0.1075083535203745,78.0,805.0,88.7,0.2011242466529375,-0.2694934018658851,0.0390058998294608,0.0495152193733475,,0.3475669944577018,2.9408881482207625,2.4373333911071624,Transit,1,1,169.3034598,-1.8778254
CONFIRMED,0.1625835991343311,-0.2940454183530046,0.0,-0.1075083535203745,10.2,456.0,86.95,-1.438951026017963,-0.2478860584013975,-0.792692479660786,1.0795150722761515,-0.33,0.2481803080585548,2.3494400501213883,2.3042861179277057,Transit,1,1,169.3034598,-1.8778254
CONFIRMED,0.1625824606674565,-0.7282231036706704,0.0,-0.1075083535203745,8.3,805.0,88.7,-1.328886977483264,-0.3092964029846781,-1.0699252728242017,1.6109761835912986,,0.6494729871098153,4.461629982153481,2.705008904002297,Transit,1,1,169.3034598,-1.8778254
CONFIRMED,-0.0856511335629575,-0.2730368206763432,0.0,-0.1075083535203745,78.0,805.0,88.7,0.2011242466529375,-0.2114947430927867,0.0390058998294608,0.0495152193733475,,0.2385537180235669,2.288285883183005,2.289142781149547,Transit,1,1,169.483654,5.988289
CONFIRMED,-0.0855364444100292,-0.1539881005085961,0.0,-0.1075083535203745,78.0,805.0,88.7,-1.0494936235105663,-0.202396914265634,0.0390058998294608,0.0495152193733475,,0.1924364406251304,1.98294665873488,2.208630521496931,Transit,1,1,169.483654,5.988289
CONFIRMED,-0.0855463946105115,-0.7632374331317724,0.0,-0.1075083535203745,18.8,805.0,88.7,-0.9599909906361956,-0.2615328016421265,-0.7896121152923037,1.2300173338875202,,0.7126909824526078,4.746647680075946,2.74721127897378,Transit,1,1,169.483654,5.988289
REFUTED,0.3989142944993989,4.201794484452504,0.0,-0.1075083535203745,78.0,805.0,88.7,-0.5814190434783845,-0.1682800561638114,0.0390058998294608,0.0495152193733475,,0.0043805986119817,0.1592728662745015,1.1757927025044308,Transit,1,3,246.8110909,-27.9571047
CONFIRMED,-0.6795417709513868,-0.4901256633351761,0.0,-0.1075083535203745,78.0,805.0,88.7,-2.2493127020426704,-0.4412149209783921,0.0390058998294608,0.0495152193733475,,0.3690600752518189,3.0609121518212428,2.461829819586655,Transit,1,1,246.6114157,-24.9699462
CONFIRMED,0.3077734180948934,-0.0559479780175102,0.0,-0.1075083535203745,78.0,665.0,89.32,0.173305860759552,-0.1131244688991982,-0.0503246668565287,0.3505197425960847,-0.037,0.1629943659338937,1.7751479289940826,2.1483446221182985,Transit,1,1,244.1419684,-20.4005984
CONFIRMED,0.3077633995863986,-0.1469852346163755,0.0,-0.1075083535203745,78.0,805.0,88.7,-0.5269917667304563,-0.162593913146841,0.0390058998294608,0.0495152193733475,,0.190108605842127,1.9669229130128336,2.204155075111935,Transit,1,1,244.1419684,-20.4005984
CONFIRMED,0.3077745565617678,-0.2380224912152412,0.0,-0.1075083535203745,78.0,805.0,88.7,0.2011242466529375,-0.1665742132587203,0.0390058998294608,0.0495152193733475,,0.2235862358489626,2.191540653079115,2.264554068289192,Transit,1,1,244.1419684,-20.4005984
CONFIRMED,0.3075092937800298,-0.1259766369397144,0.0,-0.1075083535203745,52.5,805.0,88.7,0.1805628309926091,-0.0886740539262253,-0.115012318594659,0.0495152193733475,,0.1833464944418634,1.92,2.1908902300206643,Transit,1,1,244.1419684,-20.4005984
CONFIRMED,0.307932404993905,-0.0559479780175102,0.0,-0.1075083535203745,78.0,805.0,88.7,-0.6830166267411837,-0.1030793286454182,-0.4600131278646873,-0.0885706056550811,,0.1629943659338937,1.7751479289940826,2.1483446221182985,Transit,1,1,244.1419684,-20.4005984
CONFIRMED,0.0318750788162818,-1.0713635323894708,0.0,-0.1075083535203745,6.1,805.0,88.7,-1.5986043711452187,-0.3536483185170475,-1.3748813453039588,1.9307934895154548,,1.8836452539847897,9.073724007561438,3.230291412348993,Transit,1,1,338.0541631,-17.5440636
CONFIRMED,0.0317612321288408,-0.0477598770730314,0.0,4.3085707398257815,78.0,560.0,89.08,-1.3663813236873923,-0.2063772143775133,-0.777290657818374,0.609195504740627,-0.02,0.1608149837066189,1.759288898708362,2.1435301775552147,Transit,1,1,338.0541631,-17.5440636
CONFIRMED,-0.7576322000658774,-0.0559479780175102,0.0,-0.1075083535203745,78.0,805.0,88.7,-1.0168372574618094,-0.1525999481802137,-0.6109509819203245,0.2229690758804497,,0.1629943659338937,1.7751479289940826,2.1483446221182985,Transit,1,1,333.7518786,-17.2508002
CONFIRMED,-0.7576516985880356,-0.0559479780175102,0.0,-0.1075083535203745,78.0,805.0,87.5,-1.0168372574618094,-0.1525999481802137,-0.6109509819203245,0.2229690758804497,,0.1629943659338937,1.7751479289940826,2.1483446221182985,Transit,1,1,333.7518786,-17.2508002
CONFIRMED,-0.7576537933670845,-0.0559479780175102,0.0,-0.3113273885978893,78.0,805.0,88.2,-0.8027566355866255,-0.2137692002995748,-0.5277811439713002,0.9054968322880074,,0.1629943659338937,1.7751479289940826,2.1483446221182985,Transit,1,1,333.7518786,-17.2508002
CONFIRMED,-0.7576546586019091,1.190562150797724,0.0,-0.3113273885978893,141.3,805.0,88.21,-0.991462051546887,-0.1652180681491728,-0.5532711591204917,0.0495152193733475,,0.0340933993227149,0.6255082254331644,1.655211777204736,Transit,1,1,333.7518786,-17.2508002
CONFIRMED,-0.7576537478284093,1.4515729683325636,0.0,-0.1075083535203745,115.305,912.0,88.7,-1.0168372574618094,-0.1512216271129001,0.0390058998294608,0.2329398507122056,,0.0266849227064558,0.5312473634458976,1.588983942397338,Transit,1,1,333.7518786,-17.2508002
CONFIRMED,-0.7576514708946607,0.9734733081388912,0.0,-0.1075083535203745,78.0,805.0,88.7,0.2011242466529375,-0.1955735426452695,0.0390058998294608,0.0495152193733475,,0.0424922187998461,0.7244233288459332,1.7170914210964274,Transit,1,1,333.7518786,-17.2508002
CONFIRMED,-0.757653770597747,1.2255764802588258,0.0,-0.1075083535203745,78.0,805.0,88.7,-1.067636049093209,-0.202396914265634,0.0390058998294608,0.0495152193733475,,0.0329519756538865,0.6114680839138035,1.6458443461452086,Transit,1,1,333.7518786,-17.2508002
CONFIRMED,-0.7576564801489081,0.7984016608333805,0.0,-0.1075083535203745,115.0,805.0,88.7,-0.8027566355866255,-0.2137692002995748,-0.5277811439713002,0.9054968322880074,,0.0513928317497216,0.8223458786765714,1.7723885738021736,Transit,1,1,333.7518786,-17.2508002
CONFIRMED,-0.0565837973254851,-0.2596963471459316,0.0,4.580329453262468,78.0,635.8,88.95,-0.854764922256868,-0.1904560139299961,-0.518540050865853,0.6985562225723735,0.08,0.2326979803065104,2.250684210168144,2.279680332963909,Transit,1,1,342.6918241,-14.0700007
CONFIRMED,-0.0566001912484766,-0.1049680392630533,0.0,-0.1075083535203745,78.0,805.0,88.7,-0.8850022982279391,-0.1853384852147226,0.0390058998294608,0.0495152193733475,,0.176901319870848,1.874736365198644,2.177862025921883,Transit,1,1,342.6918241,-14.0700007
CONFIRMED,-0.0566976440129263,-0.406091272628531,0.0,-0.1075083535203745,24.1,805.0,88.7,-0.8293655264411681,-0.2188867290148482,-0.5678258807615709,0.9384192020154928,,0.3093390536285623,2.7210884353741496,2.390457218668787,Transit,1,1,342.6918241,-14.0700007
CONFIRMED,-0.056572412656741,-0.3500683454907677,0.0,-0.1075083535203745,78.0,805.0,88.7,0.2011242466529375,-0.2313962436521832,0.0390058998294608,0.0495152193733475,,0.2765178401076458,2.52503997979968,2.346185661017325,Transit,1,1,342.6918241,-14.0700007
CONFIRMED,-0.2791281939208617,-0.0419422462330693,0.0,-0.1075083535203745,78.0,805.0,88.7,-0.1472103245338024,-0.1398493410789592,0.0390058998294608,0.0495152193733475,,0.1592900918854105,1.7481498747159254,2.140129125019265,Transit,1,1,333.8218395,-14.049857
CONFIRMED,-0.2791267480679313,7.494912025317552e-05,0.0,-0.1075083535203745,118.0,805.0,88.7,0.3547301165859791,-0.0829879109092549,0.0698095435142848,0.1953142853093634,,0.1488292367897499,1.67075072399198,2.1160368475757947,Transit,1,1,333.8218395,-14.049857
CONFIRMED,-0.2791483789385451,0.0280864126891348,0.0,-0.1075083535203745,78.0,805.0,88.7,0.2011242466529375,-0.0960660398482869,0.0390058998294608,0.0495152193733475,,0.1423593264826594,1.6219723183391,2.100420126042015,Transit,1,1,333.8218395,-14.049857
CONFIRMED,-0.2791341481026149,-0.0599725040371717,0.0,-0.1075083535203745,78.0,805.0,88.85456,0.0172810007488247,-0.1152010483289958,-0.0291502421875805,0.2799718074657572,0.11,0.1640799967666827,1.7830215030501433,2.150722887041236,Transit,1,1,333.8218395,-14.049857
CONFIRMED,-0.2791422562636945,-0.0559479780175102,0.0,-0.1075083535203745,78.0,805.0,88.7,-0.1206014336792597,-0.0963935616860644,-0.1026908611207294,0.1594759342631554,,0.1629943659338937,1.7751479289940826,2.1483446221182985,Transit,1,1,333.8218395,-14.049857
CONFIRMED,-0.7931764189371694,-0.7422288354551111,0.0,-0.1075083535203745,462.0,805.0,88.7,0.3547301165859791,-0.0829879109092549,0.0698095435142848,0.1953142853093634,,0.6738257341017433,4.572473708276177,2.721655269759087,Transit,1,1,333.8218395,-14.049857
CONFIRMED,-0.7931979359610957,-0.7386427308574982,0.0,-0.1075083535203745,78.0,805.0,86.09968,0.0172810007488247,-0.1152010483289958,-0.0291502421875805,0.2799718074657572,0.11,0.6674759188312464,4.543702514213055,2.7173637895333798,Transit,1,1,333.8218395,-14.049857
CONFIRMED,-0.793201214745694,-0.7282231036706704,0.0,-0.1075083535203745,78.0,805.0,88.7,-0.1472103245338024,-0.1398493410789592,0.0390058998294608,0.0495152193733475,,0.6494729871098153,4.461629982153481,2.705008904002297,Transit,1,1,333.8218395,-14.049857
CONFIRMED,-0.7931923574734111,-0.6792030424251274,0.0,-0.1075083535203745,78.0,805.0,88.7,0.2011242466529375,-0.0960660398482869,0.0390058998294608,0.0495152193733475,,0.572933617332172,4.103826818508259,2.649064714130088,Transit,1,1,333.8218395,-14.049857
CONFIRMED,1.5229074979963608,-0.6301829811795845,0.0,-0.1075083535203745,78.0,805.0,88.7,-0.1472103245338024,-0.1398493410789592,0.0390058998294608,0.0495152193733475,,0.5079636437300995,3.787400580734756,2.5964539344474926,Transit,1,1,333.8218395,-14.049857
CONFIRMED,1.5230048369141231,-0.588165785826262,0.0,-0.1075083535203745,78.0,805.0,88.7,0.2011242466529375,-0.0960660398482869,0.0390058998294608,0.0495152193733475,,0.4598743295861301,3.544423440453686,2.553769592276246,Transit,1,1,333.8218395,-14.049857
CONFIRMED,1.522958159772272,-0.6496397997974568,0.0,-0.1075083535203745,78.0,805.0,89.43128,0.0172810007488247,-0.1152010483289958,-0.0291502421875805,0.2799718074657572,0.11,0.532512456437022,3.9084629759336775,2.616958358316304,Transit,1,1,333.8218395,-14.049857
CONFIRMED,1.5230845295953317,-0.6792030424251274,0.0,-0.1075083535203745,24.6,805.0,88.7,0.3547301165859791,-0.0829879109092549,0.0698095435142848,0.1953142853093634,,0.572933617332172,4.103826818508259,2.649064714130088,Transit,1,1,333.8218395,-14.049857
CONFIRMED,1.2736919760867669,-0.1890024299696981,0.0,-0.1075083535203745,17.1,805.0,88.7,-0.0782691073197601,-0.1563391558281735,-0.287512723229673,0.5245379825842291,,0.2046640241264232,2.0660801294743547,2.231424009916805,Transit,1,1,338.94255,-14.027727
CONFIRMED,1.2736236680743025,-0.406091272628531,0.0,-0.1075083535203745,78.0,805.0,88.7,0.2011242466529375,-0.2080830572826044,0.0390058998294608,0.0495152193733475,,0.3093390536285623,2.7210884353741496,2.390457218668787,Transit,1,1,338.94255,-14.027727
CONFIRMED,1.2744152440920804,0.0070778150124734,0.0,-0.1075083535203745,78.0,805.0,88.7,-0.4169277181957573,-0.1569077701298705,0.0390058998294608,0.0495152193733475,,0.1471755938101408,1.6583518746285983,2.1121000314262885,Transit,1,1,338.94255,-14.027727
CONFIRMED,0.2039088082085911,-0.2660339547841229,0.0,-0.1075083535203745,38.3,805.0,88.7,-0.0782691073197601,-0.1563391558281735,-0.287512723229673,0.5245379825842291,,0.2354556567480987,2.2684310018903595,2.284160962880643,Transit,1,1,338.94255,-14.027727
CONFIRMED,0.2040511165678924,-0.4200970044129719,0.0,-0.1075083535203745,78.0,805.0,88.7,0.2011242466529375,-0.2080830572826044,0.0390058998294608,0.0495152193733475,,0.3183483709646362,2.773668639053254,2.401922307076307,Transit,1,1,338.94255,-14.027727
CONFIRMED,0.2038812573102303,-0.1469852346163755,0.0,-0.1075083535203745,78.0,805.0,88.7,-0.4169277181957573,-0.1569077701298705,0.0390058998294608,0.0495152193733475,,0.190108605842127,1.9669229130128336,2.204155075111935,Transit,1,1,338.94255,-14.027727
CONFIRMED,2.439800826208893,-0.1259766369397144,0.0,-0.1075083535203745,28.6,805.0,88.7,0.7828913603363469,0.0023042343453015,0.1930241182535807,-0.3878819784346918,,0.1833464944418634,1.92,2.1908902300206643,Transit,1,1,178.1921152,-1.1984418
CONFIRMED,2.440415598321075,-0.167993832293037,0.0,-0.1075083535203745,78.0,805.0,88.7,0.2011242466529375,-0.0802017008309394,0.0390058998294608,0.0495152193733475,,0.1972073774659357,2.015587207739855,2.2176638128637185,Transit,1,1,178.1921152,-1.1984418
CONFIRMED,2.440910603718069,0.266183853024629,0.0,-0.1075083535203745,78.0,805.0,88.7,0.7139501431223046,-0.0261264807395506,0.0390058998294608,0.0495152193733475,,0.0999835050193712,1.2815583749839805,1.9802950859533488,Transit,1,1,178.1921152,-1.1984418
CONFIRMED,2.4409043421502594,-0.2575237780315291,0.0,-0.1075083535203745,78.0,805.0,89.41992,0.6014671045099199,-0.0812706957181298,0.1940714421388644,0.891387245261941,-0.12,0.2317625480483052,2.2446484158767057,2.278150404784217,Transit,1,1,178.1921152,-1.1984418
CONFIRMED,2.440598891487855,-0.1259766369397144,0.0,-0.1075083535203745,78.0,615.0,88.7,0.8832794485603032,-0.0261264807395506,0.3162386929928763,0.0495152193733475,-0.14,0.1833464944418634,1.92,2.1908902300206643,Transit,1,1,178.1921152,-1.1984418
CONFIRMED,-0.7401990014033085,-0.0559479780175102,0.0,-0.1075083535203745,78.0,805.0,80.6,0.6171905400148768,0.2552181895971294,0.4086496240473483,-1.7307854396188784,0.18,0.1629943659338937,1.7751479289940826,2.1483446221182985,Transit,1,1,338.6062312,-13.7318044
CONFIRMED,-0.7402278376307705,-0.0559479780175102,0.0,-0.1075083535203745,78.0,805.0,88.7,0.6171905400148768,0.2552181895971294,0.4086496240473483,-1.7307854396188784,0.18,0.1629943659338937,1.7751479289940826,2.1483446221182985,Transit,1,1,338.6062312,-13.7318044
CONFIRMED,-0.7401947207678607,2.6401553904873505,0.0,-0.1075083535203745,78.0,805.0,88.7,0.3692440570520932,-0.0829879109092549,0.0390058998294608,0.0495152193733475,,0.01067612113596,0.2884442040742744,1.363988678940947,Transit,1,1,338.6062312,-13.7318044
CONFIRMED,-0.7890605196461097,-0.5231488609342774,0.0,-0.1075083535203745,78.0,805.0,85.99632,0.7756343901032898,0.0055743351943612,0.5016827887042538,-0.4725395005910856,0.17,0.3967369875369206,3.2120918030908028,2.491680186683254,Transit,1,1,339.6748444,-13.5600447
CONFIRMED,-0.7890466075809044,-0.5181371269040579,0.0,-0.1075083535203745,78.0,805.0,88.7,0.6776652919570192,-0.031812623756521,0.0390058998294608,0.0495152193733475,,0.3923624583577739,3.1884366032522053,2.487080016869035,Transit,1,1,339.6748444,-13.5600447
CONFIRMED,-0.7890665535205441,-0.5321428586884988,0.0,-0.1075083535203745,730.0,1325.0,88.7,0.7599109545983328,-0.0062249801801541,0.3162386929928763,-0.4725395005910856,0.03,0.4047519508155705,3.255208333333333,2.5,Transit,1,1,339.6748444,-13.5600447
CONFIRMED,-0.7891355696594047,-0.0559479780175102,0.0,-0.1075083535203745,78.0,805.0,88.7,0.7236261034330475,-0.0026711407945476,0.4702569114169962,-0.1641039282012886,,0.1629943659338937,1.7751479289940826,2.1483446221182985,Transit,1,1,339.6748444,-13.5600447
CONFIRMED,-0.7891052613942742,-0.1399823687241553,0.0,-0.1075083535203745,1686.0,805.0,88.7,1.4190857507676844,0.2013192399392667,1.0555261414286512,-1.0839549383872695,,0.1878181654887196,1.951092611862643,2.1997067253202998,Transit,1,1,339.6748444,-13.5600447
CONFIRMED,-0.7890699689211673,-0.4551113338740742,0.0,-0.1075083535203745,78.0,805.0,88.7,0.2011242466529375,0.0227743492063951,0.0390058998294608,0.0495152193733475,,0.3424557976124969,2.911985245941421,2.431322695419324,Transit,1,1,339.6748444,-13.5600447
CONFIRMED,-0.3224511049736577,-0.4621141997662945,0.0,-0.1075083535203745,46.7,666.0,88.7,-0.8039661306254683,-0.17624065638757,-0.6078706175518421,0.4210676777264163,-0.1,0.3475669944577018,2.9408881482207625,2.4373333911071624,Transit,1,1,334.3645089,-12.1874776
CONFIRMED,-0.3224763106302571,-0.3500683454907677,0.0,-0.1075083535203745,78.0,805.0,88.7,-0.7495388538775403,-0.1796523421977523,0.0390058998294608,0.0495152193733475,,0.2765178401076458,2.52503997979968,2.346185661017325,Transit,1,1,334.3645089,-12.1874776
CONFIRMED,-0.3226652073309932,-0.0559479780175102,0.0,-0.1075083535203745,78.0,805.0,88.7,-0.6830166267411837,-0.1764425144646725,-0.4600131278646873,0.6064676512489198,,0.1629943659338937,1.7751479289940826,2.1483446221182985,Transit,1,1,334.3645089,-12.1874776
CONFIRMED,-0.322475695858145,-0.5282123811577698,0.0,-0.1075083535203745,78.0,805.0,89.09984,-0.585047528594913,-0.203564279427018,-0.5642927028309219,1.0324831155226002,-0.29,0.4012230105566348,3.2362597839737584,2.496353909891651,Transit,1,1,334.3645089,-12.1874776
CONFIRMED,-0.3224545203742809,-0.6883067680850139,0.0,-0.1075083535203745,78.0,805.0,88.7,0.2011242466529375,-0.2439057582895182,0.0390058998294608,0.0495152193733475,,0.5862017488927314,4.16694301601252,2.6591920386036896,Transit,1,1,334.3645089,-12.1874776
CONFIRMED,-0.3224476895730345,-0.3780798090596494,0.0,-0.1075083535203745,66.0,805.0,88.7,-0.2899307391172583,-0.1569077701298705,-0.2998341807036026,0.5809763306884944,,0.2923151448208467,2.620316184819635,2.368011113891575,Transit,1,1,334.3645089,-12.1874776
CONFIRMED,0.7620569934581553,-0.6651973106406867,0.0,-0.1075083535203745,78.0,805.0,88.7,0.2011242466529375,-0.2439057582895182,0.0390058998294608,0.0495152193733475,,0.5532919191323351,4.00948912426075,2.633707687836883,Transit,1,1,334.3645089,-12.1874776
CONFIRMED,0.7618941926951145,-0.3780798090596494,0.0,-0.1075083535203745,20.5,805.0,88.7,-0.2899307391172583,-0.1569077701298705,-0.2998341807036026,0.5809763306884944,,0.2923151448208467,2.620316184819635,2.368011113891575,Transit,1,1,334.3645089,-12.1874776
CONFIRMED,0.7619612483940176,-0.3990884067363108,0.0,-0.1075083535203745,78.0,805.0,88.7,-0.7495388538775403,-0.1796523421977523,0.0390058998294608,0.0495152193733475,,0.3049616795837777,2.6953572471417986,2.384785900551493,Transit,1,1,334.3645089,-12.1874776
CONFIRMED,0.7619626145542666,-0.5526641479363179,0.0,-0.1075083535203745,78.0,805.0,89.60532,-0.585047528594913,-0.203564279427018,-0.5642927028309219,1.0324831155226002,-0.29,0.423865052000882,3.356896064872992,2.519299411716404,Transit,1,1,334.3645089,-12.1874776
CONFIRMED,0.7619363159694678,-0.4831227974429558,0.0,-0.1075083535203745,14.3,495.0,88.7,-0.8039661306254683,-0.17624065638757,-0.6078706175518421,0.4210676777264163,-0.1,0.3635242670835195,3.03022650943158,2.4556365272101743,Transit,1,1,334.3645089,-12.1874776
CONFIRMED,1.2251022098868876,0.1471351328568819,0.0,-0.1075083535203745,78.0,805.0,88.7,0.2011242466529375,0.1495753384848356,0.0390058998294608,0.0495152193733475,,0.1186858948245416,1.436764406556435,2.0377068324339733,Transit,1,1,333.4267738,-12.0663429
CONFIRMED,1.2241572823811262,0.3782297073001557,0.0,-0.1075083535203745,188.0,805.0,88.7,1.9972243793345648,0.3548451013974683,1.6407953714403063,-1.554274505922794,,0.0858074550831263,1.1573627560665096,1.9304683562633609,Transit,1,1,333.4267738,-12.0663429
CONFIRMED,1.2242949230262423,-0.4200970044129719,0.0,-0.1075083535203745,78.0,805.0,88.7,0.6849222621900763,-0.031812623756521,0.0390058998294608,0.0495152193733475,,0.3183483709646362,2.773668639053254,2.401922307076307,Transit,1,1,333.4267738,-12.0663429
CONFIRMED,1.816000671712645,0.854424587971144,0.0,-0.1075083535203745,139.0,805.0,88.7,1.9972243793345648,0.3548451013974683,1.6407953714403063,-1.554274505922794,,0.0482946269433759,0.7889546351084813,1.7541160386140584,Transit,1,1,333.4267738,-12.0663429
CONFIRMED,1.8162528421253272,0.2171637917790861,0.0,-0.1075083535203745,78.0,805.0,88.7,0.6849222621900763,-0.031812623756521,0.0390058998294608,0.0495152193733475,,0.1071714413964945,1.342266865023881,2.0033416898825336,Transit,1,1,333.4267738,-12.0663429
CONFIRMED,1.8161486724063187,0.6863558065578541,0.0,-0.1075083535203745,78.0,805.0,88.7,0.2011242466529375,0.1495753384848356,0.0390058998294608,0.0495152193733475,,0.0584318155454624,0.8958165367732687,1.8107149208503703,Transit,1,1,333.4267738,-12.0663429
CONFIRMED,-0.3384484988143577,-0.0559479780175102,0.0,-0.1075083535203745,78.0,805.0,88.7,0.3281212257314364,-0.074228407591612,0.2238277619384044,0.2177955606375585,,0.1629943659338937,1.7751479289940826,2.1483446221182985,Transit,1,1,332.4138478,-11.4286687
CONFIRMED,-0.3384889382962037,0.1191236692880002,0.0,-0.1075083535203745,78.0,805.0,88.7,0.2337806127016943,-0.1057324829771367,0.0390058998294608,0.0495152193733475,,0.1237536613437491,1.477377654662973,2.051956704170308,Transit,1,1,332.4138478,-11.4286687
CONFIRMED,-0.338454533827259,0.0771064739346776,0.0,-0.1075083535203745,78.0,805.0,88.7,0.2011242466529375,-0.0790076107973756,0.0390058998294608,0.0495152193733475,,0.1319107005901569,1.541604039002582,2.0739033894608503,Transit,1,1,332.4138478,-11.4286687
CONFIRMED,-0.3385661035809513,-0.4270998703051925,0.0,-0.1075083535203745,98.0,805.0,88.7,0.2325711176628515,-0.1591822273366587,-0.3891647473895921,0.4492868517785447,,0.3229844399836745,2.800532101099209,2.407717061715384,Transit,1,1,332.4138478,-11.4286687
CONFIRMED,0.3578767760043025,-0.9091596581637812,0.0,-0.1075083535203745,78.0,805.0,89.14842,-0.3878998372635289,-0.1917336902659093,-0.5095546280029896,0.3270037642193089,-0.34,1.086230760136689,6.286383712861962,2.947104483118824,Transit,1,1,333.2125206,-10.9261373
CONFIRMED,0.3577327599446895,-0.8472718238384175,0.0,-0.1075083535203745,78.0,805.0,88.7,0.2011242466529375,-0.1614566845434469,0.0390058998294608,0.0495152193733475,,0.9018631301124268,5.553241704845203,2.857142857142857,Transit,1,1,333.2125206,-10.9261373
CONFIRMED,0.3584780254069505,-0.0559479780175102,0.0,-0.1075083535203745,78.0,805.0,88.7,0.2011242466529375,-0.0812820680041638,0.0390058998294608,0.0495152193733475,,0.1629943659338937,1.7751479289940826,2.1483446221182985,Transit,1,1,333.2125206,-10.9261373
CONFIRMED,0.3578409142977587,-0.7702402990239928,0.0,-0.1075083535203745,45.0,805.0,88.7,0.1128311088174096,-0.0943601969431958,0.0082022561446368,0.2470494377382719,,0.7263089166511463,4.806921967633391,2.755891273047752,Transit,1,1,333.2125206,-10.9261373
CONFIRMED,0.3578806467916757,-0.72122023777845,0.0,-0.1075083535203745,78.0,805.0,88.7,-0.4943354006816995,-0.162593913146841,0.0390058998294608,0.0495152193733475,,0.6377358100351431,4.40771349862259,2.6967994498529686,Transit,1,1,333.2125206,-10.9261373
CONFIRMED,-0.5049549499005288,0.1751465964257636,0.0,-0.1075083535203745,78.0,805.0,88.7,1.6573562734197254,0.3321005293295866,0.0390058998294608,0.0495152193733475,,0.1138910968907792,1.397803119430628,2.0237497720646545,Transit,1,1,331.5266563,-10.7115362
CONFIRMED,-0.5048722061280966,-0.1329795028319347,0.0,-0.1075083535203745,897.0,805.0,88.7,1.0139049127553308,0.4003342455332317,0.9015079230045312,-2.0951420085886503,,0.1855643716884029,1.9354526539894517,2.195285199793807,Transit,1,1,331.5266563,-10.7115362
REFUTED,1.6952540097777458,-0.0559479780175102,0.0,-0.1075083535203745,78.0,805.0,88.7,1.1360639116784583,0.303357076378801,0.8090969919500594,-1.712207816701227,,0.1629943659338937,1.7751479289940826,2.1483446221182985,Transit,1,3,333.6063167,-10.6527924
REFUTED,1.6943668708505293,-0.0559479780175102,0.0,-0.1075083535203745,78.0,805.0,89.4,1.1360639116784583,0.303357076378801,0.8090969919500594,-1.712207816701227,,0.1629943659338937,1.7751479289940826,2.1483446221182985,Transit,1,3,333.6063167,-10.6527924
CONFIRMED,-0.165087659725014,-0.6651973106406867,0.0,-0.1075083535203745,78.0,805.0,88.7,0.2011242466529375,-0.1995538427571488,0.0390058998294608,0.0495152193733475,,0.5532919191323351,4.00948912426075,2.633707687836883,Transit,1,1,334.0195539,-10.5673649
CONFIRMED,-0.1650242471201094,-0.5963552453267238,0.0,-0.1075083535203745,78.0,805.0,88.71527,-0.2742073036123013,-0.1726617979726888,-0.3571381990504808,1.2206109425368108,-0.21,0.4687554140525216,3.5899110353005,2.5619239461282337,Transit,1,1,334.0195539,-10.5673649
CONFIRMED,-0.1650077279657616,-0.4691170656585151,0.0,-0.1075083535203745,78.0,805.0,88.7,-0.4834499453321139,-0.162593913146841,0.0390058998294608,0.0495152193733475,,0.3527804131312593,2.970223509319077,2.4433888871261047,Transit,1,1,334.0195539,-10.5673649
CONFIRMED,-0.1650819673906419,-0.7702402990239928,0.0,-0.1075083535203745,41.0,805.0,88.7,-0.4520030743221999,-0.1881815567232079,-0.4230487554428985,0.7126658095984398,,0.7263089166511463,4.806921967633391,2.755891273047752,Transit,1,1,334.0195539,-10.5673649
CONFIRMED,-0.2775955101218478,-0.2520282229996821,0.0,-0.1075083535203745,17.9,805.0,88.7,-1.2006805033659222,-0.2928065882354639,-0.9744339774012472,1.43695794360315,,0.2294186300411844,2.2294887039239004,2.27429413073671,Transit,1,1,335.7596816,-10.4886817
CONFIRMED,-0.2777082183424146,-0.1960052958619187,0.0,-0.1075083535203745,78.0,805.0,88.7,0.2011242466529375,-0.2928065882354639,0.0390058998294608,0.0495152193733475,,0.2072329988175721,2.083333333333333,2.23606797749979,Transit,1,1,335.7596816,-10.4886817
CONFIRMED,-0.2776071907919793,0.2731867189168492,0.0,-0.1075083535203745,78.0,805.0,88.7,-1.2829261660072355,-0.2251414863335157,0.0390058998294608,0.0495152193733475,,0.0990096465881205,1.2732230580695818,1.9770672189568104,Transit,1,1,335.7596816,-10.4886817
CONFIRMED,2.182826083316748,1.0084876375999932,0.0,-0.1075083535203745,125.0,805.0,88.7,0.7199976183165189,0.6391522522459898,0.5626678424714682,-3.120438665816098,,0.0409638708886991,0.7069469318503158,1.7066403719657228,Transit,1,1,167.0937488,-1.065855
CONFIRMED,2.184351628928459,1.1345392236599603,0.0,-0.1075083535203745,78.0,805.0,88.7,0.2011242466529375,0.3360808294414659,0.0390058998294608,0.0495152193733475,,0.0360319088338651,0.6489994591671174,1.6705381391691136,Transit,1,1,167.0937488,-1.065855
CONFIRMED,2.1828716219917244,0.949126479305738,0.0,4.3085707398257815,78.0,786.0,89.08,0.7018551927338762,0.2996895141328551,0.5811500286823627,-1.8270598550934027,0.049,0.0436000282779402,0.7369601457555504,1.7244726546644962,Transit,1,1,167.0937488,-1.065855
CONFIRMED,2.183078822962867,-0.0069279167719674,0.0,-0.1075083535203745,78.0,651.0,88.7,0.7889388355305611,-0.0261264807395506,0.3162386929928763,0.0495152193733475,-0.07,0.1505077462903998,1.6832891469932247,2.11999576001272,Transit,1,1,167.0937488,-1.065855
CONFIRMED,0.5093729045222921,0.0493714484968913,0.0,-0.1075083535203745,78.0,805.0,89.14508,0.0136525156322962,-0.1179156130052975,-0.0608071468024741,0.2329398507122056,0.06,0.1376916314321894,1.5863214083622708,2.08878195927009,Transit,1,1,338.4759328,-10.0849917
CONFIRMED,0.5093367012756858,0.0070778150124734,0.0,-0.1075083535203745,78.0,805.0,88.7,0.2011242466529375,-0.1267712121399272,0.0390058998294608,0.0495152193733475,,0.1471755938101408,1.6583518746285983,2.1121000314262885,Transit,1,1,338.4759328,-10.0849917
CONFIRMED,0.5103916422509224,-0.0559479780175102,0.0,-0.1075083535203745,78.0,805.0,88.7,-0.0673836519701745,-0.1213779054883308,-0.0657264886989407,0.4091215607110108,,0.1629943659338937,1.7751479289940826,2.1483446221182985,Transit,1,1,338.4759328,-10.0849917
CONFIRMED,0.5094004554206528,0.0631007421502368,0.0,-0.1075083535203745,78.0,805.0,88.7,-0.1133444634462027,-0.1341631980619888,0.0390058998294608,0.0495152193733475,,0.1347886518534765,1.5639458353425693,2.081376939407881,Transit,1,1,338.4759328,-10.0849917
CONFIRMED,0.5094232247581412,0.1471351328568819,0.0,-0.1075083535203745,62.0,805.0,88.7,0.6075145797041341,-0.0431849097904618,0.2238277619384044,-0.0116263244062704,,0.1186858948245416,1.436764406556435,2.0377068324339733,Transit,1,1,338.4759328,-10.0849917
CONFIRMED,-0.2866702978857938,0.4482583662223596,0.0,-0.1075083535203745,78.0,805.0,88.7,-1.486121332532834,-0.2478860584013975,0.0390058998294608,0.0495152193733475,,0.078284969306045,1.0886921178690667,1.9011727515734336,Transit,1,1,341.7248656,-9.8816109
CONFIRMED,-0.2867692761958551,-0.3710769431674291,0.0,-0.1075083535203745,13.4,805.0,88.7,-1.347029403065907,-0.3297665178457717,-1.2023809406689447,1.747368858176601,,0.2882552706709212,2.5959978366684697,2.362497692874473,Transit,1,1,341.7248656,-9.8816109
CONFIRMED,-0.4470676890467313,-1.3514781680782877,0.0,-0.1075083535203745,5.4,805.0,88.7,-1.962662377836916,-0.4400776923749981,-2.003275676474368,2.6691952105462318,,6.790610905254202,21.33333333333333,4.0,Transit,1,1,334.6227504,-9.6120084
CONFIRMED,-0.4470879537570958,-1.1203835936350135,0.0,0.7757074651488567,8.5,805.0,89.15,-2.12779473549013,-0.3837911312643094,-1.8358116675818217,0.0495152193733475,,2.2741618525933838,10.288065843621398,3.333333333333333,Transit,1,1,334.6227504,-9.6120084
CONFIRMED,-0.4470762617022957,-0.7982517625928746,0.0,-0.1075083535203745,78.0,805.0,88.7,-1.882835705273288,-0.3274920606389835,0.0390058998294608,0.0495152193733475,,0.7843871570220872,5.05987518974532,2.7914526311954124,Transit,1,1,334.6227504,-9.6120084
CONFIRMED,0.6471861412167931,-1.0643606664972505,0.0,0.7757074651488567,2.2,805.0,89.54,-2.12779473549013,-0.3837911312643094,-1.8358116675818217,0.0495152193733475,,1.8353490403294757,8.917954815695602,3.2163376045133845,Transit,1,1,334.6227504,-9.6120084
CONFIRMED,0.6469659617232819,-1.274446643263863,0.0,-0.1075083535203745,1.41,805.0,88.7,-1.962662377836916,-0.4400776923749981,-2.003275676474368,2.6691952105462318,,4.503988604233144,16.224986479177936,3.735436838188142,Transit,1,1,334.6227504,-9.6120084
CONFIRMED,-0.1985645058604566,-1.1694036548805566,0.0,0.7757074651488567,5.4,805.0,89.26,-2.12779473549013,-0.3837911312643094,-1.8358116675818217,0.0495152193733475,,2.7805359556616143,11.76355259288305,3.4469099377285564,Transit,1,1,334.6227504,-9.6120084
CONFIRMED,-0.1985961552395652,-1.3654838998627283,0.0,-0.1075083535203745,3.5,805.0,88.7,-1.962662377836916,-0.4400776923749981,-2.003275676474368,2.6691952105462318,,7.364174253706436,22.518296115593923,4.054424270396916,Transit,1,1,334.6227504,-9.6120084
CONFIRMED,1.6692864456072456,-1.3024581068327448,0.0,-0.1075083535203745,0.76,805.0,88.7,-1.962662377836916,-0.4400776923749981,-2.003275676474368,2.6691952105462318,,5.195783896878522,17.846519928613922,3.8254602783800298,Transit,1,1,334.6227504,-9.6120084
CONFIRMED,1.6683720290137185,-0.973323409898385,0.0,0.7757074651488567,1.2,805.0,89.68,-2.12779473549013,-0.3837911312643094,-1.8358116675818217,0.0495152193733475,,1.3345151419950052,7.211105101856859,3.049971406652093,Transit,1,1,334.6227504,-9.6120084
CONFIRMED,-0.2286755885283893,0.0210835467969142,0.0,-0.1075083535203745,78.0,805.0,88.7,0.2011242466529375,0.0415386211623974,0.0390058998294608,0.0495152193733475,,0.1439410823917703,1.633964679130186,2.104291871495683,Transit,1,1,335.025662,-9.0560881
CONFIRMED,-0.2286753608350144,-0.038166896187585,0.0,-0.1075083535203745,78.0,805.0,88.44303,0.8760224783272461,0.0256219696292938,0.5416967218508396,-0.6136353708517447,0.09,0.1583108154543027,1.7409777154623802,2.1379306552183004,Transit,1,1,335.025662,-9.0560881
CONFIRMED,-0.2286788559283188,1.4426653229176591,0.0,-0.1075083535203745,78.0,805.0,88.7,1.8315235590130952,0.4344511036350544,0.0390058998294608,0.0495152193733475,,0.0269003302463387,0.5341024408481546,1.59111456835146,Transit,1,1,335.025662,-9.0560881
CONFIRMED,-0.2287643843907259,-0.0559479780175102,0.0,-0.1075083535203745,78.0,805.0,88.7,0.901421874142946,0.0291485155284189,0.5965518505247742,-0.3057641819429856,0.03,0.1629943659338937,1.7751479289940826,2.1483446221182985,Transit,1,1,335.025662,-9.0560881
CONFIRMED,-0.2287541427427237,-0.0559479780175102,0.0,-0.1075083535203745,78.0,805.0,86.7,0.901421874142946,0.0291485155284189,0.5965518505247742,-0.3057641819429856,0.03,0.1629943659338937,1.7751479289940826,2.1483446221182985,Transit,1,1,335.025662,-9.0560881
CONFIRMED,-0.228705188667124,-0.1609909664008164,0.0,-0.1075083535203745,213.0,805.0,88.7,0.9703630913569882,0.0307349494301537,0.5626678424714682,-0.3361468260057834,,0.1948024361042841,1.9991670137442727,2.2131333406899523,Transit,1,1,335.025662,-9.0560881
CONFIRMED,1.1454387872767606,0.1955021418436457,0.0,-0.1075083535203745,78.0,805.0,88.91991,0.9788295566288882,0.0456076251053415,0.3691655135721409,-1.130986895140821,-0.21,0.1105676406659747,1.3704762590128778,2.013785412858772,Transit,1,1,339.9192984,-8.7145697
CONFIRMED,1.145385165486976,0.1821494623179838,0.0,-0.1075083535203745,78.0,805.0,88.7,0.8276426767735322,0.0023042343453015,0.0390058998294608,0.0495152193733475,,0.1127328912640533,1.3883104262113009,2.0203050891044216,Transit,1,1,339.9192984,-8.7145697
CONFIRMED,1.1458079920841324,0.6863558065578541,0.0,-0.1075083535203745,78.0,805.0,88.7,0.2011242466529375,0.023342963508092,0.0390058998294608,0.0495152193733475,,0.0584318155454624,0.8958165367732687,1.8107149208503703,Transit,1,1,339.9192984,-8.7145697
CONFIRMED,1.145557529371762,-0.2590310888919023,0.0,-0.1075083535203745,59.1,805.0,88.7,1.1372734067173011,-0.0147541947056097,0.2854350493080523,-0.1715349773683485,,0.2324110094880258,2.2488334176645863,2.279211529192759,Transit,1,1,339.9192984,-8.7145697
CONFIRMED,-0.1924142801115113,-0.0069279167719674,0.0,-0.1075083535203745,430.0,805.0,88.7,1.058656229192516,0.3150421002786753,0.9015079230045312,-1.7047767675341627,,0.1505077462903998,1.6832891469932247,2.11999576001272,Transit,1,1,338.844896,-7.469895
CONFIRMED,-0.1919874688802945,-0.0919253485989765,0.0,-0.1075083535203745,78.0,805.0,87.41339,1.091312595241273,0.1319608046468647,0.94312056525836,-1.0369229816337178,0.3,0.173051324428486,1.8474361600616065,2.169889765742817,Transit,1,1,338.844896,-7.469895
CONFIRMED,-0.192037447576081,0.2801895848090698,0.0,-0.1075083535203745,78.0,805.0,88.7,0.2011242466529375,0.2763763277632763,0.0390058998294608,0.0495152193733475,,0.0980483946277609,1.26496879743633,1.973855084879307,Transit,1,1,338.844896,-7.469895
CONFIRMED,-0.1920568128976148,-0.3640740772752085,0.0,-0.1075083535203745,78.0,805.0,88.7,0.8228046966181609,0.0023042343453015,0.0390058998294608,0.0495152193733475,,0.2842702315741729,2.572016460905349,2.3570226039551585,Transit,1,1,338.844896,-7.469895
CONFIRMED,1.0001070014969595,0.3362125119468332,0.0,-0.1075083535203745,78.0,805.0,88.7,0.2011242466529375,0.2763763277632763,0.0390058998294608,0.0495152193733475,,0.0907886145813932,1.2017304919083478,1.9487094073848927,Transit,1,1,338.844896,-7.469895
CONFIRMED,0.9997733168560696,-0.037571078351743,0.0,-0.1075083535203745,78.0,805.0,88.79606,1.091312595241273,0.1319608046468647,0.94312056525836,-1.0369229816337178,0.3,0.1581570020841456,1.7398498538745126,2.13758431593788,Transit,1,1,338.844896,-7.469895
CONFIRMED,0.9994531799709848,-0.2590310888919023,0.0,-0.1075083535203745,78.0,805.0,88.7,0.8228046966181609,0.0023042343453015,0.0390058998294608,0.0495152193733475,,0.2324110094880258,2.2488334176645863,2.279211529192759,Transit,1,1,338.844896,-7.469895
CONFIRMED,1.0026116286206643,0.0631007421502368,0.0,-0.1075083535203745,138.0,805.0,88.7,1.058656229192516,0.3150421002786753,0.9015079230045312,-1.7047767675341627,,0.1347886518534765,1.5639458353425693,2.081376939407881,Transit,1,1,338.844896,-7.469895
REFUTED,0.2829509694453516,4.432889058895777,0.0,-0.1075083535203745,78.0,805.0,88.7,0.7018551927338762,-0.0261264807395506,0.0390058998294608,0.0495152193733475,,0.0039166815644657,0.1478194779262405,1.1540595721692306,Transit,1,3,337.1055746,-6.0867177
REFUTED,0.2840109117055673,-0.0559479780175102,0.0,-0.1075083535203745,78.0,805.0,88.7,0.7732154000256042,0.3232415185091466,0.5010605551018202,-1.9932707902604565,0.02,0.1629943659338937,1.7751479289940826,2.1483446221182985,Transit,1,3,337.1055746,-6.0867177
REFUTED,0.2829525632989756,-0.0559479780175102,0.0,-0.1075083535203745,78.0,805.0,88.2,0.7732154000256042,0.3232415185091466,0.5010605551018202,-1.9932707902604565,0.02,0.1629943659338937,1.7751479289940826,2.1483446221182985,Transit,1,3,337.1055746,-6.0867177
CONFIRMED,-0.148406843081138,-0.1469852346163755,0.0,-0.1075083535203745,83.0,805.0,88.7,0.2144286920802088,-0.1000463399601662,0.0082022561446368,0.2987845901671762,,0.190108605842127,1.9669229130128336,2.204155075111935,Transit,1,1,55.228521,12.572448
CONFIRMED,-0.1484660433586074,-0.1049680392630533,0.0,-0.1075083535203745,78.0,805.0,88.7,0.2011242466529375,-0.1273398264416243,0.0390058998294608,0.0495152193733475,,0.176901319870848,1.874736365198644,2.177862025921883,Transit,1,1,55.228521,12.572448
CONFIRMED,-0.1484826194362988,-0.1262548608016123,0.0,5.667364307009214,78.0,806.0,88.33,0.0487278717587387,-0.1216536834246538,-0.0626461243304583,0.4163644820510594,0.13,0.1834339345070315,1.920610398302893,2.1910643389106554,Transit,1,1,55.228521,12.572448
CONFIRMED,-0.1485134035805829,-0.127369892123301,0.0,-0.1075083535203745,78.0,805.0,88.92736,-0.0601266817371174,-0.1262128328956608,-0.0487752435791819,0.891387245261941,0.12,0.1837849245011156,1.92305960065246,2.191762527830666,Transit,1,1,55.228521,12.572448
CONFIRMED,-0.148401150746766,-0.0559479780175102,0.0,-0.1075083535203745,78.0,805.0,88.7,-0.3073474676765949,-0.120814408715349,-0.2289858002285074,0.2718352789473915,0.237,0.1629943659338937,1.7751479289940826,2.1483446221182985,Transit,1,1,55.228521,12.572448
CONFIRMED,-0.1484822709982657,0.0839372023804012,0.0,-0.1075083535203745,58.2025,704.46,88.7,-0.3073474676765949,-0.120814408715349,0.0390058998294608,0.2799718074657572,,0.1305367894260226,1.5308810230025685,2.070287554554421,Transit,1,1,55.228521,12.572448
REFUTED,-0.8213079354038754,-0.8822861532995195,0.0,-0.1075083535203745,78.0,805.0,88.7,0.2011242466529375,-0.0812820680041638,0.0390058998294608,0.0495152193733475,,1.0005242139994708,5.951200158698671,2.907009498669056,Transit,1,3,57.2255456,13.4831393
REFUTED,-0.8208497024869248,-0.5068555099516907,0.0,-0.1075083535203745,304.4789,1065.39,88.7,-0.0698026420478602,-0.1697328657046473,0.0390058998294608,0.6562274614941787,,0.3827479003083854,3.1361346401493444,2.4768173794090136,Transit,1,3,57.2255456,13.4831393
CONFIRMED,0.1695894965860839,0.3270077559407194,0.0,-0.1075083535203745,78.0,805.0,88.63523,0.8699750031330319,0.0184682330996433,0.5994781966748326,-0.3314436303304265,0.2,0.0919310326077712,1.2117906031547498,1.95277500063312,Transit,1,1,55.2559307,13.5191871
CONFIRMED,1.4214947970883989,1.3470520576072542,0.0,-0.1075083535203745,56.4701,699.16,88.7,0.2108002069636803,0.186631932526432,0.0390058998294608,-1.5698420836082196,,0.029365537390326,0.5662542267572236,1.6145376454053777,Transit,1,1,55.2559307,13.5191871
CONFIRMED,0.1696805739360368,0.95946757635445,0.0,-0.1075083535203745,78.0,805.0,88.7,0.9752010715123596,0.1370658238475008,0.5934714861562922,-1.0886581340626262,,0.0431248469825115,0.7315957933241883,1.721325931647741,Transit,1,1,55.2559307,13.5191871
CONFIRMED,0.1697104017681465,1.309610870965471,0.0,-0.1075083535203745,78.0,805.0,88.7,0.2011242466529375,0.2072328286769159,0.0390058998294608,0.0495152193733475,,0.030412942914779,0.5796401400797005,1.6239958858823005,Transit,1,1,55.2559307,13.5191871
CONFIRMED,0.1697923713831041,0.7073644042345152,0.0,-0.1075083535203745,186.0,805.0,88.7,0.9752010715123596,0.1558300958035032,0.5934714861562922,-1.0886581340626262,,0.0570182046296682,0.8813096261043911,1.8033392693348649,Transit,1,1,55.2559307,13.5191871
CONFIRMED,0.0966766133077797,0.4482583662223596,0.0,-0.1075083535203745,52.0,805.0,88.7,0.0330044362537817,-0.1171047690110775,-0.0842086749098351,0.3834421123235741,,0.078284969306045,1.0886921178690667,1.9011727515734336,Transit,1,1,169.7935178,-0.2844389
CONFIRMED,0.0966496316428561,0.28719245070129,0.0,-0.1075083535203745,78.0,805.0,88.7,-0.3903188273412146,-0.1569077701298705,0.0390058998294608,0.0495152193733475,,0.0970995458102498,1.2567945455116725,1.9706585563285863,Transit,1,1,169.7935178,-0.2844389
CONFIRMED,0.0972439876285795,-0.0559479780175102,0.0,-0.1075083535203745,78.0,805.0,88.7,-0.4120897380403859,-0.1332642188510058,-0.2998341807036026,0.32606312508424,0.01,0.1629943659338937,1.7751479289940826,2.1483446221182985,Transit,1,1,169.7935178,-0.2844389
CONFIRMED,0.0964785200716321,0.2031580599946453,0.0,-0.1075083535203745,78.0,691.0,88.7,-0.2778357887288299,-0.1512216271129001,-0.2382268933339546,0.0495152193733475,-0.01,0.1093511334079463,1.3604054008094408,2.010075630518424,Transit,1,1,169.7935178,-0.2844389
CONFIRMED,0.09655024348472,0.6303328794200906,0.0,-0.1075083535203745,37.7,631.0,86.42,-0.3020256895056868,-0.1512216271129001,-0.2690305370187786,0.1859078939586498,-0.02,0.0624372198324745,0.9363003651571424,1.83083459309206,Transit,1,1,169.7935178,-0.2844389
CONFIRMED,0.0964603046016414,0.1261265351802205,0.0,-0.1075083535203745,78.0,805.0,88.7,0.2011242466529375,-0.1671428275604173,0.0390058998294608,0.0495152193733475,,0.1224600795897023,1.4670644041273413,2.048366225996757,Transit,1,1,169.7935178,-0.2844389
CONFIRMED,-0.5055260959620836,-0.1539881005085961,0.0,-0.1075083535203745,78.0,805.0,88.7,-0.3903188273412146,-0.1569077701298705,0.0390058998294608,0.0495152193733475,,0.1924364406251304,1.98294665873488,2.208630521496931,Transit,1,1,169.7935178,-0.2844389
CONFIRMED,-0.5054380241646791,-0.2590310888919023,0.0,-0.1075083535203745,78.0,877.0,88.7,0.2011242466529375,-0.0812820680041638,0.0390058998294608,0.0495152193733475,,0.2324110094880258,2.2488334176645863,2.279211529192759,Transit,1,1,169.7935178,-0.2844389
CONFIRMED,-0.505575778656483,-0.2520282229996821,0.0,-0.1075083535203745,78.0,805.0,88.7,0.2011242466529375,-0.1671428275604173,0.0390058998294608,0.0495152193733475,,0.2294186300411844,2.2294887039239004,2.27429413073671,Transit,1,1,169.7935178,-0.2844389
CONFIRMED,-0.5054972244421485,-0.1890024299696981,0.0,-0.1075083535203745,97.8,801.0,86.7,-0.3020256895056868,-0.1512216271129001,-0.2690305370187786,0.1859078939586498,-0.02,0.2046640241264232,2.0660801294743547,2.231424009916805,Transit,1,1,169.7935178,-0.2844389
CONFIRMED,-0.5055063321771438,-0.167993832293037,0.0,-0.1075083535203745,135.0,805.0,88.7,0.0330044362537817,-0.1171047690110775,-0.0842086749098351,0.3834421123235741,,0.1972073774659357,2.015587207739855,2.2176638128637185,Transit,1,1,169.7935178,-0.2844389
CONFIRMED,1.0914348141622432,-0.4551113338740742,0.0,-0.1075083535203745,78.0,805.0,88.7,0.2011242466529375,-0.1256339835365331,0.0390058998294608,0.0495152193733475,,0.3424557976124969,2.911985245941421,2.431322695419324,Transit,1,1,59.037486,13.5590288
CONFIRMED,1.0924309726773531,-0.3967954373486234,0.0,-0.1075083535203745,78.0,805.0,88.99371,0.3111882951876366,-0.0935311572913215,0.1409998444342814,0.7973233317548377,0.07,0.3035463420605259,2.687011286737196,2.3829376778845868,Transit,1,1,59.037486,13.5590288
CONFIRMED,1.0915031221747078,-0.4691170656585151,0.0,-0.1075083535203745,32.5,805.0,88.7,0.3885959776735788,-0.0773017678922845,0.1006131871991088,0.1812046982832971,,0.3527804131312593,2.970223509319077,2.4433888871261047,Transit,1,1,59.037486,13.5590288
CONFIRMED,-0.4438892033800621,-0.8338655583829484,0.0,-0.1075083535203745,78.0,805.0,87.91636,0.3111882951876366,-0.0935311572913215,0.1409998444342814,0.7973233317548377,0.07,0.8675261506658434,5.411377998421875,2.8387181818103406,Transit,1,1,59.037486,13.5590288
CONFIRMED,-0.4439243820064814,-0.8472718238384175,0.0,-0.1075083535203745,166.0,805.0,88.7,0.3885959776735788,-0.0773017678922845,0.1006131871991088,0.1812046982832971,,0.9018631301124268,5.553241704845203,2.857142857142857,Transit,1,1,59.037486,13.5590288
CONFIRMED,-0.4439551206120905,-0.88928901919174,0.0,-0.1075083535203745,78.0,805.0,88.7,0.2011242466529375,-0.1256339835365331,0.0390058998294608,0.0495152193733475,,1.021963297097916,6.035913686434284,2.917299829957891,Transit,1,1,59.037486,13.5590288
CONFIRMED,2.206073576892229,-0.2030081617541389,0.0,-0.1075083535203745,78.0,805.0,88.7,0.2011242466529375,-0.1256339835365331,0.0390058998294608,0.0495152193733475,,0.2098451489240535,2.1008035573606905,2.240741060919813,Transit,1,1,59.037486,13.5590288
CONFIRMED,2.204406064461278,-0.0894811593252122,0.0,-0.1075083535203745,78.0,805.0,89.39678,0.3111882951876366,-0.0935311572913215,0.1409998444342814,0.7973233317548377,0.07,0.1723423005196398,1.842386511686952,2.168405488560001,Transit,1,1,59.037486,13.5590288
CONFIRMED,-0.3874575316254771,-0.0559479780175102,0.0,-0.1075083535203745,78.0,805.0,88.7,-0.4060422628461717,-0.1420254280115538,-0.2936734519666378,0.41373069247286,,0.1629943659338937,1.7751479289940826,2.1483446221182985,Transit,1,1,57.4854562,14.5020556
CONFIRMED,-0.3872959012063832,-0.2100110276463595,0.0,-0.1075083535203745,78.0,805.0,88.7,0.2011242466529375,-0.1728289705773878,0.0390058998294608,0.0495152193733475,,0.2125013853035616,2.118494456606172,2.2454435656953597,Transit,1,1,57.4854562,14.5020556
CONFIRMED,-0.3873152551432481,-0.6021715176107028,0.0,-0.1075083535203745,44.0,805.0,88.7,-0.7132540027122548,-0.2132005859978778,-0.5247007796028177,0.8819808539112315,,0.4752022330434219,3.622750875498128,2.567762955065477,Transit,1,1,57.4854562,14.5020556
CONFIRMED,-0.3873055781748156,-0.4971285292273966,0.0,-0.583086102034576,62.9,805.0,89.29,-0.5389294827638351,-0.2111177518107616,-0.376002350443067,0.0495152193733475,,0.3747088566711025,3.092066273287124,2.468070209369181,Transit,1,1,57.4854562,14.5020556
REFUTED,-0.2628132008377403,-0.0559479780175102,0.0,-0.1075083535203745,78.0,805.0,88.7,0.2011242466529375,-0.0812820680041638,0.0390058998294608,0.0495152193733475,,0.1629943659338937,1.7751479289940826,2.1483446221182985,Transit,1,3,58.5148951,15.1371158
CONFIRMED,-0.7692723715152151,-0.6792030424251274,0.0,-0.3113273885978893,38.8,805.0,88.72,-1.5045661318751875,-0.2609636187261278,-0.8416333087472344,0.0495152193733475,,0.572933617332172,4.103826818508259,2.649064714130088,Transit,1,1,59.9013782,15.5587994
CONFIRMED,-0.7693016301138875,-1.0055365930025988,0.0,-0.1075083535203745,41.5,805.0,88.7,-1.46314092679482,-0.3309037464491658,-1.180818390089568,1.7991040106055094,,1.488097872140529,7.754262259488632,3.1058496825834725,Transit,1,1,59.9013782,15.5587994
CONFIRMED,-0.7692836423372719,-0.924303348652842,0.0,-0.1075083535203745,78.0,805.0,88.7,0.2011242466529375,-0.3309037464491658,0.0390058998294608,0.0495152193733475,,1.1388746118612751,6.4878892733564,2.9704426289300225,Transit,1,1,59.9013782,15.5587994
CONFIRMED,0.0565485602137738,-0.0559479780175102,0.0,-0.1075083535203745,78.0,805.0,88.7,-1.5381296192030764,-0.2519681404732805,-0.9570545616342696,0.9520584694740246,,0.1629943659338937,1.7751479289940826,2.1483446221182985,Transit,1,1,59.9013782,15.5587994
CONFIRMED,0.056193869720584,-0.6862059083173478,0.0,-0.1075083535203745,78.0,805.0,88.7,0.2011242466529375,-0.3309037464491658,0.0390058998294608,0.0495152193733475,,0.5831038012729731,4.152249134948097,2.6568446566202857,Transit,1,1,59.9013782,15.5587994
CONFIRMED,0.0561665465155982,-0.8381680981785309,0.0,-0.1075083535203745,7.42,805.0,88.7,-1.46314092679482,-0.3309037464491658,-1.180818390089568,1.7991040106055094,,0.8783531915275712,5.456308834355102,2.8445924139230594,Transit,1,1,59.9013782,15.5587994
CONFIRMED,0.0561405894708616,-0.3990884067363108,0.0,-0.583086102034576,6.9,805.0,89.51,-1.5045661318751875,-0.2609636187261278,-0.8416333087472344,0.0495152193733475,,0.3049616795837777,2.6953572471417986,2.384785900551493,Transit,1,1,59.9013782,15.5587994
CONFIRMED,-0.3509685617107893,-0.1890024299696981,0.0,-0.1075083535203745,178.0,805.0,88.7,0.6437994308694195,-0.0431849097904618,0.2546314056232284,0.0024832626197959,,0.2046640241264232,2.0660801294743547,2.231424009916805,Transit,1,1,55.8093566,16.6344396
CONFIRMED,-0.3509697001776636,-0.1189737710474941,0.0,-0.1075083535203745,78.0,805.0,88.7,0.2011242466529375,-0.096634654149984,0.0390058998294608,0.0495152193733475,,0.1811638211303999,1.9047316709258588,2.186521551237011,Transit,1,1,55.8093566,16.6344396
CONFIRMED,2.0897336469961263,-0.4551113338740742,0.0,-0.1075083535203745,25.3,805.0,88.7,0.6437994308694195,-0.0431849097904618,0.2546314056232284,0.0024832626197959,,0.3424557976124969,2.911985245941421,2.431322695419324,Transit,1,1,55.8093566,16.6344396
CONFIRMED,2.088845642834085,-0.3640740772752085,0.0,-0.1075083535203745,78.0,805.0,88.7,0.2011242466529375,-0.096634654149984,0.0390058998294608,0.0495152193733475,,0.2842702315741729,2.572016460905349,2.3570226039551585,Transit,1,1,55.8093566,16.6344396
CONFIRMED,-1.004102339846434,-0.924303348652842,0.0,-0.1075083535203745,78.0,805.0,88.7,0.2011242466529375,-0.1904560139299961,0.0390058998294608,0.0495152193733475,,1.1388746118612751,6.4878892733564,2.9704426289300225,Transit,1,1,59.464829,18.4649505
CONFIRMED,-1.0041032506199334,-1.1694036548805566,0.0,-0.1075083535203745,479.0,805.0,88.7,-1.0301417028890807,-0.2837087594083112,-0.9066659612946348,1.3899259868495983,,2.7805359556616143,11.76355259288305,3.4469099377285564,Transit,1,1,59.464829,18.4649505
CONFIRMED,-1.00410029060606,-1.0363492029283687,0.0,-0.1075083535203745,78.0,805.0,89.4,-0.8378319917130681,-0.1853384852147226,0.0390058998294608,-0.848795154619507,-0.36,1.6578639905405768,8.333333333333334,3.1622776601683795,Transit,1,1,59.464829,18.4649505
CONFIRMED,-1.0040970380061998,-0.0559479780175102,0.0,-0.1075083535203745,78.0,805.0,88.7,-1.0857784746758516,-0.1545696281212923,-0.6386742612366662,0.2145503556215651,,0.1629943659338937,1.7751479289940826,2.1483446221182985,Transit,1,1,59.464829,18.4649505
CONFIRMED,-1.004100518299435,-0.9173004827606216,0.0,4.3085707398257815,1069.1,805.0,80.21,-0.8992622447358962,-0.1876988031810671,-0.5205730913490513,0.0495152193733475,,1.1141173443141084,6.393521231818423,2.9595817420019404,Transit,1,1,59.464829,18.4649505
CONFIRMED,-1.0040984690590609,-0.8962918850839604,0.0,-0.1075083535203745,78.0,805.0,85.9,-0.7954996653535684,-0.1682800561638114,0.0390058998294608,-1.460210592415691,-0.28,1.0440193059963985,6.122448979591837,2.9277002188456,Transit,1,1,59.464829,18.4649505
CONFIRMED,-1.0041009736861846,-0.9833232082721082,0.0,-0.1075083535203745,78.0,805.0,85.47064,-0.8208990611692681,-0.204187480701678,-0.582282030742859,0.7973233317548377,-0.14,1.3798316907278494,7.373441376593059,3.066993597938,Transit,1,1,59.464829,18.4649505
CONFIRMED,-0.0829320192801132,-0.4934789086361412,0.0,-0.1075083535203745,78.0,805.0,88.56037,0.0112335255546105,-0.1614771546583079,-0.3383541371314749,0.1859078939586498,-0.35,0.3717506596251111,3.0757709213078157,2.464812048304615,Transit,1,1,51.5531053,18.6355718
CONFIRMED,-0.082822043380045,-0.504131395119617,0.0,-0.1075083535203745,78.0,805.0,88.7,0.4381852742661355,-0.1398493410789592,-0.2382268933339546,0.4633964388046111,,0.3804735080161801,3.123698458975427,2.4743582965269675,Transit,1,1,51.5531053,18.6355718
CONFIRMED,-0.0827924432413104,1.694768495037594,0.0,-0.1075083535203745,78.0,805.0,88.7,0.2011242466529375,-0.1171047690110775,0.0390058998294608,0.0495152193733475,,0.0215964370841841,0.461361014994233,1.5339299776947408,Transit,1,1,51.5531053,18.6355718
CONFIRMED,0.0253106788184256,4.019719971254772,0.0,-0.1075083535203745,78.0,805.0,88.7,0.2011242466529375,0.2854741565904291,0.0390058998294608,0.0495152193733475,,0.0047990620170625,0.1692610626209511,1.1938082539790085,Transit,1,1,66.2363638,18.8273617
CONFIRMED,0.0253081741913019,3.445484968092698,0.0,-0.1075083535203745,78.0,979.0,87.74,0.75870145955949,0.2246324263088454,0.913829380478461,-1.2814891567521896,0.328,0.0065260719849242,0.2077562326869806,1.2565617248750864,Transit,1,1,66.2363638,18.8273617
CONFIRMED,0.0253960638340064,1.344625200426573,0.0,-0.1075083535203745,85.0,805.0,88.7,0.3462636513140791,-0.0431849097904618,0.2453903125177811,-0.0492518898091125,,0.0294319570935123,0.5671077504725899,1.6151457061744965,Transit,1,1,66.2363638,18.8273617
CONFIRMED,0.0253118172852999,3.1924784262726678,0.0,-0.1075083535203745,361.739,1214.0,88.7,0.5610699702125692,0.2524945270920005,0.0390058998294608,-1.7424023329370049,,0.0075528194398201,0.2290123429202488,1.287537936070326,Transit,1,1,66.2363638,18.8273617
CONFIRMED,-0.5569422655630516,-0.2660339547841229,0.0,4.852088166699155,16.4,805.0,87.75,-1.808875083648048,-0.3106957627811546,-1.2022392439079943,0.0495152193733475,,0.2354556567480987,2.2684310018903595,2.284160962880643,Transit,1,1,54.7514566,19.1199667
CONFIRMED,-0.556924050093061,-0.9873291416828258,0.0,-0.1075083535203745,78.0,805.0,88.7,0.2011242466529375,-0.426430949134269,0.0390058998294608,0.0495152193733475,,1.398561194685816,7.44001488002976,3.07389311747136,Transit,1,1,54.7514566,19.1199667
CONFIRMED,-0.5569513732980469,-1.0153406052517076,0.0,-0.1075083535203745,7.8,805.0,88.7,-1.9142825762832016,-0.426430949134269,-1.8769807373665888,2.5469121229869955,,1.5394915250010432,7.93178663493952,3.123475237772121,Transit,1,1,54.7514566,19.1199667
CONFIRMED,-0.957263421852712,-1.4446162844448192,0.0,-0.1075083535203745,78.0,805.0,88.7,0.2011242466529375,-0.3911768624290523,0.0390058998294608,0.0495152193733475,,12.19655404748498,31.52179337989803,4.41009597575802,Transit,1,1,57.0671234,20.4594885
CONFIRMED,-0.9572561356647156,-1.4460168576232633,0.0,-0.1075083535203745,78.0,805.0,88.7,-1.7280203403014034,-0.3911768624290523,-1.602828308571656,2.2788299694917438,,12.315932200008346,31.72714653975808,4.417261042993862,Transit,1,1,57.0671234,20.4594885
CONFIRMED,-0.9572614864590254,-1.1203835936350135,0.0,1.8627423188956027,144.4,805.0,85.77,-1.7449532708452034,-0.2677551479455972,-1.0341437603199102,1.0647940698122915,,2.2741618525933838,10.288065843621398,3.333333333333333,Transit,1,1,57.0671234,20.4594885
CONFIRMED,1.018140316787636,2.044911789648615,0.0,-0.1075083535203745,4.4,805.0,88.7,-1.2913926312791355,-0.3058847171744959,-1.073005637192684,1.5780538138638092,,0.0163128016561937,0.3826530612244898,1.4638501094227998,Transit,1,1,176.263724,0.0054085
CONFIRMED,1.0183031175506772,-0.756234567239552,0.0,-0.1075083535203745,78.0,284.0,88.7,-1.9977377339633584,-0.4298426349444513,-1.9324272959992723,0.0495152193733475,-0.46,0.6994113710093056,4.687499999999999,2.7386127875258306,Transit,1,1,176.263724,0.0054085
CONFIRMED,1.018282966687,0.4552612321145802,0.0,-0.1075083535203745,78.0,805.0,88.7,-1.6385177074270327,-0.2763167734862496,0.0390058998294608,0.0495152193733475,,0.077581815120158,1.0821632443254063,1.898315991504998,Transit,1,1,176.263724,0.0054085
CONFIRMED,1.018380533298137,0.28719245070129,0.0,-0.1075083535203745,78.0,805.0,88.7,0.2011242466529375,-0.3058847171744959,0.0390058998294608,0.0495152193733475,,0.0970995458102498,1.2567945455116725,1.9706585563285863,Transit,1,1,176.263724,0.0054085
CONFIRMED,1.0184135488374948,-0.3010482842452249,0.0,-0.1075083535203745,1.36,314.0,87.983,-2.0920783469931004,-0.3957257768426286,-1.7476054338903284,0.0495152193733475,-0.25,0.2515041076020075,2.3703703703703702,2.309401076758503,Transit,1,1,176.263724,0.0054085
CONFIRMED,0.4793366703590176,-0.0559479780175102,0.0,-0.1075083535203745,78.0,805.0,88.7,-1.193266298777815,-0.2018925533800287,-0.6787189980269372,0.6654457250178727,-0.038,0.1629943659338937,1.7751479289940826,2.1483446221182985,Transit,1,1,59.1527391,22.4724517
CONFIRMED,0.4816385991480681,-0.1049680392630533,0.0,-0.3113273885978893,10.2,805.0,89.4,-0.8439036568080597,-0.2110660079093071,-0.5012499656655609,0.0495152193733475,,0.176901319870848,1.874736365198644,2.177862025921883,Transit,1,1,59.1527391,22.4724517
CONFIRMED,0.4812051848089797,-0.4481084679818536,0.0,-0.1075083535203745,7.5,805.0,88.7,-1.1897950480163366,-0.2911007453303728,-0.9405499693479408,1.46047392197993,,0.3374443294403778,2.883506343713956,2.425356250363329,Transit,1,1,59.1527391,22.4724517
CONFIRMED,0.4814572413749745,-0.0559479780175102,0.0,-0.1075083535203745,78.0,502.0,89.24,-0.7688907744990258,-0.2200239576182423,-0.7341655566596205,0.8114329187809,-0.225,0.1629943659338937,1.7751479289940826,2.1483446221182985,Transit,1,1,59.1527391,22.4724517
CONFIRMED,0.481407831912625,-0.0279365144486285,0.0,-0.1075083535203745,78.0,805.0,88.7,0.2011242466529375,-0.2046713714724221,0.0390058998294608,0.0495152193733475,,0.155697219246861,1.7217630853994488,2.1320071635561044,Transit,1,1,59.1527391,22.4724517
CONFIRMED,-0.7518546252635325,-0.924303348652842,0.0,-0.1075083535203745,78.0,805.0,88.7,0.2011242466529375,-0.2046713714724221,0.0390058998294608,0.0495152193733475,,1.1388746118612751,6.4878892733564,2.9704426289300225,Transit,1,1,59.1527391,22.4724517
CONFIRMED,-0.7517992957734362,-0.9663205440061644,0.0,2.949777172642349,80.8,805.0,86.94,-0.8439036568080597,-0.2110660079093071,-0.5012499656655609,0.0495152193733475,,1.30395492747115,7.10059171597633,3.038218101251,Transit,1,1,59.1527391,22.4724517
CONFIRMED,-0.7518432405947885,-1.1624007889883363,0.0,-0.1075083535203745,59.0,805.0,88.7,-1.1897950480163366,-0.2911007453303728,-0.9405499693479408,1.46047392197993,,2.6995546355230227,11.534025374855824,3.429971702850177,Transit,1,1,59.1527391,22.4724517
CONFIRMED,-0.9204526084910948,-0.0559479780175102,0.0,-0.1075083535203745,78.0,805.0,88.7,-2.169486029479043,-0.3664085920614309,-1.6011279474402536,1.7978341477731614,,0.1629943659338937,1.7751479289940826,2.1483446221182985,Transit,1,1,63.2182348,24.2047218
CONFIRMED,-0.920417852235886,-1.022343471143928,0.0,0.2321900382754835,56.1,805.0,88.62,-1.9724592876515428,-0.3896586622435212,-1.4890581309861273,0.0495152193733475,,1.5776590197274862,8.06234883095942,3.1362502409359,Transit,1,1,63.2182348,24.2047218
CONFIRMED,-0.9204053291002672,-1.0503549347128096,0.0,-0.1075083535203745,78.0,805.0,88.7,0.2011242466529375,-0.4105097486867518,0.0390058998294608,0.0495152193733475,,1.7435990142943756,8.618213157138754,3.188964020716404,Transit,1,1,63.2182348,24.2047218
CONFIRMED,-0.9204241138036952,-1.1063778618505729,0.0,-0.1075083535203745,46.0,805.0,88.7,-1.81147549798156,-0.4105097486867518,-1.7722483488381875,2.4434418181291786,,2.152358358868607,9.917355371900824,3.302891295379082,Transit,1,1,63.2182348,24.2047218
REFUTED,-1.002135410627513,-0.0839594415863919,0.0,-0.1075083535203745,78.0,805.0,88.7,0.2011242466529375,-0.0812820680041638,0.0390058998294608,0.0495152193733475,,0.1707547292503188,1.8310546875,2.165063509461097,Transit,1,3,60.0698588,25.4798898
CONFIRMED,0.0716890869614482,0.8404188561867031,0.0,-0.1075083535203745,78.0,383.0,88.7,-1.9009781308559304,-0.333178203655954,-1.3163544223027932,1.6909305100723355,-0.03,0.0490453072947217,0.7971091508130513,1.7586311452816474,Transit,1,1,129.3625717,18.9766197
CONFIRMED,0.0716747422788305,0.5533013546056662,0.0,-0.1075083535203745,78.0,805.0,88.77,-1.9941092488468295,-0.3434132610865007,-1.5597032074129025,0.0495152193733475,0.11,0.0685652734474216,0.996603243943559,1.859627182121231,Transit,1,1,129.3625717,18.9766197
CONFIRMED,0.0716644960769609,-0.0559479780175102,0.0,-0.1075083535203745,78.0,805.0,88.7,-2.0666789511774004,-0.3360337846790764,-1.4140543389779494,1.563850162924235,,0.1629943659338937,1.7751479289940826,2.1483446221182985,Transit,1,1,129.3625717,18.9766197
CONFIRMED,0.0718114721504473,0.7143672701267357,0.0,2.134501032332289,78.0,805.0,89.4,-2.0678884462162435,-0.3218059176220131,-1.3471580659876172,0.0495152193733475,0.14,0.0565571432225952,0.8765522279035791,1.8009006755629926,Transit,1,1,129.3625717,18.9766197
CONFIRMED,0.071713563999248,-0.6441887129640254,0.0,-0.1075083535203745,78.0,805.0,90.0,0.2011242466529375,-0.4434893781851803,0.0390058998294608,0.0495152193733475,,0.5254781149581561,3.8739669421487606,2.6111648393354674,Transit,1,1,129.3625717,18.9766197
CONFIRMED,0.0717607420665236,0.4412555003301394,0.0,-0.1075083535203745,78.0,474.0,88.7,-1.8792072201567596,-0.3445504896898948,-1.4087653533572653,1.7379624668258873,0.1,0.0789966465081452,1.095280254835206,1.9040424479261304,Transit,1,1,129.3625717,18.9766197
CONFIRMED,0.0717396348906721,-0.5321428586884988,0.0,-0.1075083535203745,78.0,805.0,88.7,0.2011242466529375,-0.4434893781851803,0.0390058998294608,0.0495152193733475,,0.4047519508155705,3.255208333333333,2.5,Transit,1,1,129.3625717,18.9766197
CONFIRMED,-0.1250398104838436,-0.0559479780175102,0.0,-0.1075083535203745,78.0,805.0,88.7,-0.5771132411401034,2.1055004996053417,0.0390058998294608,0.0495152193733475,0.313,0.1629943659338937,1.7751479289940826,2.1483446221182985,Transit,1,1,127.762837,10.8475571
CONFIRMED,-0.125122235485551,3.755544586634702,0.0,-0.1075083535203745,78.0,805.0,85.85432,-0.3431485208263436,1.1049332260954243,0.5756454175558846,-4.611351694903718,0.27,0.005506518977225,0.1855115333342164,1.2214847247391585,Transit,1,1,127.762837,10.8475571
CONFIRMED,0.0720083130730331,1.344625200426573,0.0,-0.1075083535203745,78.0,805.0,88.7,0.2011242466529375,0.2070053829562371,0.0390058998294608,0.0495152193733475,,0.0294319570935123,0.5671077504725899,1.6151457061744965,Transit,1,1,126.4882114,11.5110933
CONFIRMED,0.0720055807525345,1.6303792300126636,0.0,-0.1075083535203745,78.0,805.0,88.49959,1.1796057330768008,0.2855878794507684,0.8879389179613664,-1.8364662464441124,-0.1,0.022807931129355,0.4784575552225611,1.547947281155228,Transit,1,1,126.4882114,11.5110933
CONFIRMED,0.0722483428749664,-0.0559479780175102,0.0,-0.1075083535203745,78.0,805.0,88.7,1.406990800379256,0.2848827977166642,1.1171334287982992,-1.4518859360703098,,0.1629943659338937,1.7751479289940826,2.1483446221182985,Transit,1,1,126.4882114,11.5110933
CONFIRMED,0.0719749559936127,1.274596541504369,0.0,-0.1075083535203745,78.0,805.0,88.7,0.2011242466529375,0.2183776689901779,0.0390058998294608,0.0495152193733475,,0.0314380134502509,0.5925925925925926,1.632993161855452,Transit,1,1,126.4882114,11.5110933
CONFIRMED,0.071965962105305,1.7647971539597984,0.0,-0.1075083535203745,78.0,1092.0,88.7,1.2727368510677,0.3207282432956457,1.0247224977438272,-1.6483384194299016,-0.06,0.0203742957417367,0.4437869822485206,1.5191090506254998,Transit,1,1,126.4882114,11.5110933
CONFIRMED,0.0719978733317947,1.9336992764142624,0.0,-0.1075083535203745,992.258,1563.0,88.7,1.406990800379256,0.2866113851938231,0.0390058998294608,-1.4518859360703098,,0.0177832430040569,0.4053157345559157,1.4850588950301946,Transit,1,1,126.4882114,11.5110933
CONFIRMED,0.0719149587893313,-0.0559479780175102,0.0,-0.1075083535203745,78.0,805.0,88.7,1.406990800379256,0.2848827977166642,1.1171334287982992,-1.4518859360703098,,0.1629943659338937,1.7751479289940826,2.1483446221182985,Transit,1,1,126.4882114,11.5110933
CONFIRMED,0.9956669806867549,-0.0559479780175102,0.0,-0.1075083535203745,78.0,805.0,88.7,1.1533234058827462,0.9809747397111674,0.8399006356348834,-4.036244927721276,0.169,0.1629943659338937,1.7751479289940826,2.1483446221182985,Transit,1,1,208.7737624,-5.4424943
CONFIRMED,0.995918923406062,3.935685580548128,0.0,-0.1075083535203745,78.0,805.0,88.7,0.2011242466529375,0.5538601069914334,0.0390058998294608,0.0495152193733475,,0.0050102380355868,0.1741907388590506,1.2024072240843031,Transit,1,1,208.7737624,-5.4424943
CONFIRMED,-0.9298087057273734,-0.0559479780175102,0.0,-0.1075083535203745,78.0,805.0,88.7,-0.5741620732453274,-0.1665742132587203,-0.3922451117580746,0.5668667436624281,0.02,0.1629943659338937,1.7751479289940826,2.1483446221182985,Transit,1,1,207.6554928,-6.8040714
CONFIRMED,-0.9298087738076924,-0.0559479780175102,0.0,-0.1075083535203745,78.0,805.0,88.99,-0.5741620732453274,-0.1665742132587203,-0.3922451117580746,0.5668667436624281,0.02,0.1629943659338937,1.7751479289940826,2.1483446221182985,Transit,1,1,207.6554928,-6.8040714
CONFIRMED,-0.929822044005274,-0.0559479780175102,0.0,-0.1075083535203745,78.0,805.0,88.7,-0.799128150470097,-0.1380917542724137,-0.518540050865853,0.1736325532459736,,0.1629943659338937,1.7751479289940826,2.1483446221182985,Transit,1,1,207.6554928,-6.8040714
CONFIRMED,-0.3111279134407618,-0.0559479780175102,0.0,-0.1075083535203745,78.0,805.0,88.7,0.2011242466529375,-0.0812820680041638,0.0390058998294608,0.0495152193733475,,0.1629943659338937,1.7751479289940826,2.1483446221182985,Transit,1,1,,
CONFIRMED,-0.929808792250856,-0.0559479780175102,0.0,-0.1075083535203745,78.0,805.0,88.7,0.2011242466529375,-0.0812820680041638,0.0390058998294608,0.0495152193733475,,0.1629943659338937,1.7751479289940826,2.1483446221182985,Transit,1,1,207.6554928,-6.8040714
CONFIRMED,-0.9298090597905714,-0.0559479780175102,0.0,-0.1075083535203745,78.0,805.0,88.7,-0.799128150470097,-0.1380917542724137,-0.518540050865853,0.1736325532459736,,0.1629943659338937,1.7751479289940826,2.1483446221182985,Transit,1,1,207.6554928,-6.8040714
CONFIRMED,-0.3111279134407618,-0.0559479780175102,0.0,-0.1075083535203745,78.0,805.0,88.7,0.2011242466529375,-0.0812820680041638,0.0390058998294608,0.0495152193733475,,0.1629943659338937,1.7751479289940826,2.1483446221182985,Transit,1,1,,
CONFIRMED,-0.9100325183294614,-0.0559479780175102,0.0,-2.213638382654695,78.0,805.0,89.8,-3.0887022589996063,-0.5042173856064246,-2.3950980241453284,3.570327501944301,,0.1629943659338937,1.7751479289940826,2.1483446221182985,Transit,1,1,346.6263919,-5.0434618
CONFIRMED,-0.9100275204598828,-0.0559479780175102,0.0,-0.1075083535203745,78.0,805.0,88.7,0.2011242466529375,-0.0812820680041638,0.0390058998294608,0.0495152193733475,,0.1629943659338937,1.7751479289940826,2.1483446221182985,Transit,1,1,346.6263919,-5.0434618
CONFIRMED,-0.9100258901753188,-0.0559479780175102,0.0,-0.1075083535203745,4.15,397.6,89.28,-3.144339030786377,-0.501829205539297,-2.3950980241453284,0.0495152193733475,0.0535,0.1629943659338937,1.7751479289940826,2.1483446221182985,Transit,1,1,346.6263919,-5.0434618
CONFIRMED,-0.9100190147700784,-1.0336238836033615,0.0,-0.1075083535203745,98.1931,802.86,88.7,0.7986147958413039,-0.5067039359477458,0.0390058998294608,3.741335696700219,,1.6418381931322046,8.279543476700121,3.157162307671129,Transit,1,1,346.6263919,-5.0434618
CONFIRMED,-0.9100300250870064,-1.0972741361906864,0.0,-2.213638382654695,4.25,400.0,89.41,-3.108054179621092,-0.505468337070158,-2.425285594956456,0.0495152193733475,0.04,2.077816275372035,9.687036081787646,3.2835455165155927,Transit,1,1,346.6263919,-5.0434618
CONFIRMED,-0.3111279134407618,-0.0559479780175102,0.0,-0.1075083535203745,78.0,366.0,89.39,0.2011242466529375,-0.5067039359477458,-2.3920854277929524,3.741335696700219,,0.1629943659338937,1.7751479289940826,2.1483446221182985,Transit,1,1,346.6263919,-5.0434618
CONFIRMED,-0.8063156928281264,-1.1420924779008972,0.0,-2.213638382654695,2.26,342.0,89.5,-3.108054179621092,-0.505468337070158,-2.425285594956456,0.0495152193733475,0.04,2.4817965251994005,10.905115498804529,3.3822279873252112,Transit,1,1,346.6263919,-5.0434618
CONFIRMED,-0.8063055490882753,-0.0559479780175102,0.0,-2.213638382654695,78.0,805.0,89.83762,-3.0887022589996063,-0.5042173856064246,-2.3950980241453284,3.570327501944301,,0.1629943659338937,1.7751479289940826,2.1483446221182985,Transit,1,1,346.6263919,-5.0434618
CONFIRMED,-0.8063219020264595,-0.0559479780175102,0.0,-0.1075083535203745,2.211,339.7,89.47,-3.144339030786377,-0.501829205539297,-2.3950980241453284,0.0495152193733475,0.0535,0.1629943659338937,1.7751479289940826,2.1483446221182985,Transit,1,1,346.6263919,-5.0434618
CONFIRMED,-0.3111279134407618,-0.0559479780175102,0.0,-0.1075083535203745,78.0,315.0,89.58,0.2011242466529375,-0.5067039359477458,-2.3920854277929524,3.741335696700219,,0.1629943659338937,1.7751479289940826,2.1483446221182985,Transit,1,1,346.6263919,-5.0434618
CONFIRMED,-0.6209809874023532,-0.0559479780175102,0.0,-0.1075083535203745,1.114,286.2,89.65,-3.144339030786377,-0.501829205539297,-2.3950980241453284,0.0495152193733475,0.0535,0.1629943659338937,1.7751479289940826,2.1483446221182985,Transit,1,1,346.6263919,-5.0434618
CONFIRMED,-0.3876198189399576,-0.0559479780175102,0.0,-0.1075083535203745,0.645,249.7,89.663,-3.144339030786377,-0.501829205539297,-2.3950980241453284,0.0495152193733475,0.0535,0.1629943659338937,1.7751479289940826,2.1483446221182985,Transit,1,1,346.6263919,-5.0434618
CONFIRMED,-0.3879061194510677,-0.0559479780175102,0.0,-0.1075083535203745,78.0,805.0,88.7,0.2011242466529375,-0.0812820680041638,0.0390058998294608,0.0495152193733475,,0.1629943659338937,1.7751479289940826,2.1483446221182985,Transit,1,1,346.6263919,-5.0434618
CONFIRMED,-0.0338948367370571,-0.0559479780175102,0.0,-0.1075083535203745,0.373,217.7,89.666,-3.144339030786377,-0.501829205539297,-2.3950980241453284,0.0495152193733475,0.0535,0.1629943659338937,1.7751479289940826,2.1483446221182985,Transit,1,1,346.6263919,-5.0434618
CONFIRMED,-0.0331769183875865,-0.0559479780175102,0.0,-0.1075083535203745,78.0,805.0,88.7,0.2011242466529375,-0.0812820680041638,0.0390058998294608,0.0495152193733475,,0.1629943659338937,1.7751479289940826,2.1483446221182985,Transit,1,1,346.6263919,-5.0434618
CONFIRMED,0.3243763294505534,-0.0559479780175102,0.0,-0.1075083535203745,0.252,197.3,89.698,-3.144339030786377,-0.501829205539297,-2.3950980241453284,0.0495152193733475,0.0535,0.1629943659338937,1.7751479289940826,2.1483446221182985,Transit,1,1,346.6263919,-5.0434618
CONFIRMED,1.054525718093825,-1.3500775948998434,0.0,-0.1075083535203745,0.165,173.0,89.76,0.2011242466529375,-0.5067039359477458,-2.3920854277929524,3.741335696700219,,6.736574468174737,21.22000905387053,3.994677309684806,Transit,1,1,346.6263919,-5.0434618
CONFIRMED,1.0545569690095276,-0.0559479780175102,0.0,-0.1075083535203745,0.144,171.7,89.763,-3.144339030786377,-0.501829205539297,-2.3950980241453284,0.0495152193733475,0.0535,0.1629943659338937,1.7751479289940826,2.1483446221182985,Transit,1,1,346.6263919,-5.0434618
CONFIRMED,1.1948986837087527,-1.3479767351321774,0.0,-0.1075083535203745,0.131,168.0,89.8,-3.0971687242715062,-0.505468337070158,-2.424669522082759,0.0495152193733475,0.04,6.656589595737184,21.05170825840972,3.986732965110572,Transit,1,1,346.6263919,-5.0434618
CONFIRMED,1.6663766381229377,-0.0559479780175102,0.0,-0.1075083535203745,78.0,805.0,88.759,0.2011242466529375,0.2280441121190277,0.8244988137924717,0.0495152193733475,,0.1629943659338937,1.7751479289940826,2.1483446221182985,Transit,1,1,61.331654,20.1570318
CONFIRMED,-0.1435057431867968,1.6597541655764918,0.0,-0.1075083535203745,78.0,805.0,88.7,0.2011242466529375,0.1842608108883554,0.7012842390531758,0.0495152193733475,,0.0222442876452929,0.470542103715322,1.541504986616124,Transit,1,1,61.331654,20.1570318
CONFIRMED,-0.142847709333387,2.0379089237563943,0.0,9.471986295122823,146.0,968.0,88.49,0.2011242466529375,0.192790025413811,0.7197664252640702,0.0495152193733475,,0.0164005047036254,0.3840233486195961,1.465158871516513,Transit,1,1,61.331654,20.1570318
CONFIRMED,-0.1428465708665126,-0.0559479780175102,0.0,0.5039487517121704,78.0,805.0,88.7,0.2011242466529375,-0.0812820680041638,0.0390058998294608,0.0495152193733475,,0.1629943659338937,1.7751479289940826,2.1483446221182985,Transit,1,1,61.331654,20.1570318
CONFIRMED,0.3300281685558877,2.6121439269184688,0.0,3.4932945995157216,85.0,845.0,89.04,0.2011242466529375,0.192790025413811,0.7197664252640702,0.0495152193733475,,0.0108772359198972,0.2920553639618283,1.3682378751501216,Transit,1,1,61.331654,20.1570318
CONFIRMED,0.3292084724063116,2.416063681936297,0.0,-0.1075083535203745,78.0,805.0,88.7,0.2011242466529375,0.1842608108883554,0.7012842390531758,0.0495152193733475,,0.0124368733913998,0.3193451295875923,1.3991374644301189,Transit,1,1,61.331654,20.1570318
CONFIRMED,-0.3111279134407618,-0.0559479780175102,0.0,-0.1075083535203745,78.0,805.0,88.7,0.2011242466529375,-0.0812820680041638,0.0390058998294608,0.0495152193733475,,0.1629943659338937,1.7751479289940826,2.1483446221182985,Transit,1,1,,
CONFIRMED,-0.4306626978802539,-0.0559479780175102,0.0,-0.8548448154712625,78.0,805.0,89.57,0.2011242466529375,-0.0812820680041638,0.0390058998294608,0.0495152193733475,,0.1629943659338937,1.7751479289940826,2.1483446221182985,Transit,1,1,188.3864277,-10.1462141
CONFIRMED,-0.4306624656330115,-0.0559479780175102,0.0,-0.1075083535203745,78.0,805.0,89.56,-0.8342035065965395,-0.1967107712486635,-0.5462633301821945,0.0918439804515465,0.02,0.1629943659338937,1.7751479289940826,2.1483446221182985,Transit,1,1,188.3864277,-10.1462141
CONFIRMED,-0.4306623358477878,-0.0559479780175102,0.0,-0.1075083535203745,78.0,805.0,88.7,0.2011242466529375,-0.0812820680041638,0.0390058998294608,0.0495152193733475,,0.1629943659338937,1.7751479289940826,2.1483446221182985,Transit,1,1,188.3864277,-10.1462141
CONFIRMED,-0.3111279134407618,-0.0559479780175102,0.0,-0.1075083535203745,78.0,805.0,88.7,0.2011242466529375,-0.0812820680041638,0.0390058998294608,0.0495152193733475,,0.1629943659338937,1.7751479289940826,2.1483446221182985,Transit,1,1,188.3864277,-10.1462141
CONFIRMED,-0.4306641801641244,-0.0559479780175102,0.0,-2.213638382654695,78.0,805.0,89.56,-0.8402509817907537,-0.1910246282316931,0.0390058998294608,0.0495152193733475,,0.1629943659338937,1.7751479289940826,2.1483446221182985,Transit,1,1,188.3864277,-10.1462141
CONFIRMED,-0.4306626090798377,-0.0559479780175102,0.0,-0.1075083535203745,78.0,805.0,88.7,-0.8342035065965395,-0.1967107712486635,-0.5462633301821945,0.0918439804515465,0.02,0.1629943659338937,1.7751479289940826,2.1483446221182985,Transit,1,1,188.3864277,-10.1462141
CONFIRMED,-0.6214056036694362,-0.0559479780175102,0.0,-0.1075083535203745,78.0,805.0,88.24,1.5605966703122975,0.3923736453094731,1.394366221961715,-1.7894342896905606,0.16,0.1629943659338937,1.7751479289940826,2.1483446221182985,Transit,1,1,19.5505861,2.7027847
CONFIRMED,-0.3111279134407618,-0.0559479780175102,0.0,-0.1075083535203745,78.0,805.0,88.7,0.2011242466529375,-0.0812820680041638,0.0390058998294608,0.0495152193733475,,0.1629943659338937,1.7751479289940826,2.1483446221182985,Transit,1,1,,
CONFIRMED,-0.6214057209315242,-0.0559479780175102,0.0,-0.1075083535203745,78.0,805.0,88.7,0.2011242466529375,-0.0812820680041638,0.0390058998294608,0.0495152193733475,,0.1629943659338937,1.7751479289940826,2.1483446221182985,Transit,1,1,19.5505861,2.7027847
CONFIRMED,-0.5659146823856503,-0.0559479780175102,0.0,-0.1075083535203745,78.0,805.0,88.7,0.2011242466529375,-0.0812820680041638,0.0390058998294608,0.0495152193733475,,0.1629943659338937,1.7751479289940826,2.1483446221182985,Transit,1,1,349.0634651,0.3066895
CONFIRMED,-0.5659147279243254,-0.0559479780175102,0.0,-0.1075083535203745,78.0,805.0,89.2,0.908678844376003,0.0762240935659171,0.6458376804204926,-0.6136353708517447,0.1,0.1629943659338937,1.7751479289940826,2.1483446221182985,Transit,1,1,349.0634651,0.3066895
CONFIRMED,-0.3111279134407618,-0.0559479780175102,0.0,-0.1075083535203745,78.0,805.0,88.7,0.2011242466529375,-0.0812820680041638,0.0390058998294608,0.0495152193733475,,0.1629943659338937,1.7751479289940826,2.1483446221182985,Transit,1,1,,
CONFIRMED,-0.3111279134407618,-0.0559479780175102,0.0,-0.1075083535203745,78.0,805.0,88.7,0.2011242466529375,-0.0812820680041638,0.0390058998294608,0.0495152193733475,,0.1629943659338937,1.7751479289940826,2.1483446221182985,,2,1,,
CONFIRMED,-0.3111279134407618,-0.0559479780175102,0.0,-0.1075083535203745,78.0,805.0,88.7,0.2011242466529375,-0.0812820680041638,0.0390058998294608,0.0495152193733475,,0.1629943659338937,1.7751479289940826,2.1483446221182985,,2,1,,
CONFIRMED,-0.3111279134407618,-0.0559479780175102,0.0,-0.1075083535203745,78.0,805.0,88.7,0.2011242466529375,-0.0812820680041638,0.0390058998294608,0.0495152193733475,,0.1629943659338937,1.7751479289940826,2.1483446221182985,,2,1,,
CONFIRMED,-0.3111279134407618,-0.0559479780175102,0.0,-0.1075083535203745,78.0,805.0,88.7,0.2011242466529375,-0.0812820680041638,0.0390058998294608,0.0495152193733475,,0.1629943659338937,1.7751479289940826,2.1483446221182985,,2,1,,
CONFIRMED,-0.3111279134407618,-0.0559479780175102,0.0,-0.1075083535203745,78.0,805.0,88.7,0.2011242466529375,-0.0812820680041638,0.0390058998294608,0.0495152193733475,,0.1629943659338937,1.7751479289940826,2.1483446221182985,,2,1,,
CONFIRMED,-0.3111279134407618,-0.0559479780175102,0.0,-0.1075083535203745,78.0,805.0,88.7,0.2011242466529375,-0.0812820680041638,0.0390058998294608,0.0495152193733475,,0.1629943659338937,1.7751479289940826,2.1483446221182985,,2,1,,
CONFIRMED,-0.3111279134407618,-0.0559479780175102,0.0,-0.1075083535203745,78.0,805.0,88.7,0.2011242466529375,-0.0812820680041638,0.0390058998294608,0.0495152193733475,,0.1629943659338937,1.7751479289940826,2.1483446221182985,,2,1,,
CONFIRMED,-0.3111279134407618,-0.0559479780175102,0.0,-0.1075083535203745,78.0,805.0,88.7,0.2011242466529375,-0.0812820680041638,0.0390058998294608,0.0495152193733475,,0.1629943659338937,1.7751479289940826,2.1483446221182985,,2,1,,
CONFIRMED,-0.3111279134407618,-0.0559479780175102,0.0,-0.1075083535203745,78.0,805.0,88.7,0.2011242466529375,-0.0812820680041638,0.0390058998294608,0.0495152193733475,,0.1629943659338937,1.7751479289940826,2.1483446221182985,,2,1,,
CONFIRMED,-0.6939504581766501,-0.0559479780175102,0.0,-0.1075083535203745,78.0,805.0,88.7,1.2461279602131574,0.0500678356878532,0.4733372757854783,-0.5195714573446373,-0.29,0.1629943659338937,1.7751479289940826,2.1483446221182985,Transit,1,1,353.6162694,-1.5799849
CONFIRMED,-0.693950540146265,-0.0559479780175102,0.0,-0.1075083535203745,78.0,805.0,88.7,0.2011242466529375,-0.0812820680041638,0.0390058998294608,0.0495152193733475,,0.1629943659338937,1.7751479289940826,2.1483446221182985,Transit,1,1,353.6162694,-1.5799849
CONFIRMED,-0.6939504900537226,-0.0559479780175102,0.0,-0.1075083535203745,78.0,805.0,88.3,1.2461279602131574,0.0500678356878532,0.4733372757854783,-0.5195714573446373,-0.29,0.1629943659338937,1.7751479289940826,2.1483446221182985,Transit,1,1,353.6162694,-1.5799849
CONFIRMED,-0.3111279134407618,-0.0559479780175102,0.0,-0.1075083535203745,78.0,805.0,88.7,0.2011242466529375,-0.0812820680041638,0.0390058998294608,0.0495152193733475,,0.1629943659338937,1.7751479289940826,2.1483446221182985,Transit,1,1,,
CONFIRMED,-0.6085298359058298,-0.0559479780175102,0.0,-0.1075083535203745,78.0,805.0,88.7,0.2011242466529375,-0.0812820680041638,0.0390058998294608,0.0495152193733475,,0.1629943659338937,1.7751479289940826,2.1483446221182985,Transit,1,1,331.203092,-12.019067
CONFIRMED,-0.6152636466053997,-0.0559479780175102,0.0,-0.1075083535203745,78.0,805.0,88.7,0.5385733624900918,-0.0812820680041638,0.0390058998294608,-0.8958271113730587,0.43,0.1629943659338937,1.7751479289940826,2.1483446221182985,Transit,1,1,331.203092,-12.019067
CONFIRMED,-0.6085297061206061,-0.0559479780175102,0.0,-2.213638382654695,78.0,805.0,88.98,0.5228499269851348,0.074518250660826,0.5318641987866443,0.0495152193733475,,0.1629943659338937,1.7751479289940826,2.1483446221182985,Transit,1,1,331.203092,-12.019067
CONFIRMED,-0.6086483639690585,-0.0559479780175102,0.0,-0.1075083535203745,78.0,805.0,88.7,0.5518778079173632,0.0599219215362628,0.3593637941516299,-0.6635833089240148,0.36,0.1629943659338937,1.7751479289940826,2.1483446221182985,Transit,1,1,331.203092,-12.019067
CONFIRMED,-0.6085295751969155,-0.0559479780175102,0.0,-0.1075083535203745,78.0,805.0,88.98,0.2785319291388797,0.0819102365828875,0.6674002309998698,0.0495152193733475,,0.1629943659338937,1.7751479289940826,2.1483446221182985,Transit,1,1,331.203092,-12.019067
CONFIRMED,-0.608529660581931,-0.0559479780175102,0.0,-0.1075083535203745,78.0,805.0,88.7,0.2785319291388797,0.0819102365828875,0.6674002309998698,0.0495152193733475,,0.1629943659338937,1.7751479289940826,2.1483446221182985,Transit,1,1,331.203092,-12.019067
CONFIRMED,-0.0539401429040107,-0.0559479780175102,0.0,-1.9418796692180087,78.0,805.0,89.55,0.5228499269851348,0.074518250660826,0.5318641987866443,0.0495152193733475,,0.1629943659338937,1.7751479289940826,2.1483446221182985,Transit,1,1,331.203092,-12.019067
CONFIRMED,-0.0539377840006469,0.266183853024629,0.0,-0.1075083535203745,78.0,805.0,88.7,0.3716630471297789,-0.0829879109092549,0.0390058998294608,0.0495152193733475,,0.0999835050193712,1.2815583749839805,1.9802950859533488,Transit,1,1,331.203092,-12.019067
CONFIRMED,-0.0542212508677065,0.4342526344379188,0.0,-0.1075083535203745,78.0,805.0,89.5,0.5385733624900918,0.0534795214980354,0.0390058998294608,-0.848795154619507,0.43,0.0797169762543928,1.1019283746556474,1.9069251784911847,Transit,1,1,331.203092,-12.019067
CONFIRMED,-0.0538127689531678,0.350218243731274,0.0,-0.1075083535203745,190.0,805.0,88.7,1.004228952444588,0.0534795214980354,0.4178907171527951,-0.7547312411123996,,0.0890863728065759,1.1866619200189863,1.942571724714528,Transit,1,1,331.203092,-12.019067
CONFIRMED,-0.9921424834833608,-0.0559479780175102,0.0,-2.213638382654695,78.0,805.0,88.7,0.5228499269851348,0.074518250660826,0.5318641987866443,0.0495152193733475,,0.1629943659338937,1.7751479289940826,2.1483446221182985,Transit,1,1,331.203092,-12.019067
CONFIRMED,-0.9921402395651514,-0.8262632261617562,0.0,-0.1075083535203745,78.0,805.0,88.7,0.3716630471297789,-0.0829879109092549,0.0390058998294608,0.0495152193733475,,0.8488263631567753,5.333333333333333,2.8284271247461903,Transit,1,1,331.203092,-12.019067
CONFIRMED,-0.992131132968623,-0.6231801152873641,0.0,-0.1075083535203745,78.0,805.0,81.8,0.5385733624900918,0.0819102365828875,0.0390058998294608,-0.8958271113730587,0.43,0.499497758659796,3.7452014606285697,2.5891911120126183,Transit,1,1,331.203092,-12.019067
CONFIRMED,-0.9921354591427456,-0.6161772493951436,0.0,-0.1075083535203745,78.0,805.0,89.6,0.5385733624900918,0.0534795214980354,0.0390058998294608,-0.848795154619507,0.43,0.4912189601601708,3.7037037037037033,2.581988897471611,Transit,1,1,331.203092,-12.019067
CONFIRMED,-0.9921510561389252,-0.7282231036706704,0.0,-0.1075083535203745,4895.0,805.0,88.7,1.004228952444588,0.0534795214980354,0.4178907171527951,-0.7547312411123996,,0.6494729871098153,4.461629982153481,2.705008904002297,Transit,1,1,331.203092,-12.019067
CONFIRMED,-0.5736379505843074,-0.0559479780175102,0.0,-0.1075083535203745,78.0,805.0,88.7,0.2011242466529375,-0.0812820680041638,0.0390058998294608,0.0495152193733475,,0.1629943659338937,1.7751479289940826,2.1483446221182985,Transit,1,1,203.7581951,-17.5034961
CONFIRMED,-0.5736378674762256,-0.0559479780175102,0.0,-0.1075083535203745,78.0,805.0,89.0,1.0163239028330164,0.0307349494301537,0.4394532677321723,0.0495152193733475,,0.1629943659338937,1.7751479289940826,2.1483446221182985,Transit,1,1,203.7581951,-17.5034961
CONFIRMED,-0.5736378936609637,-0.0559479780175102,0.0,-0.1075083535203745,78.0,805.0,88.7,1.0163239028330164,0.0307349494301537,0.4394532677321723,0.0495152193733475,,0.1629943659338937,1.7751479289940826,2.1483446221182985,Transit,1,1,203.7581951,-17.5034961
CONFIRMED,-0.5735278198527445,-0.0559479780175102,0.0,-0.1075083535203745,78.0,805.0,88.7,1.1493683571057296,0.0479980796296759,0.821418449423989,-0.2959815349382494,0.09,0.1629943659338937,1.7751479289940826,2.1483446221182985,Transit,1,1,203.7581951,-17.5034961
CONFIRMED,-0.5735957590019418,-0.0559479780175102,0.0,-0.1075083535203745,78.0,805.0,88.7,1.1493683571057296,0.0479980796296759,0.821418449423989,-0.2959815349382494,0.09,0.1629943659338937,1.7751479289940826,2.1483446221182985,Transit,1,1,203.7581951,-17.5034961
CONFIRMED,-0.7992172721734899,-0.0559479780175102,0.0,-0.1075083535203745,78.0,805.0,88.7,1.185653208271015,0.1444578097695623,0.8399006356348834,-0.8958271113730587,0.07,0.1629943659338937,1.7751479289940826,2.1483446221182985,Transit,1,1,342.3858995,-10.6754686
CONFIRMED,-0.7991823610867862,-0.0559479780175102,0.0,-0.1075083535203745,78.0,805.0,88.7,1.1723487628437437,0.1532883898749174,0.8399006356348834,-0.9259745956520852,,0.1629943659338937,1.7751479289940826,2.1483446221182985,Transit,1,1,342.3858995,-10.6754686
CONFIRMED,-0.7992174361127199,-0.0559479780175102,0.0,-0.1075083535203745,78.0,805.0,88.7,0.2011242466529375,-0.0812820680041638,0.0390058998294608,0.0495152193733475,,0.1629943659338937,1.7751479289940826,2.1483446221182985,Transit,1,1,342.3858995,-10.6754686
CONFIRMED,-0.7992173974048462,-0.0559479780175102,0.0,-0.1075083535203745,78.0,805.0,82.0,1.185653208271015,0.1444578097695623,0.8399006356348834,-0.8958271113730587,0.07,0.1629943659338937,1.7751479289940826,2.1483446221182985,Transit,1,1,342.3858995,-10.6754686
CONFIRMED,-0.3111279134407618,-0.0559479780175102,0.0,-0.1075083535203745,78.0,805.0,88.7,0.2011242466529375,-0.0812820680041638,0.0390058998294608,0.0495152193733475,,0.1629943659338937,1.7751479289940826,2.1483446221182985,,2,1,,
CONFIRMED,-0.3111279134407618,-0.0559479780175102,0.0,-0.1075083535203745,78.0,805.0,88.7,0.2011242466529375,-0.0812820680041638,0.0390058998294608,0.0495152193733475,,0.1629943659338937,1.7751479289940826,2.1483446221182985,,2,1,,
CONFIRMED,-0.3111279134407618,-0.0559479780175102,0.0,-0.1075083535203745,78.0,805.0,88.7,0.2011242466529375,-0.0812820680041638,0.0390058998294608,0.0495152193733475,,0.1629943659338937,1.7751479289940826,2.1483446221182985,,2,1,,
CONFIRMED,-0.3111279134407618,-0.0559479780175102,0.0,-0.1075083535203745,78.0,805.0,88.7,0.2011242466529375,-0.0812820680041638,0.0390058998294608,0.0495152193733475,,0.1629943659338937,1.7751479289940826,2.1483446221182985,,2,1,,
CONFIRMED,-0.3111279134407618,-0.0559479780175102,0.0,-0.1075083535203745,78.0,805.0,88.7,0.2011242466529375,-0.0812820680041638,0.0390058998294608,0.0495152193733475,,0.1629943659338937,1.7751479289940826,2.1483446221182985,,2,1,,
CONFIRMED,-0.3111279134407618,-0.0559479780175102,0.0,-0.1075083535203745,78.0,805.0,88.7,0.2011242466529375,-0.0812820680041638,0.0390058998294608,0.0495152193733475,,0.1629943659338937,1.7751479289940826,2.1483446221182985,,2,1,,
CONFIRMED,-0.3111279134407618,-0.0559479780175102,0.0,-0.1075083535203745,78.0,805.0,88.7,0.2011242466529375,-0.0812820680041638,0.0390058998294608,0.0495152193733475,,0.1629943659338937,1.7751479289940826,2.1483446221182985,,2,1,,
CONFIRMED,-0.3111279134407618,-0.0559479780175102,0.0,-0.1075083535203745,78.0,805.0,88.7,0.2011242466529375,-0.0812820680041638,0.0390058998294608,0.0495152193733475,,0.1629943659338937,1.7751479289940826,2.1483446221182985,,2,1,,
CONFIRMED,-0.3988206013760499,-0.4551113338740742,0.0,-0.1075083535203745,69.6,805.0,88.7,-0.4882879254874853,-0.1796523421977523,-0.5524240589191594,0.6562274614941787,-0.47,0.3424557976124969,2.911985245941421,2.431322695419324,Transit,1,1,206.8461979,-6.1393369
CONFIRMED,-0.3111279134407618,-0.6459252136193193,0.0,-0.1075083535203745,12.6807,481.29,88.7,-0.4362796388172428,-0.2070567084680413,0.0390058998294608,1.0783392733573114,,0.527705458903104,3.884906278227726,2.6130062471380886,Transit,1,1,206.8461979,-6.1393369
